class,latitude,longitude,elevation,ndvi,ndwi,slope,TWI,TPI,precip,soil,onlyDistanceWater,distToRoad
1,25.08827736,91.84189308,15,0.5497608,-0.42691335,1.381413,33654.9735,2.938271605,51.454678,4,3.6333334,1086.791888
1,24.9841667,91.70952329,12,0.068101875,0.08431944,1.0231324,45482.05112,0.913580247,54.57589,4,6.733333,333.7243603
1,25.02674512,91.77305471,11,0.38023713,-0.24668458,3.582896,12967.91186,-0.888888889,51.36942,4,70.833336,389.8130748
1,25.16023935,91.81736826,11,0.4837389,-0.2949866,1.3818599,33624.711,-3.024691358,49.728397,4,344.33334,669.3765572
1,25.05217784,91.73925954,12,0.13583368,-0.023903694,3.0684888,15144.05409,2.518518519,50.14763,7,0.3,889.2039208
1,25.13123387,91.83301293,11,0.50771195,-0.39221305,0.92740995,50118.53962,-0.12345679,52.62562,4,39.733334,394.665654
1,25.02454328,91.7708367,12,-0.130677,0.28832093,2.2463086,20700.76027,0.444444444,51.36942,4,74.833336,484.1915312
1,25.11588155,91.76467069,17,0.5097349,-0.3004084,2.7615626,16821.70957,-0.679012346,51.92634,4,88.333336,225.628118
1,25.12713568,91.82107201,12,0.65836155,-0.50075454,0,0,-0.37037037,52.62562,4,9.133333,1370.236254
1,25.0580666,91.77542951,13,0.564434,-0.39149162,2.117818,21952.05289,1.12345679,51.48252,6,0.26666668,1042.828423
1,25.12956782,91.77068023,18,0.3174507,-0.19320922,0.92740995,50119.18814,2.185185185,51.92634,4,61.766666,264.6955463
1,25.02753301,91.78357051,14,0.38580027,-0.238005,0.92740995,50160.09751,1.75308642,51.36942,6,2.8333333,21.7802497
1,25.04134736,91.70937822,11,-0.32852635,0.5127534,1.3811224,33674.66291,0.888888889,49.474915,4,0.8333333,410.0437026
1,25.02267376,91.73214656,16,0.5512512,-0.40588236,2.9621232,15692.5874,2.037037037,49.474915,4,52.866665,30.95882151
1,25.1600324,91.80186196,19,0.5221311,-0.4019365,1.3818582,33624.825,1.987654321,49.728397,4,529.5,80.50730165
1,25.07363614,91.82106526,12,0.47349325,-0.37353188,1.8543341,25070.83099,-1,51.454678,6,6.4333334,202.5927273
1,24.98083189,91.71286697,18,0.6717207,-0.53233546,2.9620037,15698.44103,5.49382716,54.57589,4,0.3,38.54700905
1,25.05168337,91.83001824,14,0.526362,-0.4070907,1.381186,33670.35861,1.135802469,51.454678,6,16.166666,354.8115921
1,25.09189549,91.78761753,15,0.513955,-0.3851333,6.1902485,7482.423831,1.148148148,51.48252,4,19.266666,264.5124637
1,25.02207562,91.7649613,10,-0.08672438,0.23657787,3.8427985,12088.91156,-0.395061728,51.36942,4,25.633333,186.0827768
1,25.05519073,91.74657404,8,-0.26189494,0.45158315,1.0237252,45429.95868,-1.259259259,50.14763,7,0.53333336,1000.002566
1,25.12444061,91.75239184,15,0.27424386,-0.2570238,2.9624166,15678.26976,-0.086419753,51.92634,4,25.366667,9.560478671
1,25.04915832,91.68721014,12,0.004467544,0.0804239,6.874018,6734.27813,1,49.88214,4,0.16666667,185.7589384
1,25.14539249,91.72585659,16,0.50081,-0.40477154,3.8430724,12076.13188,0.308641975,51.416935,4,300.83334,428.1942116
1,25.05328217,91.8103522,9,0.4326399,-0.3137277,2.246747,20691.95906,-2.308641975,51.454678,6,109.36667,655.3676005
1,25.04900614,91.82499583,13,0.13814025,-0.003179981,2.0466905,22717.28579,0,51.375427,4,47.466667,83.7105542
1,25.10384704,91.81561232,10,0.21457087,0.016764272,3.451024,13456.40588,0.456790123,52.62562,6,4.1666665,1595.001315
1,25.02254297,91.82160398,14,0.17395496,-0.16583076,1.3810056,33682.57332,1.074074074,51.375427,6,388.16666,70.86228658
1,25.14769448,91.72749175,16,0.5381378,-0.41304952,3.0708754,15120.72368,1,51.416935,4,255.76666,233.1016333
1,25.05917151,91.74138149,7,-0.20380433,0.37951365,3.58359,12962.02175,-1.802469136,50.14763,7,14.833333,898.3491369
1,25.08472691,91.76196019,15,0.64573085,-0.4607046,1.3813907,33656.4609,2.061728395,51.48252,4,8.666667,319.6003475
1,25.04418203,91.71062662,3,-0.15077895,0.3353292,4.804952,9658.314598,-4.308641975,49.474915,7,6.0333333,441.6424253
1,25.03885095,91.7511226,9,0.37314695,-0.209106,2.7802885,16718.52485,-0.728395062,51.36942,7,108.333336,1353.749971
1,25.09681915,91.81531691,13,0.566689,-0.38319874,0.92740995,50132.26783,0.518518519,51.454678,4,17.666666,1698.834417
1,25.14043837,91.74921744,25,0.19727065,-0.17562869,2.1181502,21934.18793,3.49382716,51.416935,4,10.666667,18.77119598
1,25.02649073,91.81023407,14,0.505747,-0.3305835,2.962135,15692.0193,2.098765432,51.375427,6,256.13333,129.6477735
1,25.06771489,91.78769367,10,0.30224636,-0.2592135,0.92740995,50143.92605,0.135802469,51.48252,4,0.96666664,78.33527404
1,25.09426716,91.72775998,11,0.1892994,-0.03104928,2.1179638,21944.21076,0.172839506,50.14763,4,270,768.381714
1,25.08144211,91.80142841,10,-0.341839,0.53381115,2.117912,21947.01664,1.901234568,51.454678,7,0.13333334,1172.708736
1,24.9887679,91.71319427,9,-0.012941886,0.18135798,0,0,-1.50617284,54.57589,4,36.3,96.38211228
1,25.16496821,91.75800134,15,-0.17303912,0.20081787,2.2484488,20657.83547,-1.24691358,51.694046,7,12.933333,913.0982626
1,25.09796397,91.83361711,15,0.4551485,-0.27695513,0.92740995,50131.83423,1.962962963,51.454678,4,4.1666665,135.2653271
1,25.14518697,91.74737492,20,0.568159,-0.44526702,1.3817666,33631.05213,1.691358025,51.416935,4,7.5,318.8095698
1,25.13097134,91.77898267,15,0.5889806,-0.42508322,2.118112,21936.2402,1.938271605,51.92634,4,184.16667,126.1194921
1,25.03508697,91.82062306,13,0.42844903,-0.3767118,2.760563,16838.68022,-0.24691358,51.375427,6,278.4,500.0023678
1,25.09300041,91.75617259,16,0.1470542,-0.16936432,1.8543341,25066.94366,1.938271605,51.48252,4,50.733334,2.697197583
1,25.00816237,91.78627009,8,0.101110734,0.06835694,3.2040148,14507.30408,-3.074074074,51.36942,4,48.666668,250.264182
1,25.10224259,91.79828615,14,0.12057251,-0.007379724,3.2062602,14486.24706,1.530864198,51.92634,4,7.266667,1631.195188
1,25.06231426,91.73292723,8,-0.07075293,0.28146645,3.5836554,12961.47883,-0.962962963,50.14763,4,18.733334,82.01679024
1,25.16448072,91.82049053,24,0.61413836,-0.4695686,2.9625332,15672.60865,4.530864198,49.728397,4,444.86667,228.530378
1,25.15017376,91.79306913,12,0.26565605,-0.16793494,2.7619865,16814.51355,-1.308641975,51.694046,4,532.56665,637.8955217
1,25.04527424,91.69898841,11,-0.048046492,0.2052017,1.0236417,45437.27694,-1.098765432,49.88214,4,3.6333334,408.5073305
1,25.1051557,91.80209245,13,0.5044076,-0.35692805,1.8543341,25064.51361,0.617283951,52.62562,4,33.933334,1494.845412
1,25.15858943,91.78827185,14,0.6322821,-0.46745616,5.1925097,8925.732669,-2.024691358,51.694046,4,480.53333,215.4380646
1,25.06030178,91.82026287,14,0.5541385,-0.44018525,0.92740995,50146.94618,1.432098765,51.454678,6,11.533334,313.5788688
1,25.02915285,91.85189811,13,0.116845995,0.030345974,2.24638,20699.34584,1.296296296,51.85888,6,572.1667,183.0313087
1,25.15604778,91.82113996,17,0.23939638,-0.22132583,1.8543341,25054.29381,0.839506173,49.728397,4,232.33333,1002.003562
1,25.0579414,91.79203512,10,0.3927095,-0.29746762,1.023746,45428.05245,-1.358024691,51.48252,4,1.2333333,163.8645735
1,25.14953406,91.83892812,12,0.49717948,-0.3597736,0.92740995,50111.18348,1.24691358,52.62562,6,224.33333,354.0920662
1,25.03477906,91.67852064,11,0.48940605,-0.41099045,1.3810812,33677.47368,-2.617283951,49.88214,4,0.033333335,129.1722331
1,25.11346007,91.72132003,10,0.42861757,-0.3186359,0.92740995,50125.67708,-0.8375,51.416935,4,727.5,946.2764842
1,25.08269754,91.84808917,14,0.29386058,-0.16662544,3.0692527,15136.59763,2.888888889,51.454678,4,9.866667,741.6192596
1,25.15080736,91.82848917,14,0.091063276,0.047238223,1.3818011,33628.68462,0.679012346,49.728397,4,147.33333,336.8090669
1,25.02096231,91.72572061,12,0.4395352,-0.36093667,2.7603881,16841.62904,1.012345679,49.474915,4,88.96667,467.3332529
1,25.15258655,91.70545023,15,0.47097108,-0.29604736,2.2482579,20661.6457,-0.802469136,51.59333,4,902.1667,946.9319022
1,25.04861359,91.70444964,9,-0.40082222,0.54255587,2.962198,15688.9205,-1.50617284,49.474915,4,0.033333335,41.42209115
1,25.10492516,91.82763587,11,0.26649174,-0.08649517,2.1180077,21941.86452,-0.185185185,52.62562,4,9.666667,394.627847
1,25.13230594,91.73427159,14,0.5596793,-0.38221753,1.3816855,33636.51052,0,51.416935,4,202.83333,137.9955058
1,25.12159313,91.76705706,16,0.08043328,-0.012964585,5.1909857,8931.027954,0.62962963,51.92634,4,50.566666,40.24182013
1,25.12862908,91.77072644,16,0.48614797,-0.35744986,2.9624295,15677.66015,-0.185185185,51.92634,4,61.633335,290.4879794
1,25.14873285,91.75678676,12,-0.35836592,0.51806355,3.2073739,14475.83376,-1.222222222,51.92634,7,3.3333333,460.3875501
1,25.14810166,91.73292263,10,0.50994444,-0.4069092,1.3817838,33629.83167,-4.953846154,51.416935,4,154.83333,280.6950636
1,25.14143987,91.82479753,9,0.29715014,-0.14493684,1.3817425,33632.65568,0.543209877,52.62562,4,28.866667,29.63564514
1,25.01998554,91.81009332,14,0.42791447,-0.35436186,1.8543341,25081.55792,1.296296296,51.375427,6,153.6,106.989225
1,25.00466703,91.70414517,7,-0.103111334,0.24025267,1.380896,33690.02222,-2.197530864,49.474915,6,0.16666667,80.11300426
1,25.1197632,91.83014782,12,0.36250356,-0.20955375,1.3816078,33641.744,0.827160494,52.62562,4,1.7666667,371.4170992
1,25.05446228,91.68815166,10,0.3718024,-0.19086812,3.205116,14496.98249,-0.62962963,51.524773,4,11.233334,565.851229
1,25.06662018,91.74483427,9,0.03794581,0.14413208,4.1919165,11075.01186,0.049382716,50.14763,4,71.36667,195.1706416
1,25.06583804,91.75665128,10,0.1681464,-0.033617068,1.0238134,45422.13288,-1.172839506,51.48252,4,26.433332,109.6093067
1,25.14701197,91.78975447,17,0.5608266,-0.3900002,1.0244925,45362.57487,2.617283951,51.92634,4,571.86664,394.0526078
1,25.01293116,91.73086189,11,0.07130123,0.105654776,3.2041206,14506.29391,0.12345679,49.474915,4,30.533333,41.1733183
1,25.08374562,91.75498023,13,0.30296776,-0.27258733,4.1924753,11072.00489,0.975308642,51.48252,4,19.866667,6.115276005
1,25.04686422,91.70409428,9,-0.011438503,0.14261502,3.4504616,13464.74711,-1.679012346,49.474915,4,0.33333334,250.466069
1,25.02182468,91.74082925,12,0.064702116,0.06908142,3.2043328,14504.3043,-0.938271605,49.474915,4,27.333334,190.4373953
1,25.14957224,91.82411766,13,0.51242197,-0.332197,2.1181874,21932.19183,1.024691358,52.62562,4,116.166664,328.4163491
1,25.05818328,91.7184697,11,0.52401733,-0.38814467,2.9622252,15687.59561,0.580246914,50.14763,4,34.566666,460.5340519
1,25.10940923,91.8321576,12,0.48184982,-0.35986456,0.92740995,50127.29838,1,52.62562,4,13.633333,65.1963469
1,25.08728579,91.79851202,12,0.26428914,-0.10232386,4.939763,9390.239576,1.839506173,51.48252,4,2.4,769.5431288
1,25.08563129,91.85233003,11,0.6101474,-0.47049928,3.5841544,12957.24321,-0.814814815,50.221912,4,22.833334,580.9488842
1,25.15284236,91.80977628,13,0.23723935,-0.15472639,3.5855958,12945.06593,-0.888888889,49.728397,4,252.83333,742.2741054
1,25.05508966,91.78886431,13,0.27125043,-0.1513833,1.8543341,25074.49964,1.296296296,51.48252,4,3.3333333,588.8801562
1,25.02140304,91.82430106,8,0.1650071,-0.28302872,8.5311575,5413.204647,-3.49382716,51.375427,6,437.23334,34.69090357
1,25.14069667,91.73083214,18,0.3610664,-0.30200386,5.909171,7837.996436,-0.382716049,51.416935,4,200.03334,72.81774653
1,25.03817132,91.71722843,9,-0.08048465,0.27922872,2.2465193,20696.54931,-0.592592593,49.474915,7,0.13333334,439.3677494
1,25.05793854,91.76915287,13,0.38066778,-0.15809903,2.117817,21952.11147,1.308641975,51.48252,4,11.866667,589.9002849
1,25.07183211,91.83771741,10,0.6680124,-0.49355012,2.9622653,15685.66225,-1.555555556,51.454678,4,7.733333,1351.410253
1,25.06305671,91.74005776,13,-0.16304749,0.35615134,0.92740995,50145.86783,3.407407407,50.14763,4,40.666668,459.9834475
1,25.05140043,91.68737369,11,0.5207226,-0.330051,1.0236927,45432.76426,-0.395061728,51.524773,4,2.4,256.8786725
1,25.08750261,91.72667769,8,-0.024549931,0.22837907,1.3814079,33655.3161,-1.567901235,50.14763,4,220.56667,1218.175504
1,25.0535065,91.82391563,14,0.5365212,-0.42340374,0.92740995,50149.64205,0.827160494,51.454678,4,24.066668,174.8076978
1,25.06933622,91.79360659,7,-0.33072913,0.5285557,3.8429034,12084.0083,-1.382716049,51.48252,6,4.0666666,543.9274973
1,25.16163654,91.76024764,24,-0.10833785,0.276808,3.4515967,13447.95548,2.086419753,51.694046,7,9.733334,544.0991054
1,25.14069606,91.83230783,11,0.5567447,-0.42594284,4.1388016,11211.00056,-1.37037037,52.62562,4,56.333332,345.9310632
1,25.03178342,91.74594414,12,0.058229696,0.08072435,2.246418,20698.55118,1.234567901,49.474915,4,161.66667,732.7942794
1,25.08269252,91.82915698,14,0.5728329,-0.43895346,2.1179178,21946.72128,0.851851852,51.454678,4,15.233334,46.96520328
1,25.12773531,91.7818123,11,0.5738729,-0.37938055,2.0480092,22688.37353,-1.296296296,51.92634,4,235.5,520.5287098
1,25.00036262,91.72960064,11,0.5086252,-0.37177896,2.2459464,20708.05769,-0.851851852,49.474915,4,124.166664,194.0859349
1,25.08079375,91.78822062,11,0.07557479,0.050661765,4.738343,9791.855718,0.037037037,51.48252,6,6.6666665,14.46150006
1,25.07818472,91.76952839,10,-0.025522076,0.20320407,2.0471773,22706.60247,0.12345679,51.48252,4,20.4,308.237475
1,25.13075646,91.76805253,16,0.5323866,-0.32809424,1.3816751,33637.19835,0.777777778,51.92634,4,37.5,330.8951687
1,25.10577803,91.83884171,10,0.0850604,0.09160603,0.92740995,50128.70098,-0.209876543,52.62562,4,6.1666665,748.2838982
1,25.02897145,91.72002465,7,0.1536797,0.012376726,2.1177015,21958.35956,-2.135802469,49.474915,4,44.866665,540.864996
1,25.13011101,91.79652281,13,0.33970347,-0.22138779,1.3816717,33637.42932,0.802469136,51.92634,4,309.9,244.39338
1,25.0364321,91.82524361,16,0.6942692,-0.52138025,2.7802885,16718.84785,1.111111111,51.375427,4,220.06667,604.3026993
1,25.10914422,91.79426828,10,-0.29683977,0.44461334,3.2064266,14484.71247,-1.283950617,51.92634,4,34.266666,815.7933969
1,25.12930653,91.82189348,13,-0.01595839,0.13087131,1.3816664,33637.77469,1.407407407,52.62562,4,2.1666667,1324.636035
1,25.00458286,91.71423056,13,0.65971696,-0.50163245,1.3808942,33690.13929,1.049382716,49.474915,4,19.766666,68.81781961
1,25.06434437,91.79651784,12,0.10632742,0.10490859,2.1178439,21950.69973,2.49382716,51.48252,7,0.13333334,596.7828787
1,25.13400418,91.73746242,19,0.4821464,-0.31239137,3.20702,14479.15305,3.320987654,51.416935,4,140.03334,273.3737659
1,25.02269302,91.79814509,14,0.4406679,-0.22478685,4.1904945,11082.66523,1.913580247,51.36942,4,91.36667,598.4672189
1,25.06191769,91.83217359,8,-0.13091399,0.32308987,1.3812495,33666.0576,-2.481481481,51.454678,4,4.8333335,868.0790927
1,25.14491203,91.7260217,15,0.5656972,-0.43989313,2.2481434,20663.94856,-0.37037037,51.416935,4,294.53333,403.0659424
1,25.04496287,91.75469653,10,0.087834135,0.09301797,3.2048903,14499.09704,-0.259259259,51.36942,4,40.966667,1446.982069
1,25.12116479,91.80355612,16,0.5691024,-0.4212843,3.4511945,13453.88246,3.185185185,52.62562,4,218.43333,340.1305984
1,25.11451119,91.8413973,11,0.1943345,-0.09815483,2.247677,20673.28024,-0.345679012,52.62562,4,7.366667,875.3766117
1,25.00951455,91.71221344,9,0.47829947,-0.3715781,2.046038,22731.66496,-1.308641975,49.474915,4,8.033334,44.5507467
1,24.99071905,91.72099055,15,0.34874815,-0.19524926,2.7802885,16724.91325,4,54.57589,6,43.2,178.0804669
1,25.07027579,91.78066424,12,0.13527022,0.011694336,1.3813012,33662.55386,0.765432099,51.48252,6,11.266666,249.7986775
1,25.03433117,91.76006566,11,0.5066168,-0.3485258,0,0,0.308641975,51.36942,6,133.33333,429.6371892
1,25.13878225,91.74904291,20,0.16459054,-0.16755895,2.2480457,20665.87418,-1.62962963,51.416935,4,18.266666,14.97741775
1,25.04317164,91.81344517,11,0.537005,-0.3924816,3.2048438,14499.52582,-2.703703704,51.375427,4,224.26666,246.9417392
1,25.07687473,91.84519947,8,-0.024519706,0.24578802,1.3813424,33659.73855,-1.716049383,51.454678,4,0.96666664,1112.931034
1,25.04307868,91.84306501,13,0.542794,-0.40879545,2.7606623,16836.98684,0.172839506,51.375427,6,161.73334,242.1785017
1,25.13457507,91.76501054,14,0.51987725,-0.31273213,2.2479863,20667.08908,-0.197530864,51.92634,4,30.833334,8.861917314
1,25.02261564,91.77907593,11,-0.19825059,0.3261873,2.9621232,15692.5874,1.345679012,51.36942,6,38.466667,599.9347557
1,25.13851975,91.72734744,13,0.25820374,-0.24320465,2.048186,22684.45467,-1.765432099,51.416935,4,281.66666,284.6209991
1,25.11015456,91.73184438,15,0.4780723,-0.3306676,3.584684,12952.78422,0.012345679,51.416935,4,480,119.6766136
1,25.15726459,91.83495096,13,0.55428123,-0.46434468,1.0245788,45355.02948,-0.197530864,49.728397,4,316.93332,38.3372202
1,25.00926603,91.71596273,9,0.28606537,-0.21443492,2.1176224,21962.62271,-1.839506173,49.474915,4,0.8666667,146.4512545
1,25.12934503,91.78724368,16,0.41352218,-0.24660051,1.8543341,25059.64973,3.518518519,51.92634,4,360.56668,693.6426854
1,25.08888485,91.853079,13,0.55528384,-0.38892373,2.2472878,20681.09911,1.063492063,50.221912,4,30.733334,887.5687609
1,25.12930253,91.84706251,11,0.5126621,-0.39424995,0,0,0.370967742,52.62562,4,60.933334,881.7618671
1,25.03052712,91.85083814,12,0.01366927,0.13266721,3.0679476,15149.33512,0.666666667,51.85888,6,510.96667,310.1866057
1,25.08058944,91.8149423,11,0.47516453,-0.3699152,3.7047918,12534.714,-0.481481481,51.454678,6,2.4666667,1118.026267
1,25.04700916,91.73303901,10,-0.19609898,0.37377515,0,0,0.481481481,49.474915,7,10.833333,197.4657909
1,25.01043295,91.73362268,9,0.4542506,-0.36053902,1.0233521,45462.72748,-2.24691358,49.474915,4,18.966667,340.5568283
1,25.11795089,91.8152743,12,0.40389046,-0.25511566,2.0478463,22691.94076,0.049382716,52.62562,4,100.53333,1544.704063
1,25.07785418,91.80937814,15,0.31286782,-0.1814029,3.4507658,13460.22707,3.024691358,51.454678,4,7.366667,1483.455976
1,25.12554844,91.82588767,11,0.5061597,-0.40506074,4.090724,11344.58894,-0.148148148,52.62562,4,18.733334,977.90638
1,25.00269328,91.73783621,12,-0.30265787,0.42920664,2.2459757,20707.43065,2.397260274,49.474915,4,59.333332,402.8509606
1,25.16402165,91.81100156,20,0.44769058,-0.36482787,4.7384925,9785.020306,0.444444444,49.728397,4,499.26666,217.3473487
1,25.04602275,91.70819409,12,0.4059373,-0.23607038,1.3811516,33672.72023,2.12345679,49.474915,7,0.53333336,414.6088449
1,25.04467761,91.69341053,13,0.29592314,-0.13434966,2.2466164,20694.58719,0.87654321,49.88214,4,2.4666667,43.19024865
1,25.06767286,91.74252869,12,0.45204133,-0.37187472,2.7802885,16714.67899,0.679012346,50.14763,4,72.433334,66.16624919
1,24.97654312,91.70940116,9,0.01918682,0.12116815,3.5818248,12976.9769,-1.740740741,54.57589,4,2.1333334,500.7612071
1,24.99883592,91.71305854,11,0.25045452,-0.09497196,1.023255,45471.24132,0.382716049,54.57589,4,16.666666,586.4346577
1,25.15296836,91.81735923,13,0.5179136,-0.33058533,2.2482665,20661.47813,0.62962963,49.728397,4,190.43333,856.3740098
1,25.14972094,91.72732553,14,0.48002994,-0.3441312,2.1181886,21932.13162,-0.679012346,51.416935,4,247.26666,359.6409603
1,25.02726958,91.68475879,12,0.488606,-0.38562965,0,0,0.098765432,49.88214,4,4.0333333,21.69876122
1,25.15599232,91.79943241,15,0.6627196,-0.466534,3.4515388,13448.79197,-0.259259259,51.694046,4,493.06668,85.69024605
1,25.00079061,91.72499609,11,0.39913222,-0.30566415,1.380872,33691.69074,-0.086419753,49.474915,4,79.76667,243.956259
1,25.03008451,91.75229477,11,0.46883798,-0.3796129,1.381052,33679.41656,1.308641975,51.36942,4,137.13333,530.7163991
1,25.01439883,91.79381058,13,0.59412,-0.46715888,3.067546,15153.27504,-1.604938272,51.36942,4,27.633333,316.6311416
1,25.10465875,91.74381873,14,0.5340893,-0.34884658,3.20632,14485.69502,1.395061728,51.416935,4,293.93332,349.6104607
1,25.16214083,91.84160056,12,0.5008199,-0.32679474,1.0246208,45351.40729,-1.185185185,49.728397,4,524.1667,606.4754932
1,25.10962315,91.74445895,14,0.5242158,-0.3074678,4.488314,10337.37236,-0.62962963,51.416935,6,256.96667,422.9150171
1,25.0562448,91.69062943,10,-0.037064128,0.22904143,1.3812152,33668.41611,-0.518518519,51.524773,4,17.633333,756.7334387
1,25.01268556,91.80733715,12,0.43043268,-0.24403825,2.0460842,22730.61422,-0.987654321,51.375427,6,62.833332,235.1740119
1,25.01666649,91.67918447,10,0.5633697,-0.4522271,1.3809696,33685.04427,-0.679012346,49.88214,4,0.8333333,285.7273002
1,25.05998098,91.81656213,16,0.49263188,-0.3891246,4.1917095,11076.13272,2.913580247,51.454678,6,29.366667,495.5727108
1,24.9872766,91.7080655,12,0.014777771,0.16555202,1.3807881,33697.35269,1.074074074,54.57589,4,11.866667,395.0972039
1,25.07066672,91.77902154,12,0.46152368,-0.34549,0.92740995,50142.84771,-0.456790123,51.48252,4,14.133333,245.5655772
1,25.11884443,91.75257709,18,0.22719234,-0.23691262,4.1936216,11065.86683,2.234567901,51.92634,4,60.833332,120.9360542
1,25.11735173,91.75086716,14,0.26898107,-0.24642856,5.909039,7839.627713,-1.641975309,51.92634,4,86.03333,236.1140613
1,25.03124984,91.78029802,15,0.35448024,-0.23854697,1.8543341,25079.29565,2.654320988,51.36942,4,13.666667,339.6111862
1,25.04761564,91.71330898,9,0.27329436,-0.11906801,1.0236602,45435.57531,-0.049382716,49.474915,7,0.8333333,526.4226738
1,25.08086117,91.85083254,12,0.18025005,-0.04931795,1.3813665,33658.13658,0.074074074,50.221912,4,28.033333,449.4379705
1,25.02665245,91.75199337,9,0.5426287,-0.37530822,2.962135,15692.0193,-2.345679012,51.36942,4,99.63333,258.2021857
1,25.07481909,91.7584405,10,0.17114633,3.56E-04,1.0238876,45415.61364,-0.456790123,51.48252,4,16.033333,41.62684023
1,25.0830552,91.7682991,10,0.46066692,-0.31547323,2.047261,22704.79418,-3.555555556,51.48252,4,5.233333,691.1064166
1,25.01728668,91.80550782,18,0.565574,-0.4410091,2.246199,20702.97334,4.592592593,51.375427,6,79.76667,25.53292301
1,25.07090112,91.84467286,9,0.5348329,-0.44126928,3.4506974,13461.24771,-2.24691358,51.454678,6,3.7666667,942.3830707
1,25.1358553,91.8429383,14,0.60487163,-0.48260716,1.3817079,33635.02085,0.454545455,52.62562,4,120.333336,458.8525109
1,25.05449515,91.78624486,13,0.5862568,-0.43025878,1.3812032,33669.21599,0.098765432,51.48252,6,12.033334,847.2857994
1,25.02860289,91.69680504,6,0.28607595,-0.13846643,4.8047056,9660.016417,-3.185185185,49.88214,4,3.3666666,341.4343103
1,25.13610684,91.83688514,11,0.47420394,-0.28440198,0,0,-1.592592593,52.62562,4,80.13333,35.08017658
1,25.03229055,91.74025165,11,0.4045002,-0.2882271,2.7605286,16839.25199,2.209876543,49.474915,4,110.53333,508.8280542
1,25.17014571,91.81825251,23,0.560468,-0.42947063,1.3819222,33620.50646,-0.654320988,49.728397,4,629.86664,432.039852
1,25.15225275,91.76573025,17,0.13876705,-0.18377884,5.4323735,8529.847015,-1.197530864,51.694046,4,52.833332,85.29789596
1,25.07960579,91.7559416,11,0.16085328,0.002092777,2.1179054,21947.36976,-0.432098765,51.48252,4,10.933333,274.8609965
1,25.04027291,91.75156883,10,0.16790046,-0.011774052,1.3811156,33675.11725,0.567901235,51.36942,7,87,1456.214933
1,25.08480275,91.73629321,10,0.45665458,-0.3064771,2.1179256,21946.26173,-0.962962963,50.14763,4,68.066666,504.3669371
1,24.9927135,91.71560976,13,0.44603783,-0.32049656,1.3808223,33695.0716,1.530864198,54.57589,4,33.666668,429.53628
1,25.04195383,91.82408359,12,0.56785524,-0.43380922,2.0465746,22719.84383,-0.345679012,51.375427,4,129.76666,154.6866379
1,25.02131169,91.73363254,15,0.41011342,-0.21989353,2.7603915,16841.57194,-0.098765432,49.474915,4,35.866665,161.4752149
1,25.05478661,91.68833656,11,0.22083333,-0.029515108,3.2051294,14496.85985,0.074074074,51.524773,4,13.5,618.4379707
1,25.0389862,91.82487847,12,0.39114887,-0.29292515,2.7606108,16837.84443,-0.259259259,51.375427,6,172.03334,363.9075124
1,25.04628977,91.78974231,12,0.55526686,-0.38562602,1.3811533,33672.60321,-2.111111111,51.36942,6,31.2,82.50375913
1,25.10042356,91.81933267,11,0.29621124,-0.05927681,2.7613733,16824.93102,-0.111111111,52.62562,4,1.2,1285.788352
1,25.01894086,91.75893567,10,-0.19512185,0.34186172,0,0,0.12345679,51.36942,7,9.233334,308.1911119
1,25.17662729,91.83682769,22,0.64648,-0.5229624,4.738515,9783.979778,3.845070423,49.728397,4,933.36664,36.08773568
1,25.14547804,91.75733383,18,-0.35386094,0.48751867,5.9091997,7837.653342,-0.148148148,51.92634,4,8.333333,270.0254946
1,25.14807138,91.76503862,16,0.4142056,-0.24236451,4.194571,11060.7509,-3.074074074,51.92634,4,52.933334,126.068046
1,25.13051816,91.777153,16,0.6082107,-0.42861876,2.118111,21936.29877,2.012345679,51.92634,4,150.83333,161.6255398
1,25.10598888,91.8007917,12,-0.14739627,0.30177084,2.761442,16823.75024,0.135802469,52.62562,4,32.333332,1339.326287
1,25.03538985,91.79636643,13,0.22035742,-0.090319924,3.0680726,15148.13175,1.62962963,51.36942,6,65.4,193.7312761
1,25.10236166,91.83893608,8,-0.24648313,0.4369179,0,0,-0.407407407,52.62562,4,3.2333333,705.09038
1,25.09593913,91.73556921,10,0.4083623,-0.23743221,0,0,-1.185185185,50.14763,4,181.63333,579.3603206
1,25.13845711,91.82717613,9,-0.41017964,0.5724362,3.4513652,13451.35837,0.209876543,52.62562,4,16.433332,420.0974875
1,25.01896999,91.71962397,11,-0.44395283,0.5786533,2.1176615,21960.51998,1.679012346,49.474915,4,34.166668,734.6764303
1,25.08396501,91.75764344,19,0.37410194,-0.2860936,5.547545,8356.241401,3.49382716,51.48252,4,11.266666,63.81157883
1,25.05805737,91.72886661,10,-0.24803285,0.4127705,2.0468435,22713.92556,1.012345679,50.14763,4,0.96666664,153.4629504
1,25.06032571,91.73556715,8,-0.10746208,0.2723043,0,0,-0.703703704,50.14763,7,19.533333,402.2178505
1,25.13936899,91.73412817,16,0.49298018,-0.3607975,2.2480543,20665.70502,0.975308642,51.416935,4,149.86667,394.2634075
1,25.04653007,91.69551294,12,0.6396677,-0.46644998,3.7047918,12538.11212,-0.975308642,49.88214,4,3.3666666,98.72732988
1,25.02743015,91.75149534,8,0.51470536,-0.40565038,2.2463548,20699.84503,-2.913580247,51.36942,4,110.7,343.2878634
1,25.03940744,91.67510398,10,0.47685197,-0.4027332,3.0681627,15147.23047,0.625,49.88214,7,0.43333334,219.2879963
1,25.16166863,91.78774456,15,0.6118954,-0.44666556,2.0485773,22675.90566,0.074074074,51.694046,4,465.33334,62.92095044
1,25.07440787,91.77510471,13,0.48335782,-0.35465735,2.1178842,21948.53391,-0.135802469,51.48252,4,13.666667,56.45284397
1,25.02023372,91.80480581,14,0.66102046,-0.49421763,2.9621167,15692.92471,-1.148148148,51.375427,6,104.833336,354.3442584
1,24.97311459,91.7107012,12,0.56381756,-0.4180445,2.1174762,21970.49874,1.133333333,54.57589,4,15,250.0677175
1,25.02819584,91.73195734,13,0.14846256,-0.00123038,2.1176982,21958.5345,2.209876543,49.474915,4,58.466667,384.1617096
1,25.10430868,91.84944309,16,0.6263747,-0.50456715,1.3815112,33648.30252,4.259259259,52.62562,4,11.333333,1778.526397
1,25.00461228,91.6895657,12,0.5190395,-0.40745944,1.3808942,33690.13929,-0.024691358,49.88214,4,0.53333336,428.8440106
1,25.07724709,91.80381194,15,0.16994636,-0.026350398,3.4507604,13460.30621,2.654320988,51.454678,6,2.2666667,1556.705821
1,25.0487628,91.71075142,11,0.14619881,-0.027698634,4.6273675,10030.3169,1.135802469,49.474915,7,0.033333335,306.8782176
1,25.13979979,91.7288075,15,0.54086334,-0.39515865,2.118148,21934.30424,-0.839506173,51.416935,4,246,146.7654799
1,25.11758263,91.82777653,9,-0.05496125,0.23868918,4.1935854,11066.05853,-1.839506173,52.62562,4,2.1666667,527.9671776
1,25.04674376,91.77439821,17,0.3304502,-0.278036,1.3811568,33672.3746,3.148148148,51.36942,6,0.8333333,40.54806032
1,25.07452395,91.74423748,14,0.6271447,-0.45631802,2.2470722,20685.44445,2.444444444,50.14763,4,13.666667,686.2705525
1,25.08817314,91.78586067,16,0.5440509,-0.4434092,6.714379,6893.782874,2.604938272,51.48252,4,5.9333334,60.9229689
1,25.0673845,91.74349591,10,0.37449783,-0.29105517,1.3812822,33663.81331,-0.814814815,50.14763,4,71.066666,112.8128744
1,25.05794039,91.77423177,12,0.20429245,-0.026306797,2.0468388,22714.02633,-0.12345679,51.48252,4,1.1333333,943.6827333
1,25.09503023,91.83497996,13,0.4730742,-0.36947772,3.0695589,15133.58503,0.839506173,51.454678,6,1.0666667,294.2365826
1,25.02359081,91.71124965,12,0.23153739,-0.115972385,5.6400084,8222.340067,1.530864198,49.474915,7,2.7,696.1710183
1,25.11105182,91.82838747,11,0.5454737,-0.40573615,0,0,0.160493827,52.62562,4,8.166667,334.9939528
1,25.11906879,91.80274744,11,0.33037013,-0.17262575,4.1936307,11065.81953,-0.666666667,52.62562,4,188.7,355.209719
1,25.02991027,91.77171605,12,0.39192808,-0.29807153,3.2045252,14502.49737,-0.481481481,51.36942,4,83.46667,156.4803217
1,25.06839547,91.75846897,13,0.24475105,-0.091100335,2.9622548,15686.15666,0.703703704,51.48252,4,43.333332,20.5182814
1,25.09700538,91.81430295,12,0.5797674,-0.45700258,6.163935,7514.3076,-0.790123457,51.454678,4,20.566668,1779.769307
1,25.0491615,91.75511875,9,-0.1677642,0.32261357,1.8543341,25075.68545,-0.061728395,51.36942,4,12.566667,973.4331505
1,25.05568366,91.77442955,13,0.5603702,-0.36144775,3.8428733,12085.42876,1.271604938,51.48252,4,0.26666668,795.4125817
1,25.13002104,91.8145154,14,0.6361739,-0.4942255,2.1181087,21936.41672,-0.061728395,52.62562,4,32.7,635.4968226
1,25.02193611,91.74615006,11,0.36944318,-0.23643836,3.5827951,12968.75062,-0.12345679,49.474915,6,50.566666,159.350494
1,25.17051392,91.84744353,17,0.6930276,-0.5562914,3.585978,12941.83708,0.160493827,49.728397,7,889.6667,210.992492
1,25.02683026,91.83634732,14,0.34473637,-0.21213938,2.0463247,22725.35351,0.555555556,51.375427,4,445.23334,488.4265437
1,25.0751943,91.84087761,12,0.5930375,-0.44290397,2.1178863,21948.36971,0.481481481,51.454678,6,1.0666667,1458.83393
1,25.04623191,91.75334985,8,0.07998015,0.08347384,1.0236509,45436.47658,-0.49382716,51.36942,4,30,1344.573262
1,24.99055447,91.69928065,18,0.46847692,-0.34609658,1.3808086,33695.98613,1.481481481,55.934193,6,11.333333,404.1265627
1,25.10517849,91.83748822,12,0.068514116,0.09405464,2.1180086,21941.80677,1.49382716,52.62562,4,9.733334,606.4166457
1,24.98799467,91.72250961,15,0.24990948,-0.09477503,3.2035313,14511.8319,2.691358025,54.57589,6,22.666666,53.96617636
1,25.05901397,91.70565193,10,-0.022856906,0.16375482,2.9622276,15687.48153,0.222222222,50.14763,4,11.233334,222.3692581
1,25.11336436,91.80572776,12,0.41480145,-0.26595527,4.1382966,11214.81719,-0.197530864,52.62562,4,126.96667,952.0015021
1,24.99873318,91.70720623,7,0.39158154,-0.2782504,2.11758,21964.90048,-2.617283951,54.57589,7,2.1333334,242.191932
1,25.048202,91.75378778,11,-0.08273812,0.2460861,2.246667,20693.54239,1.37037037,51.36942,4,17.633333,1130.075476
1,25.050227,91.7652373,9,0.13589187,0.03919968,4.8050494,9657.640391,-2.222222222,51.48252,4,3.2333333,280.4619062
1,25.02302398,91.83465856,18,0.43488345,-0.3704812,2.7802885,16720.6074,2.185185185,51.375427,6,551.76666,298.0316127
1,24.98939686,91.69043369,12,0.56805784,-0.427575,3.4498956,13473.12126,-1.12345679,55.934193,6,0.8333333,158.3295831
1,25.1658285,91.80726558,22,0.5167868,-0.3790649,5.1102085,9069.737966,1.24691358,49.728397,4,600,8.454810325
1,25.02499998,91.7431075,12,0.036895957,0.13410555,2.9621303,15692.2463,1.925925926,49.474915,4,59.866665,53.13358213
1,25.14893505,91.78186946,19,0.60116047,-0.41827324,3.45147,13449.81604,1.49382716,51.92634,4,336.03333,163.6650189
1,25.14801245,91.75970444,23,0.6301925,-0.47265482,3.5854886,12945.95789,0.901234568,51.92634,4,15,153.8036674
1,25.13790599,91.73293077,16,0.5165401,-0.40632582,5.0567985,9168.099668,0.197530864,51.416935,4,174.96666,288.5134416
1,25.08559204,91.84363247,13,-0.26738155,0.4371512,1.0239782,45407.68458,3,51.454678,4,0.26666668,1260.45233
1,25.00023128,91.71638909,10,0.10978084,0.032931004,1.3808686,33691.91945,0.135802469,49.474915,4,41.633335,284.0260334
1,25.03699178,91.73178754,9,-0.039725736,0.22937639,2.046496,22721.596,-0.716049383,49.474915,7,16.266666,225.2024805
1,25.02950881,91.72376253,10,0.036473356,0.1538132,1.3810486,33679.6452,0.802469136,49.474915,7,31.633333,923.0060563
1,25.05075778,91.80906698,8,0.1312712,0.050665032,0.92740995,50150.7204,-2.135802469,51.454678,6,122.433334,707.8186594
1,25.04263864,91.76427818,9,0.012114435,0.15486492,2.1177554,21955.44007,0.259259259,51.36942,4,29.466667,541.2483555
1,25.05057188,91.69548618,12,0.5570407,-0.41936266,0.92740995,50150.82975,1.086419753,51.524773,4,0.53333336,195.7800095
1,25.01722556,91.73914119,15,0.45262903,-0.34539783,1.3809731,33684.81559,2.320987654,49.474915,7,4.0333333,286.6718054
1,25.14063656,91.82164064,11,0.49848694,-0.362527,4.73845,9786.947705,-1.530864198,52.62562,4,24.166666,317.6421995
1,25.12132584,91.8000059,13,0.0362658,0.13610359,2.1180727,21938.35111,1.407407407,52.62562,4,210.96666,5.412388973
1,25.13787742,91.72347129,24,0.1625148,-0.12164813,2.248033,20666.12417,-0.160493827,51.416935,4,374.46667,510.1974102
1,25.14134261,91.74790159,18,0.5416418,-0.411043,2.2480881,20665.03744,-0.887323944,51.416935,7,10.433333,144.8486281
1,25.09275753,91.75846788,16,0.16938265,-0.055646677,1.3814405,33653.14319,0.469135802,51.48252,4,32.033333,22.34562661
1,25.0623105,91.74957373,7,-9.11E-04,0.205122,2.2468822,20689.24436,-2.567901235,50.14763,4,26.733334,295.1903481
1,25.05908572,91.74326011,11,-0.14453353,0.33924216,0.92740995,50147.48536,2.086419753,50.14763,7,12.333333,910.4563357
1,25.11709117,91.75508981,19,0.6148298,-0.43280193,5.4310055,8534.402504,0.901234568,51.92634,4,65.333336,29.16720044
1,25.05752482,91.84006683,15,0.5674384,-0.43633866,1.381222,33667.88843,1.061728395,51.454678,4,36.3,834.7472514
1,25.15479849,91.71284155,13,0.5250111,-0.32949802,3.8430934,12075.15353,-3.382716049,51.59333,4,626.1667,1441.462604
1,25.03757185,91.68222987,15,0.29164726,-0.24086745,2.0465052,22721.39531,0.382716049,49.88214,4,5.233333,12.88286094
1,25.05413965,91.69236936,9,0.22518362,-0.05531455,4.137202,11223.11039,-0.987654321,51.524773,4,7.5,702.1910891
1,25.10130384,91.75721273,13,0.5436304,-0.3966952,1.8543341,25065.26958,0.209876543,51.92634,4,74.96667,49.64942561
1,25.13388439,91.80570886,12,0.53840053,-0.38580614,1.0243831,45372.22127,-1.148148148,52.62562,4,128.66667,21.21613335
1,25.07496594,91.75188097,17,0.6956731,-0.53801143,2.2470722,20685.4009,2.851851852,51.48252,6,14.166667,383.7058028
1,25.12451381,91.73025334,10,0.3161816,-0.13476238,1.3816371,33639.79473,-0.432098765,51.416935,4,358.83334,260.2537396
1,25.06714684,91.75188142,9,0.53495324,-0.43827292,1.3812805,33663.92741,-2.185185185,51.48252,4,49.333332,127.9892809
1,25.10845603,91.77650465,17,0.61949784,-0.43668562,4.940351,9387.518601,1.197530864,51.92634,4,106.666664,948.4831616
1,25.12259917,91.82933637,13,0.45946565,-0.260251,1.0242876,45380.56548,-0.75308642,52.62562,4,8.133333,551.2108242
1,25.03653486,91.77928478,14,0.53627014,-0.41378647,1.3810933,33676.67365,1.259259259,51.36942,4,40.033333,861.6948863
1,25.12683552,91.7480522,20,0.5696623,-0.41838306,1.0243248,45377.35049,0.432098765,51.416935,4,46.533333,4.524756716
1,25.13355934,91.77085088,14,0.52832085,-0.42825618,2.1181233,21935.65042,-1.185185185,51.92634,4,71.26667,300.8904226
1,25.09970722,91.82057125,11,0.36250338,-0.21525586,2.1179862,21943.03268,-0.296296296,51.454678,4,2.1666667,1155.459902
1,25.01194731,91.77915669,12,0.43898267,-0.32847694,2.0460749,22730.81498,-1.979591837,51.36942,4,141.33333,315.0319536
1,25.09034808,91.78629299,10,0.001401398,0.13966289,3.5842555,12956.40228,-2.395061728,51.48252,4,10.833333,69.44565537
1,25.01392923,91.78442801,11,0.42461947,-0.32647988,4.1364584,11228.72794,-1.765432099,51.36942,6,88.333336,772.4288804
1,25.12358054,91.85240685,12,0.34570393,-0.2592243,1.8543341,25060.78463,-0.407407407,51.193287,4,40.833332,1595.605825
1,25.08084357,91.84494452,10,-0.002768159,0.18287496,1.3813665,33658.13658,-1.197530864,51.454678,4,6,1046.28088
1,25.03562859,91.78725613,14,0.09782863,0.050101,4.1909175,11080.40078,2.296296296,51.36942,4,15.533334,335.337859
1,25.04438998,91.70707814,8,-0.20729291,0.39921898,2.117763,21955.03079,-0.160493827,49.474915,7,2.8333333,562.0804382
1,25.03404688,91.73739305,11,0.5452667,-0.44155347,1.3810778,33677.70485,0.987654321,49.474915,7,67.26667,273.9898318
1,25.09613466,91.77493326,12,0.2766625,-0.104136854,0.92740995,50132.59209,0.641975309,51.48252,4,3.6333334,13.44694335
1,25.16874236,91.83485653,14,0.7085621,-0.5495674,2.048694,22673.33956,-0.728395062,49.728397,4,622.13336,158.7179506
1,25.03510851,91.73307109,12,-0.088082805,0.26451603,2.9621599,15690.80844,3.086419753,49.474915,7,27,141.2956819
1,25.05584884,91.83749029,11,0.31990388,-0.23845536,2.2467852,20691.20601,-0.197530864,51.454678,4,20.833334,899.4084932
1,25.16226394,91.781656,16,0.56732494,-0.42274752,1.381872,33623.90645,0.654320988,51.694046,4,309.33334,1.774237288
1,25.14071451,91.75048805,17,0.21483113,-0.23009901,2.7618692,16816.50034,-0.382716049,51.92634,7,7.8,33.53179095
1,25.00368398,91.72608692,10,0.15125194,-0.021827757,2.2459927,20707.09701,-0.308641975,49.474915,4,65.73333,502.08516
1,24.99405947,91.72650252,11,-0.10363461,0.18033741,3.2036703,14510.51725,0.172839506,54.57589,4,86.433334,106.6389166
1,25.05714046,91.76832615,12,0.43877622,-0.23689187,2.1178136,21952.28804,1.037037037,51.48252,4,7.266667,468.8974092
1,25.05559187,91.81192551,9,0.2401511,-0.068610944,1.8543341,25074.3903,-2.382716049,51.454678,6,92.933334,547.0221933
1,25.02632207,91.72493666,9,0.5449967,-0.4424552,2.246338,20700.17856,-2.024691358,49.474915,4,59.1,874.5445209
1,25.17589911,91.84077047,24,0.625718,-0.49511647,5.057055,9164.839466,2.961538462,49.728397,7,958.1667,82.49694228
1,25.02656086,91.77602655,13,0.51188934,-0.37174013,0.92740995,50160.42177,1.432098765,51.36942,4,41.866665,212.5020133
1,25.00842001,91.69307581,11,0.36901617,-0.2625498,0,0,-0.135802469,49.88214,4,1.6333333,862.8335509
1,25.08051537,91.75363191,13,0.37925205,-0.24031304,2.047219,22705.70048,2.456790123,51.48252,4,7.633333,380.577761
1,25.12787346,91.73426656,12,0.44525158,-0.22336999,0,0,-0.530864198,51.416935,4,253.5,271.6007347
1,25.13773003,91.74315576,16,0.549064,-0.36895698,2.1181402,21934.76535,1.49382716,51.416935,4,52.533333,115.1744297
1,25.03009425,91.79682032,8,0.17625235,0.031814698,3.582967,12967.29143,-3.308641975,51.36942,6,56.066666,397.1874725
1,25.09960177,91.80088411,13,0.3260639,-0.21496607,4.1380444,11216.73574,0.654320988,51.454678,4,17.933332,1558.201226
1,25.01171664,91.74911021,10,0.071373105,0.10520469,1.0233614,45461.82912,-1.185185185,49.474915,6,45.333332,206.2974712
1,25.14663386,91.7263954,18,0.4726632,-0.31394577,2.0483258,22681.43674,2.024691358,51.416935,4,288.83334,371.1606285
1,25.16331459,91.82178156,18,0.53248024,-0.3955626,3.5858228,12943.15452,-0.62962963,49.728397,4,404.96667,333.2285935
1,25.02383178,91.75582053,11,-0.05562926,0.19781947,3.4502344,13468.09495,0.358024691,51.36942,4,47.466667,232.4375191
1,25.10074735,91.77985661,11,0.6829673,-0.5170349,1.3814906,33649.74904,-0.580246914,51.92634,4,34.666668,523.497145
1,25.06402987,91.82161891,10,0.019597027,0.17819801,2.9622428,15686.75893,0.407407407,51.454678,6,1.2333333,39.6259035
1,25.08848999,91.78901884,11,0.42291868,-0.22670852,3.0693989,15135.15842,-2.567901235,51.48252,4,21.666666,72.58698297
1,25.14251321,91.72918436,11,0.32832038,-0.14416896,2.248105,20664.70288,-3.901234568,51.416935,4,226.26666,84.63509502
1,25.019268,91.67807264,12,0.32222173,-0.15804991,1.0234262,45456.21978,-0.012345679,49.88214,4,1.7333333,133.9116677
1,25.16581702,91.82899623,18,0.6695428,-0.5179297,4.8068886,9645.004168,-0.395061728,49.728397,4,493.33334,350.4764909
1,25.11410834,91.75517198,20,0.5614754,-0.4397093,3.4511259,13454.90581,1.654320988,51.92634,6,100.166664,107.5779031
1,25.1298439,91.80733071,10,0.04198775,0.06743977,1.3816699,33637.54626,-1.75308642,52.62562,4,107.86667,250.3694358
1,25.1399854,91.8330156,11,0.43173406,-0.3162645,1.8543341,25057.48549,-1.061728395,52.62562,4,59.366665,274.265837
1,25.05050868,91.83479405,14,0.45338413,-0.31379083,2.7802885,16716.94378,1.604938272,51.454678,4,29.066668,546.2183605
1,25.04737137,91.75344708,7,-0.094579,0.2509542,2.2466583,20693.75533,-2.716049383,51.36942,4,22.533333,1223.326032
1,25.05631672,91.71360763,11,0.35552472,-0.21475357,2.9622204,15687.85681,0.617283951,50.14763,4,14.533334,94.12065702
1,25.05180818,91.78837863,12,0.45510897,-0.22416005,2.046737,22716.28087,0.061728395,51.48252,6,8.133333,643.2794636
1,25.05030136,91.84212623,11,0.4835679,-0.35164383,3.5834,12963.63094,0.222222222,51.454678,6,80.333336,166.8161883
1,25.08523994,91.72873121,10,0.43069613,-0.3030792,1.0239758,45407.88594,-1.543209877,50.14763,4,173.4,914.0818394
1,25.02875086,91.84682559,19,0.6029837,-0.4553312,0.92740995,50159.55833,2.271604938,51.375427,4,493.76666,15.62087315
1,25.12267799,91.79958137,12,0.46307448,-0.33649468,2.7802885,16707.33416,-0.098765432,51.92634,4,234.93333,93.34381392
1,25.08551343,91.81529762,11,0.46609756,-0.3143132,2.247237,20682.10199,-0.333333333,51.454678,4,21.333334,1363.640051
1,25.04820712,91.81643214,12,0.32941815,-0.2381095,1.0236648,45435.17421,-0.209876543,51.375427,4,121.23333,106.377735
1,25.11207425,91.75040025,14,0.55788624,-0.35484943,1.8543341,25063.10912,-0.209876543,51.92634,4,156.06667,106.996834
1,25.12975939,91.74006343,15,0.42798865,-0.2490309,6.1921043,7477.890401,0.888888889,51.416935,4,145.2,219.1670569
1,25.16199276,91.83049591,13,0.58356977,-0.41440305,4.1391993,11208.00687,-3.641975309,49.728397,4,390.03333,126.5634858
1,25.08199345,91.84674456,12,0.5056377,-0.3830748,2.1179144,21946.89619,0.012345679,51.454678,4,10.466666,860.2965484
1,25.03067157,91.74279672,9,0.28909165,-0.17237365,4.8047366,9659.787525,-1.432098765,49.474915,4,129.66667,550.515279
1,25.14165098,91.72137019,40,0.046193123,0.0370155,12.243989,3738.232321,2.296296296,51.416935,4,414.73334,527.4444466
1,25.10304932,91.7981972,11,0.6265119,-0.4428493,2.1179998,21942.27782,-2.086419753,51.92634,4,8.966666,1545.705566
1,25.0670776,91.79548215,10,-0.3194325,0.49932578,4.1919346,11074.91635,0.234567901,51.48252,7,1.1333333,646.6087491
1,25.04589176,91.75948226,6,0.026973313,0.15700088,1.3811516,33672.72023,-3.111111111,51.36942,4,43.766666,1038.312472
1,25.1466043,91.71677482,16,0.43321657,-0.280674,1.8543341,25056.18846,1.49382716,51.416935,4,536.9667,536.5916758
1,25.14557764,91.83368924,11,0.47711444,-0.3288658,4.4894023,10331.89086,-1.358024691,52.62562,4,112.666664,177.867393
1,25.11255956,91.78202757,14,0.45088372,-0.31133157,2.761521,16822.39795,1.172839506,51.92634,4,141.13333,408.0903747
1,25.11320553,91.73253264,13,0.54547983,-0.32848674,0.92740995,50125.78266,-0.827160494,51.416935,4,418.56668,167.2281757
1,25.02114424,91.7136033,11,0.14845252,-0.02608966,3.5827775,12968.89848,1.320987654,49.474915,7,2.7,873.9134216
1,25.17100937,91.74960468,19,-0.11863727,0.316125,1.3819274,33620.16412,0.654320988,51.59333,7,19.233334,1690.982725
1,25.06207413,91.75921606,14,0.5236914,-0.40903655,1.3812513,33665.94312,3.061728395,51.48252,4,5.6666665,134.9907046
1,25.10602711,91.80669834,15,0.13583753,0.052960377,2.7802885,16709.53107,3.950617284,52.62562,4,70.166664,1617.581123
1,25.02993528,91.81279384,10,0.5845162,-0.42694318,4.1907287,11081.40162,-1.481481481,51.375427,6,333.33334,27.87517619
1,25.04913719,91.81521925,14,0.4079244,-0.31567332,3.5833762,12963.82951,2.518518519,51.375427,4,127.53333,58.00931225
1,25.13058221,91.72981967,10,0.43120348,-0.23308851,2.247923,20668.34135,-1.950617284,51.416935,4,303.46667,155.5908824
1,25.0629473,91.71448968,12,0.30759677,-0.23191857,1.8543341,25072.9349,0.62962963,50.14763,4,49.666668,144.260558
1,25.09616413,91.8300612,11,0.45610183,-0.36197546,2.2473977,20678.88444,0.938271605,51.454678,4,0.53333336,204.895747
1,25.05962335,91.72868405,10,-0.37484276,0.49962246,3.450585,13462.9045,-0.148148148,50.14763,4,3.3666666,235.545437
1,25.04499362,91.77162831,12,0.25222963,-0.16218314,3.4504426,13465.02418,-0.283950617,51.36942,4,3,94.34742564
1,25.10178274,91.78707487,12,0.5906634,-0.4175643,2.2474823,20677.16866,-0.148148148,51.92634,4,26.966667,981.3913149
1,25.12154855,91.82157686,12,0.29350787,-0.17187135,4.6273675,10024.48703,0.728395062,52.62562,4,39.533333,1231.591347
1,25.13385283,91.82580394,10,-0.36877063,0.48197648,0.92740995,50117.45751,1.086419753,52.62562,4,1.7666667,856.4559337
1,25.0284523,91.75401733,10,0.5478767,-0.42808717,0,0,-1.814814815,51.36942,4,104.333336,290.9877756
1,25.05147966,91.82774348,11,-0.033137355,0.20605662,1.3811842,33670.47563,-0.518518519,51.454678,6,20.333334,136.3133792
1,25.11021041,91.72112591,12,0.5262963,-0.38439184,1.8543341,25063.48805,1.12345679,51.416935,4,739.26666,966.1003314
1,25.01631084,91.74412199,14,0.5694369,-0.4418174,0.92740995,50164.5127,0.543209877,49.474915,4,12.333333,343.0892767
1,25.06337958,91.75442834,12,0.4845171,-0.4013003,3.0687664,15141.3465,0.061728395,51.48252,4,15.366667,114.1360204
1,25.08995939,91.75441854,12,0.37469813,-0.26193684,1.8543341,25067.53751,-0.765432099,51.48252,4,55.266666,143.7674537
1,25.09265537,91.74222662,9,0.59106266,-0.4285739,5.189816,8935.112198,-1.333333333,50.14763,4,88.833336,239.36391
1,25.10274995,91.73197148,12,0.414345,-0.245102,2.2474992,20676.83392,0.234567901,51.416935,4,354.83334,71.77468341
1,25.13694915,91.81302546,15,0.54340833,-0.33573416,0.92740995,50116.26981,0.604938272,52.62562,4,48.333332,208.1396178
1,25.05283776,91.72186085,8,-0.14945567,0.3236125,2.7607822,16834.95191,-0.790123457,50.14763,4,2.7333333,211.3593569
1,25.04531736,91.69413228,13,0.56865895,-0.4544529,1.3811464,33673.06297,0.50617284,49.88214,4,2.1666667,82.30054559
1,25.07561603,91.80168385,9,0.01041992,0.20556109,4.192214,11073.41278,-2.012345679,51.454678,4,6.5333333,1465.696221
1,25.03015819,91.81207654,10,0.33071238,-0.13236299,5.1872563,8944.007639,-1.234567901,51.375427,6,313.66666,36.12345329
1,25.13603396,91.8338569,10,0.635227,-0.4779922,3.4513433,13451.70516,-2.456790123,52.62562,4,48.966667,260.1950997
1,25.0828933,91.82173396,13,0.6765004,-0.5117634,2.117919,21946.66106,0.530864198,51.454678,4,24.166666,648.5179481
1,25.12970093,91.82036802,12,0.30672804,-0.18527019,3.8430371,12077.75593,0.469135802,52.62562,4,4.1666665,1151.633083
1,25.08356938,91.73687312,11,0.4601014,-0.34087384,2.2472074,20682.73054,-0.802469136,50.14763,4,57.233334,395.8825612
1,25.02686278,91.76123063,10,0.35596964,-0.20050618,2.0463247,22725.35351,-2.049382716,51.36942,4,61.633335,315.1879219
1,25.09314055,91.77061508,10,0.11450891,0.007606423,1.3814423,33652.95535,-1.320987654,51.48252,4,0.53333336,127.5317649
1,25.04798364,91.8320909,13,0.48876634,-0.33898568,5.18798,8941.485087,0.740740741,51.375427,4,43.733334,419.7587057
1,25.01776338,91.788755,14,0.47246835,-0.36189836,5.64,8222.740791,-0.716049383,51.36942,6,65.666664,492.2714828
1,25.04275672,91.79366744,15,0.5673037,-0.45235807,1.3811309,33674.09155,-0.074074074,51.36942,4,62.833332,300.9809876
1,25.08418945,91.78737179,14,0.5015142,-0.3399182,0.92740995,50137.34285,-0.197530864,51.48252,6,12.866667,189.0250382
1,25.11663936,91.81613464,11,-0.022602322,0.16303398,1.0242387,45384.88565,-0.790123457,52.62562,4,87.53333,1663.142318
1,25.05995182,91.78845074,13,0.34143135,-0.16477597,2.1178257,21951.64364,1.24691358,51.48252,4,2.0333333,347.2825823
1,25.05775596,91.81753081,12,0.6020296,-0.46426147,3.4505684,13463.14194,-0.790123457,51.454678,6,33.9,250.4090747
1,25.12496677,91.73559765,13,0.50289035,-0.3063714,1.8543341,25060.51505,0.913580247,51.416935,4,233.76666,264.5787916
1,25.09552657,91.76809447,15,0.51860243,-0.3867431,2.7613113,16825.96229,1.888888889,51.48252,4,2.7,43.54692841
1,25.03788625,91.78294596,15,0.5383411,-0.41350415,4.190998,11079.97206,1.395061728,51.36942,6,34.033333,791.3057768
1,25.06983833,91.79822389,11,0.08306327,0.07850821,1.3812977,33662.78495,0.24691358,51.48252,4,12.033334,998.5345681
1,25.13184854,91.74928684,17,0.25707674,-0.23421757,2.7617588,16818.37174,-0.654320988,51.416935,4,35.766666,167.2718161
1,25.17359993,91.8443088,19,0.5863398,-0.45288754,3.4517155,13446.21272,1.518518519,49.728397,4,927.76666,192.8601257
1,25.01984954,91.7066323,13,0.54484165,-0.44650087,2.1176648,21960.34338,1.62962963,49.474915,7,1.7333333,399.958484
1,25.06890601,91.80374038,11,-0.1729064,0.32889244,0.92740995,50143.49245,0.481481481,51.454678,4,17.066668,1462.513595
1,25.11261868,91.81502301,10,-0.03735856,0.22957686,4.4883986,10336.93225,-1.259259259,52.62562,4,50.7,1704.22183
1,25.09332832,91.8182053,17,0.61316866,-0.4721796,0.92740995,50133.67043,4.407407407,51.454678,4,34.266666,1358.158206
1,25.02438214,91.80663497,14,0.50147104,-0.31848904,2.7604325,16840.88716,1.975308642,51.375427,6,179.73334,200.4548998
1,25.09345019,91.74771638,12,0.30774638,-0.11035268,2.962327,15682.63255,-0.37037037,50.14763,4,84.96667,148.9603876
1,25.15009638,91.71819818,15,0.34420586,-0.19238386,1.8543341,25055.48338,0.481481481,51.59333,4,472.43332,942.0131459
1,25.16037493,91.80437862,14,0.42679667,-0.34255582,8.193694,5633.16215,-3.024691358,49.728397,4,492.03333,114.4539473
1,25.09145435,91.75956257,14,-0.37491128,0.45968497,5.807859,7978.81939,-1.592592593,51.48252,4,22.833334,35.73201871
1,25.07366262,91.79919896,7,-0.3127678,0.4295875,0.92740995,50141.55067,-1.691358025,51.48252,4,17.4,1256.30486
1,24.99263156,91.69452058,10,0.30615646,-0.1799348,1.3808223,33695.0716,-0.617283951,55.934193,6,16.033333,114.5365727
1,25.04764259,91.81978159,12,0.5337723,-0.39510426,0,0,-0.209876543,51.375427,6,94.566666,395.3929874
1,25.14739134,91.74954735,22,0.27401543,-0.11834643,1.0244949,45362.37371,2.259259259,51.416935,4,2.7333333,65.09686527
1,25.0717378,91.77310043,12,0.3512901,-0.22685103,3.205528,14493.11995,-0.111111111,51.48252,6,32.166668,233.7884971
1,25.14943292,91.77760387,18,0.5790162,-0.4030098,0,0,0.62962963,51.92634,7,236.83333,116.282116
1,25.07739944,91.84066207,9,0.034070607,0.17057286,1.0239085,45413.80705,-1.641975309,51.454678,4,2.1666667,1324.159825
1,25.15649773,91.81463234,14,0.38981768,-0.19867766,2.762066,16813.15781,1.234567901,49.728397,4,277.13333,1087.521199
1,25.04535826,91.7565057,13,0.08531319,0.085324205,4.1912413,11078.66057,1.740740741,51.36942,4,39,1282.069328
1,25.08689913,91.76696032,8,0.26980272,-0.12129111,1.8543341,25068.13135,-3.160493827,51.48252,4,4.1666665,586.0237185
1,25.08476415,91.74492758,8,-0.046206318,0.17317955,2.1179256,21946.26173,-3.604938272,50.14763,4,14.733334,144.0722555
1,25.1041986,91.83072288,13,0.52476734,-0.38719666,1.0241339,45394.03026,1.407407407,52.62562,4,22.966667,81.71962741
1,24.98878208,91.70216136,12,0.6184084,-0.46952125,2.2457697,20711.59807,0.111111111,54.57589,4,8.166667,151.3812262
1,25.10249967,91.8297935,11,0.1601166,-0.019168474,1.3815008,33648.99053,0.296296296,52.62562,4,14.833333,210.7756668
1,25.09038986,91.77862969,11,0.22298898,-0.06451097,4.192701,11070.81101,0.901234568,51.48252,4,0.33333334,82.97892565
1,25.0759603,91.79113307,11,0.27736628,-0.1486423,3.205628,14492.16824,-1.320987654,51.48252,4,3.2333333,507.4419281
1,25.16611954,91.75508163,19,0.3775036,-0.28477934,5.810574,7970.30021,0.395061728,51.694046,7,14.733334,1242.237461
1,25.08730391,91.84397574,9,0.16930115,0.016780127,0,0,-0.543209877,51.454678,4,0.26666668,1319.024774
1,25.11353929,91.73814686,18,0.47534087,-0.38005066,3.7047918,12531.39224,1.432098765,51.416935,4,293.66666,224.0256126
1,25.05375884,91.81796856,12,0.51949966,-0.4169798,2.2467556,20691.79125,-1.160493827,51.454678,4,62.033333,66.68291557
1,25.02951315,91.73509528,13,0.5221336,-0.4329079,2.0463662,22724.40388,2.271604938,49.474915,4,70.833336,77.19169339
1,25.06543517,91.80682152,9,0.021441493,0.13194294,2.2469327,20688.24336,-0.901234568,51.454678,4,26.433332,1501.414245
1,25.12706668,91.84008386,13,0.62895244,-0.49489722,2.2478719,20669.39094,1.432098765,52.62562,4,22.966667,335.774633
1,25.09006598,91.75603547,13,0.4528181,-0.35642853,3.4508867,13458.44977,-1.407407407,51.48252,4,52.866665,71.15361423
1,25.03242102,91.75184495,8,-0.003020607,0.14190508,5.8057094,7985.554688,-1.679012346,51.36942,4,177.36667,769.6523528
1,25.06685826,91.79641831,7,-0.38809723,0.56116617,2.760954,16832.02032,-2.938271605,51.48252,7,2.2666667,706.8929435
1,25.08249358,91.73534048,8,0.48079178,-0.32990524,3.7047918,12534.52454,-2.185185185,50.14763,4,67.86667,311.5333279
1,25.01722338,91.69919383,5,-0.203897,0.3867596,5.5444856,8365.340994,-4.222222222,49.88214,7,0.3,338.9188879
1,25.03576862,91.82663286,13,0.6009048,-0.46470925,1.381088,33677.01932,-0.481481481,51.375427,4,225.23334,624.0023285
1,25.03739925,91.75015622,10,0.22264014,-0.07886834,1.3810984,33676.33342,0.296296296,51.36942,7,128.26666,1293.080133
1,25.05408361,91.75062301,10,-0.14932528,0.2782837,2.2467597,20691.70877,1.049382716,51.48252,7,0.033333335,748.8511702
1,25.15372084,91.79581566,16,0.67642015,-0.50902855,1.3818202,33627.42323,-0.49382716,51.694046,4,529.5,228.7383689
1,25.16519199,91.79120203,14,-0.18727684,0.35263702,1.3818893,33622.68871,0.345679012,51.694046,4,584.06665,263.3596612
1,25.16186689,91.78592985,13,0.60692286,-0.47873834,3.7047918,12526.55098,-1.962962963,51.694046,4,412.33334,132.3960529
1,25.10140287,91.77933126,10,0.70871484,-0.54577154,4.0899277,11348.98364,-0.456790123,51.92634,4,40.966667,591.1430558
1,25.17256019,91.83934549,17,0.5807393,-0.47173735,1.3819377,33619.474,0.222222222,49.728397,7,816.86664,259.9467569
1,25.06617757,91.77908649,11,0.19826473,-0.02474729,0,0,-0.851851852,51.48252,4,5.4666667,716.6547483
1,25.09313195,91.75540495,12,0.37017643,-0.31466305,8.01934,5760.398975,-1.716049383,51.48252,4,58.933334,75.30817493
1,25.11523394,91.7285695,18,0.63964194,-0.4729876,2.0477998,22692.94629,3.580246914,51.416935,4,482.43332,217.7160544
1,25.01127191,91.70739714,15,-0.2770497,0.4154756,2.2461104,20704.76673,3.888888889,49.474915,4,9.133333,192.1775041
1,25.14602076,91.77426876,15,0.54807794,-0.38993728,3.5854528,12946.28315,-0.37037037,51.92634,4,186.13333,151.8847832
1,25.03928639,91.69561068,13,0.3129314,-0.21587071,2.7802885,16718.45321,1.913580247,49.88214,6,3.4666667,603.7318184
1,25.03147278,91.73396238,11,0.29010397,-0.19493566,3.204565,14502.1293,1.296296296,49.474915,4,49.666668,76.94099467
1,25.08701404,91.78415802,10,0.22208437,-0.12661557,0.92740995,50136.26073,-1.308641975,51.48252,4,1.6666666,137.6415671
1,25.14415846,91.7283166,14,0.5238576,-0.3351556,5.8097725,7972.819509,-0.172839506,51.416935,4,240.96666,161.5149144
1,25.0804183,91.8441116,8,-0.030134039,0.21425536,0.92740995,50138.8548,-3.024691358,51.454678,4,3.5333333,1128.925667
1,25.1008771,91.72668235,9,-0.01487417,0.15004937,1.3814923,33649.63498,-0.172839506,51.416935,4,400.56668,38.68706186
1,25.10673672,91.74630745,14,0.59244895,-0.44619817,1.3815267,33647.27198,0.037037037,51.416935,4,282.66666,222.3055252
1,25.07041738,91.74678948,11,0.37578544,-0.23016275,2.0470521,22709.36158,-1.901234568,50.14763,6,34.266666,282.3278594
1,24.99599794,91.70008585,10,0.5770352,-0.47117195,5.426281,8550.14859,-0.320987654,54.57589,4,4.0666666,10.10369634
1,25.16491742,91.7528766,17,0.11085832,-0.104803056,0.92740995,50105.01126,0.283950617,51.694046,7,4.5666666,1089.37455
1,25.12180332,91.77480699,19,0.54330283,-0.36048016,2.2477872,20671.06258,2.555555556,51.92634,4,132.96666,125.4024911
1,25.16565906,91.81964615,17,0.55494946,-0.44606605,0,0,-0.469135802,49.728397,4,478.56668,89.98580953
1,25.12661454,91.80480878,14,0.23358937,-0.08507371,2.2478635,20669.55793,0.098765432,52.62562,4,161.33333,145.4155747
1,25.0139141,91.7334808,5,0.32819068,-0.1754586,1.3809525,33686.18474,-5.185185185,49.474915,6,13.333333,57.69227768
1,25.16427827,91.80811192,19,0.44985408,-0.34067413,2.2484405,20658.00237,-0.679012346,49.728397,7,541.5,63.03218421
1,25.05638223,91.72793554,14,0.31202316,-0.25169215,4.486698,10345.52044,3.395061728,50.14763,4,0.26666668,225.5778744
1,25.01373135,91.79131784,13,0.5724337,-0.4515526,1.3809508,33686.29889,-1.567901235,51.36942,4,32.533333,385.6145604
1,25.01797499,91.75624043,7,0.03929158,0.10451942,3.2042468,14505.13082,-3.234567901,51.36942,7,15.366667,255.4311081
1,25.11729036,91.84479021,22,-0.209816,0.42704627,4.1935678,11066.1527,7.987654321,52.62562,4,0.16666667,1131.674562
1,25.06198249,91.73052309,9,-0.14169441,0.33771053,3.4506097,13462.54637,-0.864197531,50.14763,4,13.466666,143.4976239
1,25.13114671,91.82466454,8,-0.4356971,0.54243356,2.2479312,20668.17592,-0.987654321,52.62562,7,0.6666667,1147.922518
1,25.0476169,91.70501066,14,-0.6182967,0.6921499,2.1177754,21954.33601,1.950617284,49.474915,4,0.13333334,162.8395847
1,25.15676292,91.70512236,20,0.6252146,-0.46119004,4.941675,9381.365746,0.984615385,51.59333,7,907.63336,1402.597806
1,25.07558668,91.75500003,12,0.37715885,-0.23531967,4.8054504,9654.878392,-0.172839506,51.48252,4,21.866667,241.9663075
1,25.02738037,91.69682379,10,0.20477957,-0.045966744,3.7047918,12540.02468,0.62962963,49.88214,4,1.2333333,252.9311832
1,25.13382291,91.79129883,8,-0.110850535,0.29289198,3.0705335,15124.07518,-3.345679012,51.92634,4,449.06668,330.3252104
1,25.04151132,91.84371115,12,0.48482466,-0.35120004,4.229731,10977.83852,-0.333333333,51.375427,6,193.63333,128.8833209
1,25.15373473,91.84612816,11,-0.057883546,0.23584014,1.8543341,25054.72741,-0.320987654,49.728397,4,422.16666,1106.525819
1,25.15169587,91.81676581,13,0.30851063,-0.14910881,2.0484095,22679.57759,0.716049383,49.728397,4,170.46666,741.8337535
1,25.11956619,91.73506554,10,0.56678605,-0.42331085,0.92740995,50123.18859,-1.604938272,51.416935,4,280.83334,170.7366206
1,25.07230726,91.73588134,9,0.10356337,0.06423431,3.4507139,13461.00928,-1.345679012,50.14763,4,79.63333,660.3530068
1,25.11953322,91.74591378,20,0.51349026,-0.39033812,1.8543341,25061.59528,1.62962963,51.416935,4,110.166664,198.5111008
1,24.99820725,91.71743723,11,-0.11591851,0.2575509,4.1897135,11086.87997,0.098765432,54.57589,4,45.333332,404.509205
1,25.14924692,91.71731291,16,0.481893,-0.34376624,1.3817908,33629.37487,1.604938272,51.416935,4,500.83334,839.3706221
1,25.14167438,91.77301591,14,0.6597019,-0.5103122,0.92740995,50114.32049,-0.75308642,51.92634,4,160.33333,250.525925
1,25.03959631,91.82572979,12,0.46404365,-0.33779413,3.5831687,12965.58488,-0.24691358,51.375427,4,159.26666,267.57822
1,25.09004865,91.81517971,10,0.10693175,0.056128282,2.1179469,21945.14219,-0.283950617,51.454678,4,32.666668,1538.987458
1,25.17257351,91.8361977,15,0.47243878,-0.2759958,2.118282,21927.13508,-2.160493827,49.728397,7,774.4667,106.4948643
1,25.01916358,91.7502582,11,0.006563024,0.18027297,1.3809851,33684.01544,-0.679012346,51.36942,4,62.566666,129.9374718
1,25.10491169,91.83912859,10,0.11594923,0.10427871,2.9623606,15681.00119,0.197530864,52.62562,4,4.1666665,764.6414621
1,25.05790987,91.7682978,12,-0.05143745,0.2072831,2.9622245,15687.63243,0.962962963,51.48252,4,10.166667,536.6554412
1,25.04826977,91.73114032,10,-0.13912475,0.3070452,0.92740995,50151.79875,0.271604938,49.474915,7,5.633333,41.39820702
1,25.04320184,91.74452636,7,0.06209405,0.12316438,3.5832517,12964.89401,-2.777777778,49.474915,7,43.8,1183.160811
1,25.03029755,91.83650073,11,-0.18986396,0.3238868,1.3810537,33679.30495,-0.765432099,51.375427,4,353.36667,490.5575728
1,25.1301281,91.81982648,11,0.47686058,-0.3383362,2.9624329,15677.4738,-0.49382716,52.62562,4,5.3333335,1089.871851
1,25.02041185,91.71833454,7,-0.41738504,0.5588795,2.2462454,20702.01067,-0.654320988,49.474915,7,24.6,916.4366986
1,25.02142586,91.69144034,12,-0.02721918,0.10373049,1.0234424,45454.72057,1.061728395,49.88214,4,0.13333334,589.1200725
1,25.07421866,91.84761878,11,-0.28646588,0.438546,8.414378,5487.133626,0.172839506,51.454678,4,4.5666666,1075.462573
1,25.15732964,91.81838308,15,0.48160142,-0.2838296,2.0485027,22677.51567,0.407407407,49.728397,4,270.16666,999.5335935
1,25.01921332,91.69290252,9,0.508687,-0.43582648,1.3809868,33683.90129,-1.345679012,49.88214,4,2.4666667,650.8069001
1,25.1435221,91.76249446,18,0.46742982,-0.38653278,2.2481222,20664.36613,-0.098765432,51.92634,4,43.333332,285.8674911
1,25.05573336,91.77112607,11,0.037059464,0.14455654,0.92740995,50148.77862,-0.12345679,51.48252,4,6.4666667,544.6416655
1,25.06498874,91.82132892,11,0.24934302,-0.1242748,0,0,0.456790123,51.454678,6,1.7666667,47.78652672
1,25.07873247,91.75700738,11,0.14734365,0.02913081,1.0239202,45412.80044,-0.666666667,51.48252,4,7.733333,178.7583138
1,25.15021598,91.76668683,21,0.20510891,-0.15673074,4.1389823,11209.63808,2.222222222,51.694046,4,65.066666,53.29321007
1,25.16026101,91.83498251,13,0.6570125,-0.51179504,2.762114,16812.35563,0.49382716,49.728397,4,385.5,238.6124724
1,25.0259454,91.83534185,13,0.48815972,-0.31967863,4.2296085,10979.50217,-0.333333333,51.375427,6,464.83334,410.7543098
1,25.0321119,91.68940832,11,0.45770788,-0.3422307,0.92740995,50158.26507,-1.617283951,49.88214,4,9.933333,416.6185811
1,25.08115345,91.77076677,12,0.07848694,0.09633369,2.117911,21947.07275,0.209876543,51.48252,4,5.766667,633.9327796
1,24.98956176,91.70009518,18,0.68205386,-0.49917316,3.0669298,15159.31623,1.444444444,54.57589,4,8.666667,342.7570282
1,25.11075535,91.79569216,9,0.2293027,-0.071097575,2.7615006,16822.77613,-1.12345679,51.92634,4,48.666668,676.2639108
1,25.16570476,91.84518871,14,0.36889333,-0.2469197,2.7621799,16811.22834,1.013513514,49.728397,4,685.36664,524.3532232
1,25.11673671,91.72507869,11,0.60524255,-0.40732324,1.3815888,33643.07627,0.345679012,51.416935,4,564.8333,573.6591645
1,25.12781182,91.80182826,14,0.51932913,-0.33753115,1.8543341,25059.91932,1.851851852,52.62562,4,207.26666,188.0685507
1,25.05494567,91.76824215,11,0.45877674,-0.31945917,3.8428714,12085.51292,1.222222222,51.48252,4,2.4,292.6213693
1,25.12495845,91.83611488,10,0.0640367,0.11831734,1.0243084,45378.7603,-2.185185185,52.62562,4,8.833333,9.082478231
1,25.17731607,91.75498081,21,0.14989844,-0.15836859,3.4517512,13445.66629,1.12,51.694046,7,88.333336,2181.645403
1,25.1671411,91.79107844,12,0.27924323,-0.12422063,3.071364,15115.96166,-3.628571429,51.694046,4,585.86664,402.0064633
1,25.08511113,91.76545781,12,0.5531398,-0.44955686,4.1377716,11218.78288,0.320987654,51.48252,4,13.333333,639.144159
1,25.08838393,91.82042607,12,0.60785127,-0.47120282,0.92740995,50135.72156,-1.086419753,51.454678,4,40.666668,993.2728208
1,25.11956892,91.78486926,18,0.50319165,-0.3167874,4.1384153,11213.93756,3.814814815,51.92634,4,213.66667,413.2863398
1,25.05823573,91.7434262,10,-0.28836137,0.4478014,2.2468188,20690.49631,1.024691358,50.14763,7,8.666667,979.7268011
1,25.01189599,91.75816069,11,-0.15544465,0.28173003,2.1176312,21962.10692,0.475409836,51.36942,4,10.433333,357.730574
1,25.06871946,91.75979032,15,0.44293243,-0.2390419,0.92740995,50143.6018,2.296296296,51.48252,4,45.933334,103.4447719
1,25.06751585,91.8211815,13,0.49297372,-0.38365436,3.0688705,15140.3112,0.185185185,51.454678,4,6.9333334,45.44980074
1,24.97587527,91.71194165,8,-0.13584304,0.276289,0.92740995,50180.65399,-1.734375,54.57589,4,5.1,290.9540697
1,25.09398667,91.72033004,10,0.018759962,0.09667405,0.92740995,50133.45552,0.172839506,50.14763,6,426.96667,796.6461065
1,25.12816678,91.78951987,11,0.6365024,-0.47709882,1.0243365,45376.34471,-1.296296296,51.92634,4,365.66666,453.6043465
1,25.09568784,91.76031932,14,0.52129817,-0.42221794,5.43016,8537.211516,-0.49382716,51.48252,4,23.233334,127.7861683
1,25.03543566,91.71317189,9,-0.06401327,0.25501585,1.0235605,45444.39673,0.234567901,49.474915,7,6.4333334,72.1174207
1,25.03538881,91.7578973,9,-0.13918352,0.2920801,1.3810863,33677.13345,-0.234567901,51.36942,4,141.33333,647.3186995
1,25.03615886,91.83471941,12,0.46019584,-0.35291842,1.3810898,33676.90481,-0.419753086,51.375427,6,218.96666,152.8638776
1,25.16118947,91.80849628,16,0.54570436,-0.35660124,3.0712173,15117.40365,-0.209876543,49.728397,4,450.83334,353.613443
1,25.06244328,91.76990433,13,0.64922625,-0.44057325,4.1917906,11075.7029,1.938271605,51.48252,4,26.933332,906.0959887
1,25.15524816,91.80968552,15,0.5771819,-0.42885742,2.118211,21930.95215,1.098765432,49.728397,4,298.73334,814.7571903
1,25.09920774,91.74933231,16,0.6504229,-0.4683407,6.190603,7481.556731,3.617283951,50.14763,4,155.73334,135.9915657
1,24.99254415,91.71925321,12,0.07091603,0.04730588,0,0,1.432098765,54.57589,4,62.166668,369.213846
1,25.0641145,91.76437497,11,0.4637822,-0.35647807,0.92740995,50145.43423,-0.75308642,51.48252,4,21.766666,379.8766966
1,25.12094317,91.84771139,14,0.59876335,-0.4857143,1.0242735,45381.77601,2.185185185,52.62562,4,8.066667,1250.634855
1,25.11120371,91.84369409,11,0.619894,-0.5033293,2.2476263,20674.28277,-1.222222222,52.62562,4,17.666666,1195.432612
1,24.99764916,91.70651281,11,-0.058718074,0.21859002,0,0,1.296296296,54.57589,7,0.53333336,204.242056
1,24.99430786,91.68777013,10,0.6044144,-0.4122062,1.8543341,25086.67065,-1.147540984,55.934193,6,11.266666,349.0967062
1,25.12327783,91.77222626,18,0.5083088,-0.33723506,1.0242945,45379.9655,0.197530864,51.92634,4,92.066666,196.4673797
1,25.06150984,91.78824188,15,0.26060945,-0.23778126,1.3812461,33666.28871,3.074074074,51.48252,4,2.7,290.0295459
1,25.10149485,91.75842413,13,0.26125458,-0.259543,2.9623508,15681.49296,0.617283951,51.92634,4,68.333336,40.04708307
1,24.99906703,91.73230697,12,0.13681938,-2.71E-04,2.9620562,15695.87301,1.160493827,54.57589,6,121.666664,130.8161547
1,25.15511085,91.75760411,17,-0.30947232,0.46737087,6.1933618,7474.842823,-0.086419753,51.694046,7,3,805.1932509
1,25.13159309,91.74340799,22,0.41532055,-0.33116013,3.7047918,12529.58148,3.543209877,51.416935,4,95.26667,156.6528228
1,25.02960162,91.7009172,13,0.40504396,-0.32799837,0.92740995,50159.23407,2.419753086,49.474915,7,2.0333333,715.9293606
1,25.04687026,91.78429607,16,0.54195213,-0.39440376,2.9621933,15689.1817,1.814814815,51.36942,6,18.733334,77.83074695
1,25.03718415,91.69759327,8,0.0649789,0.12157774,2.117734,21956.60686,-0.716049383,49.88214,7,11.633333,913.3194455
1,25.01296843,91.8057978,13,0.46285027,-0.29112282,3.5825999,12970.40589,0.530864198,51.375427,6,50.266666,71.67381232
1,25.11456318,91.76196267,13,-0.22786304,0.33845842,6.544139,7073.255907,-2.888888889,51.92634,6,93.46667,225.1012823
1,25.06822677,91.77421762,9,0.33624247,-0.16856736,2.246971,20687.44689,-2.456790123,51.48252,4,31.633333,589.6859934
1,25.12684659,91.73840292,16,0.5001851,-0.31362417,0.92740995,50120.27026,1.790123457,51.416935,4,176.13333,24.82716915
1,25.1558967,91.71229712,20,0.4919466,-0.3034322,0.92740995,50108.58564,3.259259259,51.59333,4,644.0333,1533.579829
1,25.06003045,91.79665344,12,-0.06629412,0.17972437,3.0686831,15142.1495,0.172839506,51.48252,4,5.6666665,355.7360859
1,25.12834256,91.75519072,15,0.48626938,-0.36131728,3.0703943,15125.44847,-1.271604938,51.92634,4,4.1666665,140.2328681
1,25.15615438,91.82007074,18,0.5009144,-0.3902688,2.1182146,21930.72531,1.925925926,49.728397,4,240.83333,1043.273111
1,25.07180736,91.84148919,11,0.6225156,-0.42761388,1.8543341,25071.15525,-1.148148148,51.454678,6,0.43333334,1148.428867
1,24.99398021,91.70390074,13,0.49644265,-0.3906256,2.2458453,20710.05683,1.839506173,54.57589,4,1.2333333,68.16974497
1,25.13404969,91.78710676,15,0.49981055,-0.3426009,0.92740995,50117.35193,1.802469136,51.92634,4,372.56668,232.0600825
1,24.99225067,91.68555091,9,0.675514,-0.51387453,3.2036304,14510.91497,-2.481481481,55.934193,6,2.7,277.2473829
1,25.04268948,91.73272604,10,-0.34391838,0.50194716,0.92740995,50153.95545,0.987654321,49.474915,7,34.566666,22.94129309
1,25.07513961,91.7740295,14,0.4674625,-0.34995016,4.1375866,11220.17978,0.271604938,51.48252,4,17.366667,46.52125217
1,25.0525111,91.72125912,9,-0.15144598,0.34450325,0.92740995,50150.07566,-0.111111111,50.14763,4,2.6666667,216.9788518
1,24.98225805,91.71944245,8,0.42684075,-0.26986355,1.0231162,45483.45552,-3.469135802,54.57589,4,0.8333333,58.86053866
1,25.08678203,91.76113334,17,-0.2007263,0.30190685,0.92740995,50136.37008,3.037037037,51.48252,4,17.633333,343.1180056
1,25.03934228,91.79736858,12,0.59309596,-0.42021593,3.2047508,14500.38451,-0.111111111,51.36942,4,102.46667,228.3188035
1,25.13613208,91.78157754,14,0.44647598,-0.26997885,2.0481489,22685.30728,0.259259259,51.92634,4,252.16667,106.8472799
1,25.11756924,91.75587652,19,0.5558964,-0.3585118,4.488559,10336.13802,1.641975309,51.92634,4,57.366665,126.7237899
1,25.07660621,91.73572467,11,0.41311198,-0.28769746,3.450755,13460.38534,0.814814815,50.14763,4,64.333336,302.7788237
1,25.07972302,91.77399321,10,0.009350709,0.16495393,1.0239295,45411.99865,-1.740740741,51.48252,6,9.666667,510.5227022
1,24.99640208,91.70304902,11,0.3016602,-0.2081268,3.2037299,14509.96649,1.716049383,54.57589,4,0.033333335,102.072124
1,25.11899843,91.79921454,9,0.20999803,-0.012484281,3.4511755,13454.18977,-3.308641975,51.92634,4,168.33333,48.52801816
1,25.06768586,91.80137378,10,0.13757627,0.07330452,2.117856,21950.00748,0.481481481,51.454678,4,6.1666665,1199.260321
1,25.15245431,91.84438608,14,0.52921927,-0.33875433,0.92740995,50109.99202,0.530864198,49.728397,4,360.56668,908.8881239
1,25.02940457,91.80752048,13,0.55775183,-0.4296881,2.0463662,22724.45341,0.172839506,51.375427,6,218.7,343.7011177
1,25.0992409,91.82415944,11,0.05051495,0.11067692,2.9623437,15681.83401,-1.197530864,51.454678,4,3.4666667,806.5426418
1,24.99942492,91.70907285,8,0.18122669,-0.061150752,4.229395,10982.392,-0.543209877,54.57589,4,4.9666667,427.9107378
1,25.03498948,91.79975296,13,0.5170038,-0.33648226,2.962159,15690.84771,1.728395062,51.36942,6,102.166664,266.7021172
1,25.11848092,91.80795469,13,0.66100657,-0.48755893,2.0478556,22691.74035,0.037037037,52.62562,4,166.73334,846.8240955
1,25.1176537,91.73579851,14,0.6463299,-0.4883287,3.5848446,12951.41977,1.790123457,51.416935,6,288.66666,310.8690179
1,25.07564586,91.81699834,11,0.41706732,-0.33964586,1.3813338,33660.30973,-1.530864198,51.454678,4,13.133333,674.2318737
1,24.99233252,91.69264505,12,0.33713725,-0.22178228,3.7047918,12543.52366,1.827160494,55.934193,6,10.666667,53.53293387
1,25.05777738,91.7268133,9,0.34356698,-0.26649874,2.2468145,20690.57943,-1.50617284,50.14763,4,1.7333333,357.0286615
1,25.02662897,91.78446936,10,0.45784086,-0.33549562,0,0,-1.320987654,51.36942,6,3.6333334,55.72263558
1,25.16383152,91.81332642,15,0.46155566,-0.30620965,2.0486147,22675.09853,0.024691358,49.728397,4,466.26666,273.5657134
1,25.10589885,91.82467998,9,0.06949452,0.052527387,2.962363,15680.88712,-2.148148148,52.62562,4,6.6666665,680.5715495
1,25.02562538,91.69327787,13,-0.09179641,0.22275257,4.2296042,10979.56039,2.469135802,49.88214,7,0.43333334,125.3844029
1,25.02163935,91.73598344,14,0.08020944,0.051140517,5.547545,8360.393293,-0.24691358,49.474915,4,30.166666,47.02916753
1,25.04726471,91.75245893,7,-0.15235111,0.30631092,3.20495,14498.54562,-1.555555556,51.36942,4,22.033333,1266.03101
1,25.05297802,91.70910358,9,0.5364323,-0.43265226,2.2467427,20692.04218,-0.296296296,50.14763,4,1.5,143.5844412
1,25.07473821,91.78764722,11,-0.01931662,0.1788459,1.3813287,33660.65237,0.530864198,51.48252,6,0.6666667,334.9576449
1,25.0805151,91.80906726,9,0.057650328,0.04139246,1.0239364,45411.39825,-1.740740741,51.454678,4,6,1645.381895
1,25.05032051,91.75814319,12,0.17407317,-0.001256286,5.428396,8543.09026,2.259259259,51.48252,4,14.166667,759.7210041
1,25.15367002,91.83536413,15,0.5221831,-0.41828838,2.7620313,16813.76836,1.679012346,49.728397,4,247.06667,20.85334412
1,25.13137954,91.72239727,14,0.5300133,-0.31752652,1.3816803,33636.85589,0.827160494,51.416935,4,461.66666,180.6293396
1,25.16467489,91.83666177,14,0.6513089,-0.4985942,3.4516273,13447.51652,-0.950617284,49.728397,4,520.86664,293.8524016
1,25.15665444,91.76399767,20,-0.19355229,0.35431972,2.2483215,20660.34653,-2.691358025,51.694046,7,34.033333,135.8773481
1,25.10704365,91.80445474,13,0.33329675,-0.20742092,4.8059497,9651.459124,1.37037037,52.62562,4,62.4,1427.753418
1,25.08023385,91.73896078,10,0.5012924,-0.3783166,1.3813632,33658.36222,-0.814814815,50.14763,4,32.166668,8.053675297
1,25.14213633,91.77889008,16,0.5686707,-0.38126487,2.118158,21933.77469,2.197530864,51.92634,4,257.66666,328.4218768
1,25.05697132,91.74603811,9,-0.14737242,0.35370016,2.7802885,16716.08034,0.679012346,50.14763,7,4.0666666,962.7639645
1,25.14432952,91.78241224,11,0.6160594,-0.4545775,2.1181672,21933.30123,-3.209876543,51.92634,4,354.83334,181.8962459
1,25.00205438,91.73281856,11,-0.052853424,0.200886,1.3808805,33691.12208,-1.296296296,49.474915,7,82.166664,197.8399509
1,25.10588189,91.79467153,10,0.37517783,-0.18154152,2.118011,21941.68798,-1.567901235,51.92634,4,13.333333,1177.656501
1,25.08299167,91.75740189,21,0.51934046,-0.4212945,2.117919,21946.66106,4.617283951,51.48252,4,8.133333,53.55353655
1,25.0256899,91.83105954,12,0.36800662,-0.21754974,1.3810263,33681.20175,-1.148148148,51.375427,6,464.13333,16.43067092
1,25.13257806,91.84040741,12,0.18848173,-0.015168616,2.2479525,20667.75828,0.851851852,52.62562,4,70.166664,373.5052318
1,25.05890563,91.78594441,12,0.5219869,-0.40785676,4.2298717,10975.93798,0.234567901,51.48252,4,2.7,641.7313208
1,25.05375801,91.71678942,15,0.40416977,-0.31392357,2.2467556,20691.79125,4.617283951,50.14763,4,9.633333,60.75414803
1,25.05903564,91.70093152,15,0.48145887,-0.31687465,4.938985,9393.848904,-0.566666667,50.14763,4,32.833332,618.1584571
1,25.00845012,91.73759226,8,0.04203202,0.0633648,4.2294683,10981.39923,-2.086419753,49.474915,6,14.166667,774.9517799
1,25.14200877,91.77510223,14,0.55732226,-0.41915163,5.510997,8408.106787,0.975308642,51.92634,4,192.83333,31.40708566
1,25.13016335,91.72813493,14,0.42500874,-0.23216061,2.2479143,20668.51053,0.605263158,51.416935,4,343.73334,316.2740492
1,25.04106235,91.83071482,22,0.6972881,-0.5250109,4.1369605,11224.925,2.802469136,51.375427,4,124.03333,44.74008602
1,25.1349841,91.8058696,12,0.55654305,-0.3732594,2.2479906,20667.00449,-0.580246914,52.62562,4,130.26666,132.1668685
1,25.01264422,91.73662916,12,-0.028877508,0.13898428,2.0460842,22730.61422,1.358024691,49.474915,4,3.5333333,369.0054569
1,25.09880695,91.74111063,15,0.51241374,-0.37270316,4.0898347,11349.48667,2.296296296,50.14763,4,185.66667,43.71051454
1,25.02686999,91.82698349,21,0.63987386,-0.49183393,4.4858084,10350.00514,4.111111111,51.375427,6,438,224.8871189
1,25.04994114,91.7254394,8,-0.40458372,0.51455253,4.2298,10976.90331,-1.037037037,50.14763,7,0.13333334,359.2268563
1,25.05905744,91.75657714,11,0.35600954,-0.20231046,2.9622276,15687.48153,0.234567901,51.48252,4,0.56666666,41.50617187
1,25.14450313,91.72451508,11,0.34959584,-0.3209573,0.92740995,50113.23837,-4.666666667,51.416935,4,326.73334,540.5040742
1,25.09244802,91.8161901,13,0.4968601,-0.38980362,3.206027,14488.45786,1.580246914,51.454678,4,45.9,1513.715576
1,25.15858701,91.75702088,16,-0.2953256,0.4641351,1.8543341,25053.75275,0.283950617,51.694046,7,1.0666667,810.6604061
1,25.00222572,91.71701493,11,-0.030924587,0.13679686,1.3808805,33691.05118,0.098765432,49.474915,4,32.333332,38.6937956
1,25.02587148,91.71809002,11,0.52028275,-0.42038465,0.92740995,50160.74225,0.037037037,49.474915,7,32.166668,502.50622
1,25.05170204,91.73767471,7,-0.17457752,0.35192332,2.9622068,15688.50215,-1.641975309,50.14763,7,0.53333336,739.2733208
1,25.07711924,91.84127598,10,-0.024421241,0.224468,2.0471587,22707.00528,0.012345679,51.454678,4,1.1333333,1410.650906
1,25.01346888,91.75828158,9,0.020282239,0.14324784,1.3809491,33686.41051,-0.765432099,51.36942,7,5.6666665,536.9951547
1,25.01617953,91.7616563,11,-0.07876595,0.23092397,2.0461442,22729.3124,0.555555556,51.36942,7,0.33333334,153.2857951
1,25.12560047,91.78378952,11,0.5763432,-0.3882901,3.20682,14481.02656,-1.444444444,51.92634,4,280.06668,802.2414581
1,25.01335412,91.7810831,15,0.5041752,-0.3923916,2.24614,20704.13758,1.696202532,51.36942,4,124.566666,553.4110066
1,25.01739353,91.68313659,10,0.348691,-0.2525441,0.92740995,50164.08287,-0.320987654,49.88214,4,0.33333334,365.3976841
1,25.04415214,91.83461433,14,0.6248035,-0.45432305,2.2466078,20694.75502,-0.283950617,51.375427,4,88.96667,110.0311156
1,25.05719286,91.75354771,12,0.49420336,-0.3971604,0,0,1.197530864,51.48252,4,0.6666667,305.174851
1,25.12571478,91.81180854,17,0.5718024,-0.41870144,2.9624207,15678.07962,4.172839506,52.62562,4,72.13333,810.3373547
1,25.01996363,91.80337003,14,0.57163584,-0.43516406,2.962116,15692.96271,-2.172839506,51.375427,6,92.833336,394.3933589
1,25.02502134,91.72536066,12,-0.2997471,0.42923436,0.92740995,50161.06651,1.679012346,49.474915,4,73.666664,752.4114821
1,25.00980345,91.69735939,12,-0.04194942,0.2615311,2.9620872,15694.36261,1.172839506,49.88214,7,2.1666667,961.9444714
1,25.14398497,91.74682001,17,0.3235894,-0.28261423,1.0244693,45364.68295,-0.432098765,51.416935,4,9.766666,396.4126576
1,25.11230184,91.79153613,10,0.43086916,-0.31518266,4.138276,11214.96911,-0.740740741,51.92634,4,69.333336,422.0674859
1,25.11660075,91.74762172,11,0.44213223,-0.2712187,0,0,-2.938271605,51.416935,4,123.333336,100.9876672
1,25.12680353,91.77297734,17,0.6003815,-0.44624004,2.047995,22688.67628,1.691358025,51.92634,4,87.9,111.8132822
1,25.00375431,91.69055746,13,0.59431607,-0.47715807,3.203902,14508.3446,1.728395062,49.88214,4,0.13333334,514.6488309
1,24.99918107,91.70908776,6,0.21246308,-0.07586534,3.5823097,12972.87869,-2.827160494,54.57589,4,4.3333335,429.9413972
1,25.08284254,91.77254213,12,0.17512296,0.005528509,0.92740995,50137.88203,1.271604938,51.48252,4,0.96666664,852.6701543
1,25.11516342,91.72317798,11,0.40938738,-0.2567126,2.1180491,21939.63716,0.604938272,51.416935,4,639.76666,760.580044
1,25.11328872,91.74384415,15,0.56553966,-0.3522861,1.8543341,25062.83953,-0.987654321,51.416935,4,209.06667,344.0027599
1,24.99304663,91.68671648,12,0.63956946,-0.48489693,5.185754,8949.263663,0.765432099,55.934193,6,5.1,284.8135961
1,25.08706784,91.77072511,11,-0.08921519,0.24721642,1.3814044,33655.54463,1.086419753,51.48252,7,0.3,759.2970741
1,25.01456315,91.68613396,12,0.58754027,-0.4623976,3.2041605,14505.92683,1.111111111,49.88214,7,1.2333333,515.9451513
1,25.13353951,91.78941857,14,0.38001016,-0.1587617,1.3816941,33635.93963,0.938271605,51.92634,4,427.76666,331.7990139
1,25.02820033,91.71751974,9,0.38844267,-0.30606225,8.230766,5613.362266,-1.037037037,49.474915,7,29.066668,310.1653909
1,25.12937715,91.78838155,12,0.21168628,-0.05440482,2.2479017,20668.76055,-0.333333333,51.92634,4,388.83334,585.0668594
1,25.15381406,91.8440996,15,0.5973565,-0.45319647,1.0245508,45357.5463,1.641975309,49.728397,4,380.03333,889.7082401
1,25.02288667,91.76400989,11,-0.0845626,0.21284911,3.582813,12968.60287,1.259259259,51.36942,7,28.266666,320.5251458
1,25.09923806,91.72822558,13,0.2758764,-0.14073339,4.192981,11069.3059,2.901234568,50.14763,4,340.83334,231.7998437
1,25.06070741,91.73639706,7,-0.28551224,0.42806137,2.760882,16833.25734,-1.49382716,50.14763,7,23.366667,463.0810943
1,25.15897108,91.84022517,12,0.53338987,-0.39664754,2.1182258,21930.13559,-0.950617284,49.728397,4,422.66666,607.0591679
1,25.11368835,91.79416685,11,0.35049215,-0.18785997,1.8543341,25062.78486,-0.160493827,51.92634,4,80.166664,316.1580522
1,25.00031373,91.71664905,10,0.11069488,0.03769168,2.0458808,22735.11906,0.209876543,49.474915,4,43.8,269.5595227
1,25.04510094,91.79308618,12,0.09141327,0.050114617,0.92740995,50152.98644,-0.777777778,51.36942,6,39.066666,32.1594278
1,25.07279834,91.80930654,12,0.524524,-0.39244956,1.0238713,45417.12029,0.172839506,51.454678,4,25.733334,1290.937942
1,25.16316676,91.83163322,13,0.5803553,-0.38792473,4.738491,9785.087334,-1.148148148,49.728397,4,433.33334,309.1556678
1,25.14496636,91.838489,11,0.5665197,-0.44986218,0.92740995,50113.02346,-0.234567901,52.62562,6,158.83333,282.9294791
1,25.12438187,91.82203737,14,0.60196006,-0.49547023,0,0,0.975308642,52.62562,4,21.366667,1308.169214
1,25.09813987,91.81076939,12,0.38960275,-0.18773262,7.19109,6431.906836,1.086419753,51.454678,4,34.666668,2141.709494
1,25.16188985,91.7912558,13,0.42266068,-0.22886594,1.0246185,45351.60653,0.358024691,51.694046,4,573.6667,11.95857091
1,25.03108025,91.73641265,8,0.26800564,-0.08671783,0.92740995,50158.58933,-1.641975309,49.474915,4,72.53333,123.2716648
1,25.05193671,91.72342997,7,-0.17293231,0.36934218,2.1177933,21953.39619,-0.691358025,50.14763,4,0.96666664,345.1276464
1,25.05811455,91.75971632,11,-0.42655754,0.5279742,1.3812255,33667.65984,0.950617284,51.48252,4,0.033333335,62.95213921
1,25.15457021,91.79460023,20,0.5260124,-0.42724404,5.1923504,8926.296763,2.901234568,51.694046,4,572.3333,143.5282784
1,25.11156543,91.81940701,12,0.5678444,-0.41335946,0,0,0.098765432,52.62562,4,34.266666,1231.068
1,25.1447883,91.79005293,15,0.55271035,-0.39195868,2.048298,22682.03942,2.172839506,51.92634,4,547.5,393.5587773
1,25.10027133,91.73712066,13,0.5583819,-0.34379363,2.0475488,22698.47114,1,51.416935,4,240.66667,110.4365648
1,25.11956342,91.76082756,20,0.63763,-0.45445523,3.451181,13454.10964,-1.135802469,51.92634,6,37.5,140.5008393
1,25.05547454,91.70328223,11,0.4524308,-0.34090126,2.7608166,16834.38025,0.049382716,50.14763,4,8.7,182.9833402
1,25.04072804,91.76411533,9,0.08568952,0.047091197,3.0681973,15146.89664,-0.049382716,51.36942,4,42.733334,486.3935689
1,24.98987684,91.68610537,11,0.4125989,-0.32454345,4.7381806,9799.285066,0.555555556,55.934193,4,0.06666667,41.43635357
1,25.08858533,91.80267656,12,-0.26614025,0.47734037,2.7612252,16827.43039,1.333333333,51.454678,4,2.1666667,1203.257472
1,25.00786403,91.73869641,10,-0.084400766,0.18953009,2.1176157,21962.97427,-0.518518519,49.474915,6,17.666666,826.4658876
1,25.03204393,91.83841042,13,-0.13637646,0.23718898,2.2464223,20698.46648,0.469135802,51.375427,6,325.13333,446.969227
1,25.03586965,91.84429359,12,0.53414154,-0.44232485,2.7802885,16718.91949,-0.395061728,51.375427,6,298.73334,273.9661309
1,25.14773857,91.83601654,13,0.27543887,-0.22564153,3.5854826,12946.00772,0.975308642,52.62562,4,160.66667,47.98570502
1,25.02152979,91.78065697,12,-0.14070351,0.3269985,1.3809988,33683.03026,2.148148148,51.36942,4,37.666668,730.7981017
1,25.10566954,91.76757331,12,0.54029834,-0.36092043,2.2475417,20675.99832,-3.24691358,51.92634,4,70.53333,77.4425193
1,25.0839645,91.78419931,14,0.47025415,-0.3226357,5.5453997,8359.494381,-0.12345679,51.48252,4,2.8333333,196.9241748
1,25.13630376,91.78284523,13,0.5440834,-0.35736927,4.6273675,10023.29708,-0.654320988,51.92634,4,282.43332,96.69768446
1,25.14480544,91.8274663,15,0.58127844,-0.42996317,3.8430712,12076.18834,0.592592593,52.62562,4,66.3,96.69949678
1,25.08633677,91.80495459,6,-0.007345225,0.24641529,6.875155,6731.154871,-2.777777778,51.454678,4,0.13333334,1422.544642
1,25.10710418,91.80417713,9,0.381196,-0.28392467,2.7614558,16823.52161,-2.75308642,52.62562,4,61.666668,1388.568943
1,25.14139153,91.75595555,16,0.07058677,-0.04479417,2.2480881,20665.03744,-1.518518519,51.92634,7,11.266666,288.6582411
1,25.12322641,91.82678217,12,0.51729536,-0.41898993,0.92740995,50121.78598,0.358024691,52.62562,4,18.566668,799.7166721
1,25.058586,91.74973447,9,-0.16905533,0.3523169,4.4867654,10345.16488,0.333333333,50.14763,4,8.033334,547.0390747
1,25.07067995,91.77182891,11,0.38013035,-0.25366014,1.3813046,33662.3253,-0.925925926,51.48252,4,45.366665,360.226761
1,25.17437861,91.84150855,20,0.7149707,-0.5688192,3.7047918,12525.30579,1.987654321,49.728397,7,909.6667,242.0530121
1,25.14372889,91.80096724,12,0.49319628,-0.34852025,0.92740995,50113.45706,-0.925925926,52.62562,4,269.36667,470.0471292
1,25.06740143,91.74152795,10,0.5508068,-0.4628322,3.8428986,12084.23141,-1.185185185,50.14763,4,79.23333,75.96536924
1,25.04094643,91.70635726,10,-0.05527294,0.24885412,0.92740995,50154.70954,0.975308642,49.474915,7,0.6,686.7081475
1,25.08349724,91.79252525,15,0.3873265,-0.25722694,4.7383475,9791.635223,2.037037037,51.48252,4,20.866667,245.5310776
1,25.07283069,91.84082231,13,0.66767794,-0.4713458,2.0470893,22708.55759,0.382716049,51.454678,4,0.6,1264.189507
1,25.0753187,91.79622078,11,0.56757814,-0.37373415,3.069065,15138.40477,-0.419753086,51.48252,4,18.833334,1002.724569
1,24.99912162,91.71135286,11,0.23930925,-0.07537572,2.117581,21964.84271,1.37037037,54.57589,4,10.566667,667.6217012
1,25.06612354,91.80991575,15,0.47214285,-0.28072083,4.1919074,11075.06003,1.666666667,51.454678,6,51.9,1195.29299
1,25.14655537,91.76085334,22,0.35479632,-0.2905415,1.3817753,33630.4784,-0.666666667,51.92634,4,22.966667,10.79584717
1,25.02648233,91.78046134,13,0.08938799,0.09180133,2.2463422,20700.0954,0.790123457,51.36942,4,14.133333,165.8341844
1,25.13406758,91.80238304,11,0.4982235,-0.37463534,3.2070267,14479.09235,-0.679012346,52.62562,4,188.33333,80.16812654
1,25.02519539,91.7393047,10,0.060319018,0.07587964,1.3810228,33681.43294,0.160493827,49.474915,4,56.033333,127.4181707
1,25.12715877,91.81166935,13,0.4515637,-0.338254,0.92740995,50120.16092,-0.37037037,52.62562,4,66.3,675.772339
1,25.01978777,91.73630179,15,0.3965482,-0.20476438,2.246241,20702.13896,0.135802469,49.474915,4,18.033333,67.99231814
1,25.01061833,91.73135807,12,0.44192746,-0.3077795,0,0,1.271604938,49.474915,4,30.933332,180.0782357
1,25.0657257,91.77069486,14,0.6428813,-0.44658843,3.2053819,14494.46876,1.703703704,51.48252,6,40.433334,834.7628745
1,25.07122463,91.77705288,13,0.49564,-0.37760168,2.047066,22709.06119,1.259259259,51.48252,6,15.266666,191.6077202
1,25.0157858,91.79317367,16,0.626899,-0.48125818,2.0461397,22729.4106,-1.086419753,51.36942,4,39.766666,243.2661347
1,24.98730922,91.70575067,11,0.21264791,-0.060243018,2.117533,21967.41356,-0.296296296,54.57589,4,8.033334,177.6835549
1,25.01389311,91.70828815,9,0.35597792,-0.30057165,2.0461073,22730.11278,-1.543209877,49.474915,7,10.933333,70.32729083
1,25.14133811,91.77592319,14,0.4990932,-0.31971282,2.9624658,15675.87819,0.234567901,51.92634,4,198.66667,39.65483792
1,25.11787967,91.83408892,7,-0.30626062,0.525463,5.8088202,7975.804592,-2.790123457,52.62562,4,0.033333335,72.87864882
1,25.13566183,91.745096,20,0.5656025,-0.41822782,0.92740995,50116.69965,0.666666667,51.416935,4,53.933334,12.7927273
1,25.12387821,91.80555975,12,0.29769105,-0.1552333,2.118084,21937.7613,-0.75308642,52.62562,4,165.13333,380.9377449
1,25.0599732,91.81559539,15,0.29994947,-0.14701669,3.2052488,14495.72666,2.62962963,51.454678,6,36.566666,525.5313761
1,25.14905175,91.77697615,15,0.5388914,-0.34328255,6.1650753,7509.779657,-2.111111111,51.92634,7,226.83333,76.58256391
1,25.14602659,91.74665863,16,0.21429203,-0.24918766,6.394652,7238.209168,-2.617283951,51.416935,4,9.766666,356.5022421
1,25.08700255,91.80429823,9,-0.009096799,0.254461,2.2472582,20681.68253,0.148148148,51.454678,4,0.033333335,1367.339101
1,25.02111239,91.78294127,9,-0.054566883,0.2094905,5.4272623,8546.869051,-1.641975309,51.36942,6,32.7,633.3337819
1,25.05231974,91.76221648,11,0.30593896,-0.18149576,1.0236996,45432.16359,-0.074074074,51.48252,4,4.8333335,344.0856137
1,25.15769965,91.79720494,11,0.16321836,0.060590718,0.92740995,50107.93712,-2.444444444,51.694046,4,576.6667,58.00220967
1,25.05250853,91.80733291,13,0.43090677,-0.30925643,2.1177957,21953.27737,0.777777778,51.454678,6,90.833336,797.4077061
1,25.06054159,91.71274427,12,0.46310076,-0.37451595,4.8052125,9656.521868,1.037037037,50.14763,4,25.766666,18.79227203
1,25.03876637,91.72211594,11,-0.02302441,0.22080337,1.3811052,33675.80566,0.037037037,49.474915,7,6.1666665,721.1043791
1,25.11968636,91.74275519,13,0.42552805,-0.25085223,2.7616107,16820.9071,-1.691358025,51.416935,4,150.16667,177.1315026
1,25.1250086,91.77383829,23,0.58656526,-0.43242934,1.3816406,33639.56628,6.234567901,51.92634,4,106.46667,123.2506408
1,25.07143306,91.78767657,13,0.5254469,-0.3575181,0.92740995,50142.52345,0.851851852,51.48252,4,0.8333333,154.9527389
1,25.13491526,91.7385631,22,0.614657,-0.4579911,0.92740995,50117.0239,3.567901235,51.416935,4,116.833336,234.5496547
1,25.0430538,91.79330371,15,0.6874889,-0.51394194,0,0,-0.271604938,51.36942,4,59.633335,270.9232081
1,25.1376308,91.73114006,18,0.6451569,-0.4753301,3.0706313,15123.13654,1.12345679,51.416935,4,210.03334,100.4275779
1,25.14006965,91.72987742,20,0.6103639,-0.44640982,1.3817338,33633.22944,2.913580247,51.416935,4,222.96666,37.41205328
1,25.03299679,91.71482653,9,0.1376488,0.04421498,2.0464265,22723.09977,0.222222222,49.474915,7,9.066667,212.9131463
1,25.05439419,91.74387783,8,0.042186268,0.13632365,1.3812032,33669.21599,-0.37037037,50.14763,7,0.16666667,1282.501428
1,25.05545435,91.81732942,9,0.3866413,-0.2691766,2.962218,15687.9709,-2,51.454678,6,52.433334,3.275187267
1,24.99972969,91.73631953,13,0.38622397,-0.27657643,2.9620578,15695.79692,2.141025641,54.57589,4,96.96667,43.14076325
1,25.05616957,91.81894838,13,0.52865326,-0.40153846,6.1885047,7486.675318,2.308641975,51.454678,4,38.533333,137.6467164
1,24.99336005,91.68691543,8,0.6508034,-0.49768612,5.103051,9095.049768,-3.111111111,55.934193,6,7.0666666,316.9015588
1,25.0732137,91.734042,13,0.5084873,-0.4080872,4.088984,11354.17902,1.696969697,50.14763,6,96.166664,686.8765535
1,25.12420001,91.76568985,12,-0.06462654,0.089285865,7.1457877,6471.759999,-4.197530864,51.92634,7,27.733334,106.5373991
1,25.05619792,91.76389915,8,-0.11728413,0.22386934,2.7608268,16834.20879,-2.185185185,51.48252,4,0.26666668,125.3463111
1,25.07019846,91.75532692,10,0.13839246,0.008374286,1.3813012,33662.55386,-1.111111111,51.48252,4,57.9,233.6962294
1,24.9963169,91.66946498,13,0.45067582,-0.23901755,2.2458832,20709.30693,2.135802469,55.934193,4,0.43333334,585.1384528
1,25.0600869,91.77946955,5,0.08077518,0.07690055,4.1373096,11222.2863,-4.666666667,51.48252,4,0.06666667,1157.977227
1,25.06398307,91.84317566,11,0.20883735,-0.09596352,1.3812634,33665.14076,-1.061728395,51.454678,4,34.433334,362.0348107
1,25.09525929,91.74078099,10,0.5887031,-0.37945634,6.3922343,7243.9066,-2.814814815,50.14763,4,131.33333,226.1077266
1,25.1377688,91.79655725,13,0.325848,-0.17083159,1.38172,33634.22156,1.061728395,51.92634,4,318,53.14458376
1,25.14006939,91.83465619,14,0.50278795,-0.399568,2.1181493,21934.24403,1.864197531,52.62562,4,74.166664,113.2121334
1,25.05508211,91.73733904,9,-0.33066308,0.50591326,2.046797,22714.97989,0,50.14763,4,0.96666664,705.0554253
1,25.10843024,91.83191449,11,0.4938778,-0.33611003,2.1180222,21941.09979,0.061728395,52.62562,4,17.766666,49.94681989
1,25.12353528,91.80016695,11,0.4972398,-0.38487932,2.2478168,20670.47789,-1.382716049,52.62562,4,259.86667,85.90294404
1,25.16521196,91.75844756,14,-0.35407293,0.46005195,0.92740995,50104.90568,-2.604938272,51.694046,7,14.733334,910.6728874
1,25.08515075,91.74578848,13,0.6116206,-0.44516483,3.2058473,14490.11433,1.481481481,50.14763,4,14.533334,125.7217124
1,25.15212537,91.84035399,11,0.34131843,-0.18296178,1.3818098,33628.11093,-0.604938272,49.728397,4,286.83334,500.7878141
1,25.15751227,91.78358739,19,0.66133606,-0.5055491,6.3951945,7236.917888,0.728395062,51.694046,4,355.76666,239.1157162
1,25.03943322,91.70950895,9,0.09223942,0.080371656,2.117743,21956.08864,-0.777777778,49.474915,7,1.3333334,335.1716591
1,25.0242385,91.71457094,11,0.54774106,-0.44650677,2.1176815,21959.41582,0.37037037,49.474915,7,9.666667,538.8172325
1,25.14972757,91.72758087,14,0.5580236,-0.44905725,1.3817942,33629.14394,-1.024691358,51.416935,4,241.76666,340.5333017
1,25.03961956,91.78300733,12,0.24082914,-0.048992317,4.8048773,9658.818677,-0.345679012,51.36942,6,46.533333,733.122394
1,25.1418723,91.72363276,47,-0.18306667,0.28669116,2.9624672,15675.8022,3.75308642,51.416935,4,356.96667,656.1279349
1,25.10672737,91.73565425,11,0.52855355,-0.32063985,3.5846064,12953.42738,-2.765432099,51.416935,4,394.96667,319.1448552
1,25.02819578,91.83578104,19,0.5434048,-0.3830653,2.2463675,20699.59465,4.049382716,51.375427,4,405.66666,426.5649579
1,25.08895753,91.78531126,11,0.07205362,0.08253664,0.92740995,50135.50664,-1.469135802,51.48252,4,5.233333,75.45088872
1,25.13826691,91.81468482,14,0.31899118,-0.21584892,0.92740995,50115.72687,0.444444444,52.62562,4,41.366665,237.758851
1,25.10503866,91.81664555,14,0.47224712,-0.25491366,2.7614284,16823.97869,2.62962963,52.62562,6,4.3333335,1499.966648
1,25.0117934,91.73308312,10,0.17541207,-0.025730234,3.2040942,14506.53936,-0.679012346,49.474915,4,18.266666,195.6046902
1,25.04366602,91.71590336,10,-0.08528641,0.28501517,1.3811362,33673.7459,0.641975309,49.474915,7,9.666667,6.458395526
1,25.07912872,91.74871145,9,-0.12089513,0.32954478,7.5186043,6149.625098,3.024691358,50.14763,4,0.56666666,633.1415346
1,25.13709207,91.76878405,15,0.32744408,-0.17559108,1.3817165,33634.44998,-0.049382716,51.92634,4,73.2,21.64099118
1,25.01652287,91.79755003,18,0.69241965,-0.5360784,3.0676012,15152.74161,0.75308642,51.36942,4,41.133335,12.53298771
1,25.07270201,91.84860122,13,0.21515891,-0.13973512,2.7802885,16713.99529,1.234567901,51.454678,4,10.833333,1139.023113
1,25.13606705,91.81120258,15,0.5815356,-0.4024476,4.8064146,9648.273131,-0.283950617,52.62562,4,63.6,153.3899617
1,25.16636907,91.79418914,13,0.113506734,0.024304297,0,0,-0.851851852,51.694046,4,691.3333,155.2529097
1,25.01204129,91.79155511,11,0.4433473,-0.28528738,2.246119,20704.5537,-1.50617284,51.36942,4,22.833334,219.3276729
1,25.01865613,91.79368603,17,0.5884098,-0.45738646,0.92740995,50163.65304,0.148148148,51.36942,4,62.833332,28.17905478
1,25.06205462,91.8153543,12,0.3091331,-0.19407882,1.3812513,33665.94312,-0.135802469,51.454678,4,30.166666,697.815988
1,25.01001081,91.69714124,12,0.38325435,-0.22891228,0.92740995,50167.09923,1.098765432,49.88214,7,2.4,981.9072796
1,25.10175184,91.77733544,13,0.66087407,-0.47729087,3.2062469,14486.36961,1.358024691,51.92634,4,36.833332,573.0068512
1,25.02655546,91.80572524,15,0.4674195,-0.26022246,4.1906295,11081.95055,1.962962963,51.375427,6,185.86667,3.38386373
1,25.08792802,91.75402377,9,0.27529475,-0.14385314,3.5842078,12956.79824,-2.148148148,51.48252,4,38.533333,285.1692267
1,25.13021197,91.81129323,13,0.5415922,-0.35540164,4.806317,9648.928318,0.407407407,52.62562,4,58.733334,395.8069763
1,25.03719506,91.76254504,12,0.4314975,-0.31621143,0.92740995,50156.21772,1.111111111,51.36942,4,81.333336,369.356349
1,25.05331191,91.75113245,7,-0.45160303,0.53901434,1.3811963,33669.67572,-2.481481481,51.48252,7,0.33333334,784.363197
1,25.14770781,91.81365515,12,0.12675874,0.009379699,1.3817804,33630.0626,0.271604938,52.62562,4,134.46666,593.863691
1,25.17409437,91.74786046,24,0.38726333,-0.30967963,2.0487826,22671.37786,0.928571429,51.59333,4,42.033333,2017.874907
1,25.16078198,91.77571741,15,0.46323022,-0.30045906,3.8431063,12074.53873,-1.567901235,51.694046,4,177.93333,238.1927289
1,25.0431862,91.73287007,9,-0.3439065,0.49583066,0,0,-0.308641975,49.474915,7,35.333332,58.75571105
1,25.02960153,91.80177031,17,-0.10441043,0.22853266,2.7802885,16719.74522,5.111111111,51.375427,6,116.03333,175.5736183
1,25.01711688,91.75176554,11,0.03862752,0.106912486,2.246199,20702.97334,0.728395062,51.36942,7,42.466667,76.97784523
1,25.08375053,91.76675549,13,0.5620176,-0.4332946,2.7611635,16828.45905,-0.308641975,51.48252,4,9.366667,643.1744354
1,25.04394781,91.73280881,7,-0.33217388,0.49523497,2.117761,21955.14879,-2.222222222,49.474915,7,28.866667,68.408211
1,25.04833082,91.72674992,9,-0.111896664,0.30313674,0,0,-0.098765432,49.474915,7,2.6666667,145.3826311
1,25.1061771,91.75592692,18,0.56515145,-0.43036354,3.7047918,12532.14821,1.592592593,51.92634,4,136.66667,196.3484219
1,25.05071261,91.7285632,10,0.2909458,-0.16955015,2.2467048,20692.79305,0.666666667,50.14763,7,0.16666667,143.3788327
1,25.14528228,91.81239021,12,0.17094304,-0.019880988,1.0244786,45363.87862,-1.074074074,52.62562,6,115.23333,475.1793897
1,25.05288312,91.82364004,11,0.52738845,-0.41912144,3.2050762,14497.35043,-2.259259259,51.454678,6,29.466667,86.43296382
1,25.08076992,91.76559754,13,-0.54558843,0.615318,4.487438,10341.78216,0.037037037,51.48252,4,8.566667,330.6226884
1,25.00549444,91.72121591,9,0.36533755,-0.28307903,0.92740995,50168.81855,-0.962962963,49.474915,4,22.833334,116.0955936
1,25.05754693,91.73671486,10,-0.050684344,0.2488377,5.4286776,8542.149046,0.666666667,50.14763,7,7.0666666,597.7432696
1,25.04516123,91.75235407,10,0.028601978,0.13313808,2.7606897,16836.53077,1.333333333,51.36942,4,37.5,1485.012694
1,25.05796016,91.74236397,10,-0.16648094,0.36828274,2.760844,16833.88626,0.592592593,50.14763,7,8.533334,1053.949989
1,25.04638813,91.72214924,9,-0.08698241,0.27909386,3.2049234,14498.79093,-0.913580247,49.474915,7,4.8333335,83.50885973
1,25.04103213,91.75196681,9,-0.22265187,0.38153967,1.8543341,25077.30108,-0.222222222,51.36942,7,77.333336,1508.16727
1,25.04846055,91.70470366,12,-0.011673141,0.13589115,3.7047918,12537.92266,0.901234568,49.474915,4,0.16666667,70.93342612
1,25.15449066,91.82893035,13,0.51834494,-0.37065628,2.7620451,16813.53856,-0.086419753,49.728397,4,216.13333,418.7476546
1,25.17661483,91.84128732,19,0.5776359,-0.43525684,6.8779216,6723.558447,-2.020833333,49.728397,4,998.5333,15.84172841
1,25.13311986,91.79411623,14,0.21422414,-0.080966964,3.8430445,12077.41916,2.419753086,51.92634,4,367.53333,159.0293267
1,25.07153478,91.79846066,17,0.10147357,0.05795892,2.9622645,15685.69907,5.654320988,51.48252,4,21.866667,1085.370896
1,25.00097977,91.71790115,9,-0.10288068,0.22036579,0.92740995,50170.65099,-1.086419753,49.474915,4,44.4,121.5018653
1,25.08952134,91.72974242,13,0.5048021,-0.3712101,3.0694196,15134.95806,1.061728395,50.14763,4,184.03334,1225.233119
1,25.13374684,91.80140642,13,0.28042328,-0.16554657,3.8430464,12077.33501,1.160493827,52.62562,4,203.33333,139.4528909
1,25.06207893,91.8360629,10,-0.003109203,0.16100119,3.205302,14495.23613,-1.197530864,51.454678,4,17.666666,1047.920346
1,25.16548518,91.84358718,9,0.567925,-0.415231,1.8543341,25052.39916,-3.296296296,49.728397,4,646.6667,400.1438515
1,25.10812162,91.74354753,12,0.5256634,-0.32383803,0.92740995,50127.83755,-1.012345679,51.416935,4,300.83334,481.4057068
1,25.12304254,91.74479108,19,0.54441375,-0.3998975,1.0242922,45380.16487,-0.975308642,51.416935,4,96,109.0376769
1,25.11120265,91.83642764,12,0.5555236,-0.44891337,4.2302914,10970.26147,0.925925926,52.62562,4,8.333333,468.6544789
1,25.16018064,91.76958146,18,0.47463125,-0.321372,2.1182315,21929.83867,0.50617284,51.694046,4,86.73333,4.306355632
1,24.99881377,91.70368031,12,-0.31646755,0.40679,1.38086,33692.49103,2.456790123,54.57589,4,3.4666667,108.9562873
1,25.0824904,91.83672246,12,-0.08549214,0.2976279,1.8543341,25069.04946,3.024691358,51.454678,4,0.033333335,782.71594
1,25.08588436,91.84789012,10,0.477679,-0.3874546,2.0473073,22703.74296,-0.185185185,51.454678,4,2.8333333,919.3673824
1,25.06687024,91.81035449,16,0.346073,-0.17048857,2.1178527,21950.18239,2.814814815,51.454678,6,58.166668,1135.360267
1,25.06770987,91.7880377,10,0.34433475,-0.23531002,1.381284,33663.69884,0.259259259,51.48252,4,1.5,60.05445167
1,25.02372209,91.83387136,15,0.61961234,-0.48443833,2.1176794,21959.53218,-0.135802469,51.375427,6,532.5333,229.1887714
1,25.05679907,91.82257213,15,0.2959735,-0.11672223,1.0237367,45428.85795,2.234567901,51.454678,4,18.3,246.5080676
1,25.15260465,91.82165246,16,0.1938825,-0.09935687,4.2306275,10965.74128,1.790123457,49.728397,4,169.66667,723.6268284
1,24.98225462,91.7190798,8,0.4084794,-0.2571549,0,0,-3.604938272,54.57589,4,0.96666664,7.694243644
1,25.14445876,91.73066542,13,0.31809616,-0.32773685,3.2072737,14476.78661,-3.444444444,51.416935,4,197.66667,56.38933308
1,25.12482329,91.80497777,11,0.35731357,-0.2493633,6.7160344,6890.047423,-1.320987654,52.62562,4,168.83333,283.7376818
1,25.04822084,91.7957609,10,-0.1163082,0.23909386,2.246667,20693.54239,-1.703703704,51.36942,6,24.166666,298.345904
1,25.06536533,91.83085118,8,0.6030423,-0.4764418,1.381272,33664.56952,-3.345679012,51.454678,4,8.066667,877.2613606
1,25.14730674,91.76962901,15,0.58031994,-0.39072272,4.2305827,10966.33233,-1.049382716,51.92634,4,108.333336,313.8707754
1,25.10579293,91.83302123,12,0.35238165,-0.20526701,2.118011,21941.68798,0.012345679,52.62562,4,36.6,155.171911
1,25.08175713,91.73783562,11,0.5208299,-0.40013644,1.8543341,25069.15691,-0.814814815,50.14763,4,42.966667,212.1121092
1,25.10240419,91.76813159,19,0.58966917,-0.4511882,1.8543341,25065.05467,2.938271605,51.92634,4,38.533333,211.5776681
1,25.029382,91.82613893,8,0.5669195,-0.4305388,1.0235096,45448.90186,-4.259259259,51.375427,6,375,52.99120917
1,25.07843751,91.74588576,12,0.029870497,0.18352078,1.381351,33659.16737,1.395061728,50.14763,4,1.1333333,664.7383304
1,25.04218282,91.79911163,12,0.3431151,-0.19875936,2.7606518,16837.15977,0.12345679,51.36942,4,90.03333,308.8622326
1,25.0601606,91.78479511,13,0.43627653,-0.33624017,2.962231,15687.32935,1.345679012,51.48252,4,1.3666667,669.7763414
1,25.15382759,91.83052801,14,0.5005907,-0.40797415,2.7802885,16703.15148,0.666666667,49.728397,4,210.03334,266.9432863
1,25.0455005,91.84028424,14,0.56392556,-0.45181686,2.246629,20694.33688,0.345679012,51.375427,6,106.03333,208.8747074
1,25.0218366,91.70764364,12,0.08493805,0.029250674,7.640579,6053.077765,0.259259259,49.474915,7,0.033333335,622.1577083
1,25.1137617,91.75354237,17,0.5383261,-0.42200285,0.92740995,50125.56774,-1.222222222,51.92634,4,114.166664,279.3020693
1,25.04061648,91.76990202,15,0.40420896,-0.26980984,8.231211,5612.500573,2.814814815,51.36942,4,23.533333,65.44450326
1,25.0998802,91.80914912,14,0.25618735,-0.10458222,2.1179874,21942.97411,3.209876543,51.454678,4,41.233334,2225.639393
1,25.05626214,91.71863414,12,0.44836563,-0.29363132,2.1178112,21952.45472,0.333333333,50.14763,4,21.133333,254.0450325
1,25.03413474,91.75591393,8,0.10925629,0.008925251,1.8543341,25078.70369,-1.098765432,51.36942,4,176.66667,651.270033
1,25.02858903,91.68956963,11,0.15704916,-0.036112715,0.92740995,50159.66768,0.740740741,49.88214,4,0.6666667,43.9354017
1,25.04688377,91.72058681,11,0.066261716,0.12821671,0,0,0.617283951,49.474915,4,2.7,187.7222924
1,25.13626675,91.8216052,11,0.56911796,-0.42104152,1.3817114,33634.79243,-0.604938272,52.62562,4,4.866667,654.2256078
1,25.15861678,91.83600551,14,0.49918032,-0.3287337,3.5857213,12943.99741,0.555555556,49.728397,4,358.83334,204.3762101
1,25.1673098,91.83102862,12,0.58382004,-0.4009745,2.7622004,16810.88576,-3.530864198,49.728397,4,546.9667,395.5900899
1,25.10187345,91.72169302,9,0.18342064,-0.022943128,0,0,-0.567901235,51.416935,4,524.9667,85.39751782
1,25.05803653,91.74668754,7,-0.16965741,0.36887786,1.3812255,33667.65984,-1.358024691,50.14763,7,7.366667,818.4231398
1,25.06100441,91.73006192,12,-0.05920521,0.24049187,2.2468653,20689.57773,1.679012346,50.14763,4,9.633333,169.7689184
1,25.04110409,91.79909692,13,0.4884192,-0.35218304,2.2465615,20695.67006,-0.111111111,51.36942,4,102.566666,423.7661841
1,25.16790863,91.83585935,16,0.63896984,-0.4838968,2.7622073,16810.77025,1.814814815,49.728397,4,608.1667,62.7462011
1,25.02606376,91.69447286,11,0.07293007,0.076781064,1.3810279,33681.09014,-0.160493827,49.88214,7,1.5,16.64536166
1,25.09083424,91.78735725,15,0.6551547,-0.50582474,2.1179502,21944.96564,2.444444444,51.48252,4,16.433332,142.7173357
1,25.02425915,91.74409393,12,0.118190244,-8.00E-04,0.92740995,50161.39077,1.12345679,49.474915,4,56.433334,122.4341973
1,25.1184829,91.77330427,20,0.61128426,-0.46489513,4.6273675,10024.72457,4.320987654,51.92634,4,139.26666,255.5942988
1,25.13357219,91.79463307,13,0.1568211,-0.05259087,3.0705266,15124.14229,0.728395062,51.92634,4,353.93332,152.2027606
1,25.04828605,91.84047444,14,0.62521654,-0.4718649,4.1913223,11078.20733,2.37037037,51.375427,6,81.666664,32.25302114
1,25.06511888,91.81683865,16,0.46708336,-0.36114395,0.92740995,50145.0044,1.962962963,51.454678,4,19.5,504.325173
1,25.00204943,91.70102684,9,-0.16731171,0.30074048,2.962065,15695.4558,0.395061728,49.474915,4,1.3666667,208.7509983
1,25.14807914,91.82944054,15,0.5535265,-0.38490734,1.3817838,33629.83167,-0.259259259,52.62562,4,113.333336,45.80304816
1,25.03287764,91.74947347,10,-0.033853736,0.19448589,1.8543341,25078.97139,-0.222222222,49.474915,4,205.36667,909.3995437
1,25.03915625,91.79052189,14,0.5318015,-0.31788248,3.5831628,12965.63477,0.111111111,51.36942,6,50.466667,351.2424179
1,25.05439958,91.69170263,10,0.45781225,-0.25832447,1.3812032,33669.21599,0.24691358,51.524773,4,8.533334,759.6302274
1,25.14827831,91.7763006,17,0.51472867,-0.29374588,4.806605,9646.951637,0.938271605,51.92634,7,218.13333,38.75541713
1,25.05232442,91.81356808,11,0.12850325,0.05682976,2.046746,22716.08289,1.197530864,51.454678,4,110.7,308.6301026
1,25.10894603,91.84176464,10,0.22093095,-0.055373944,1.3815422,33646.24146,-0.913580247,52.62562,4,12.066667,1038.143331
1,25.12196314,91.76145499,12,0.17475732,-0.0805384,9.4128895,4894.23711,-4.12345679,51.92634,4,21.9,213.2848549
1,25.09005229,91.80114859,11,0.1614398,0.006081434,2.1179469,21945.14219,-0.395061728,51.454678,4,8.333333,1057.095097
1,25.09504298,91.72861106,13,0.3095873,-0.19147123,2.0474606,22700.3787,0.827160494,50.14763,4,267,670.7705992
1,25.04947111,91.74945474,9,-0.46600002,0.5564784,1.3811722,33671.27555,-1.098765432,49.474915,7,10.166667,1213.268776
1,25.10353147,91.82548722,13,0.044028,0.16422786,2.2475078,20676.66623,2.913580247,52.62562,4,1.6666666,631.5268213
1,25.15334137,91.81172346,12,0.5776039,-0.39520827,0,0,-1.024691358,49.728397,4,241.33333,923.7737274
1,25.1052037,91.85084928,12,0.47740337,-0.2957642,3.2063334,14485.57138,-0.641975309,51.193287,4,20.566668,1915.159871
1,25.15869069,91.81176039,15,0.44621682,-0.25510627,0,0,1.604938272,49.728397,4,352.83334,774.341927
1,25.11630952,91.83615729,11,0.31356448,-0.1843882,2.0478184,22692.54373,-0.135802469,52.62562,4,0.26666668,325.3767863
1,25.07803416,91.84580438,12,-0.2457627,0.34203085,2.7802885,16713.27513,1.543209877,51.454678,4,3.5333333,993.2599587
1,25.07930118,91.81163313,9,-0.07152423,0.24356174,0,0,-0.469135802,51.454678,4,0.8666667,1349.562208
1,25.03390316,91.81006904,12,0.5705279,-0.43040794,2.760549,16838.909,0.469135802,51.375427,6,277.5,20.39378102
1,25.12921583,91.79131214,13,0.09626863,0.07198295,2.7617278,16818.88722,1.12345679,51.92634,4,387.26666,286.4833916
1,25.12480046,91.74612844,22,0.4457313,-0.35941786,0,0,1,51.416935,4,72.433334,206.0207654
1,25.11864096,91.80766285,14,0.71125615,-0.5458764,1.3816009,33642.27431,1.345679012,52.62562,4,169.36667,821.3193578
1,25.13268298,91.84116183,11,0.17146118,0.020341765,2.7802885,16705.96423,-0.197530864,52.62562,4,75,429.6227231
1,25.15079427,91.74498219,16,0.33265555,-0.27409074,2.7619967,16814.34224,-0.703703704,51.59333,7,18.266666,469.856125
1,25.03330599,91.73736491,11,0.01799365,0.14146696,1.023542,45445.9962,1.037037037,49.474915,7,70.166664,260.5661695
1,25.02270244,91.68491391,12,0.5336314,-0.4435855,2.9621232,15692.5874,0.296296296,49.88214,4,2.1333334,7.342237749
1,25.05785596,91.78667622,12,0.17171364,-0.039925437,2.2468145,20690.57943,0.320987654,51.48252,4,4.9333334,630.2932711
1,25.02533288,91.81518954,11,0.5651216,-0.41804987,5.908512,7846.104461,-1.308641975,51.375427,6,303.76666,80.85372945
1,25.16259151,91.83843494,11,0.64385617,-0.47579944,1.0246254,45351.00695,-3.074074074,49.728397,4,489.63333,500.360386
1,25.12275614,91.83534453,12,0.5031959,-0.3659361,3.4512112,13453.64317,-0.728395062,52.62562,4,3.2333333,13.92270415
1,25.11777113,91.82712844,9,-0.015561385,0.2396702,2.2477279,20672.27776,-0.209876543,52.62562,4,4.0666666,607.2328457
1,25.01302426,91.72246633,10,0.4107538,-0.31538016,2.7602923,16843.26293,-0.691358025,49.474915,4,20.333334,71.87464873
1,25.01053792,91.74543114,10,0.13222466,0.043983757,2.2460978,20705.0156,-0.259259259,49.474915,6,21.766666,91.86927172
1,25.13837168,91.77436025,21,0.6423216,-0.46667957,1.8543341,25057.81163,3.345679012,51.92634,4,145.36667,82.89720457
1,25.11909659,91.82941743,11,0.066794515,0.11592819,2.7616038,16821.02266,-0.617283951,52.62562,4,1.3333334,403.7009044
1,25.11942391,91.77365607,17,0.19537243,-0.001818265,5.5104427,8410.482198,0.851851852,51.92634,4,135.73334,162.1421721
1,25.13789314,91.76589594,15,0.52840996,-0.37398833,3.843055,12076.91726,-0.938271605,51.92634,4,57.133335,49.1446225
1,25.0153003,91.75987414,10,0.06418225,0.102837645,4.2295218,10980.67079,0.432098765,51.36942,7,0.8333333,339.181994
1,25.06424437,91.73945904,11,-0.22434387,0.39319375,3.7047918,12536.33247,0.407407407,50.14763,4,51.9,301.3307367
1,25.15141888,91.72112362,15,0.49469095,-0.34424865,1.3818046,33628.45623,0.369230769,51.59333,4,384.16666,982.1377261
1,24.99933974,91.73125062,10,0.009917036,0.14414904,2.117582,21964.78411,-1.481481481,54.57589,4,125.23333,136.2388706
1,25.06788728,91.75014781,12,0.16660817,0.002548043,3.4506671,13461.68497,0.691358025,51.48252,4,62.833332,89.14457713
1,25.16063675,91.8393762,11,0.17663959,-0.003681049,1.0246068,45352.61517,-2.382716049,49.728397,4,449.36667,614.0894101
1,25.08952785,91.84859021,12,0.55398947,-0.4502303,2.1179447,21945.26017,0.87654321,51.454678,4,8.833333,1138.334284
1,25.06479129,91.80699693,9,-0.20542939,0.3582648,2.117846,21950.58339,-0.827160494,51.454678,4,28.066668,1457.940165
1,25.14180423,91.80618489,15,0.4579933,-0.35650128,2.7802885,16704.77403,0.172839506,52.62562,4,156.3,116.1821169
1,25.14415066,91.78831756,15,0.5174216,-0.32089776,2.2481306,20664.20073,1,51.92634,4,493.33334,233.1955205
1,25.00295138,91.7266443,11,0.27873254,-0.07559332,2.7601657,16845.41028,1.049382716,49.474915,4,76.166664,530.9010307
1,25.04846789,91.82151411,13,0.5168333,-0.39404032,1.8543341,25075.84569,-0.358024691,51.375427,4,74.26667,225.3283548
1,25.07715555,91.77519241,15,-0.13955857,0.23165552,1.8543341,25070.07502,0.987654321,51.48252,4,7.8,210.3173097
1,25.12588569,91.78475342,14,0.5998498,-0.40365845,3.2068267,14480.96585,2.259259259,51.92634,4,304.16666,818.3878858
1,25.11341288,91.73698344,18,0.56486905,-0.4237928,2.2476602,20673.61493,1.543209877,51.416935,6,317.63333,322.4627456
1,25.07307974,91.8397037,14,0.6706153,-0.48698163,0.92740995,50141.87493,0.851851852,51.454678,4,1.7666667,1341.592633
1,25.13772703,91.7205802,22,0.19460182,-0.15264049,3.0706313,15123.13654,2.197530864,51.416935,4,455.73334,526.1239837
1,25.01426244,91.72193772,12,0.40154108,-0.31224534,2.1176412,21961.57876,0.839506173,49.474915,4,20.333334,196.3062132
1,24.98750218,91.71316726,11,-0.06584077,0.22566433,2.7599776,16848.61883,0.864197531,54.57589,4,26.133333,63.67902561
1,25.01669988,91.76102871,10,-0.04640962,0.19972989,0.92740995,50164.40713,-0.604938272,51.36942,7,0.8666667,177.7605269
1,25.11419276,91.72840707,11,0.63534546,-0.44602826,3.4511259,13454.90581,-2.271604938,51.416935,4,504.33334,242.3911485
1,25.08252532,91.77705652,10,-0.119905174,0.29346138,1.3813769,33657.44844,-1.222222222,51.48252,7,2.9666667,640.0999841
1,25.14228323,91.79848946,14,0.12774342,0.014977545,3.0707428,15122.03074,1.728395062,51.92634,4,304.86667,594.3661966
1,25.09798822,91.83212704,13,0.49460864,-0.31771138,1.0240828,45398.54776,0.691358025,51.454678,4,3.3333333,0.269506974
1,25.07317077,91.83807147,11,0.6774986,-0.49454677,2.247051,20685.86398,-1.271604938,51.454678,4,5.6666665,1319.293143
1,25.02009846,91.78052692,10,-0.20968325,0.3416645,2.7802885,16721.00204,-0.654320988,51.36942,4,49.333332,858.2961284
1,25.12871809,91.81233649,14,0.64170855,-0.47577062,2.1181042,21936.69967,0.888888889,52.62562,4,54.666668,559.3685291
1,25.1675164,91.74747611,18,0.31017286,-0.25429663,4.8069153,9644.8255,-1.320987654,51.59333,7,5.6666665,1305.399984
1,25.06112782,91.8435224,12,0.58906627,-0.43634874,3.4506013,13462.66605,-1.469135802,51.454678,4,62.166668,322.9931581
1,25.10506906,91.77665963,11,0.6118857,-0.42693874,3.2063267,14485.6332,-1.12345679,51.92634,4,64.333336,918.4289986
1,25.08577227,91.73563731,9,0.117745526,0.074294925,2.761191,16828.00188,-1.308641975,50.14763,4,79.26667,610.5143603
1,25.08327368,91.78174394,13,0.39114222,-0.21253118,2.0472655,22704.69438,0.543209877,51.48252,4,2.1333334,217.1235218
1,25.07283687,91.73392799,11,0.46368757,-0.356233,4.192133,11073.86582,-0.523076923,50.14763,6,100.96667,720.3179816
1,25.04115555,91.71940471,8,-0.20571882,0.41554645,1.0236069,45440.28449,-1.555555556,49.474915,7,5.4,401.618094
1,25.00019506,91.70956951,7,0.049892392,0.11037949,2.9620593,15695.72209,-1.444444444,49.474915,4,8.333333,474.1920274
1,25.05677223,91.81012845,12,0.4791207,-0.3104583,0.92740995,50148.34879,-0.111111111,51.454678,6,77.63333,749.730154
1,25.14128806,91.72551722,35,0.16653657,-0.15824829,5.10919,9073.339416,1.827160494,51.416935,4,312,467.702708
1,25.0500151,91.77023697,8,3.28E-04,0.19331981,2.1177855,21953.80792,-1.888888889,51.48252,7,0.6,45.53064408
1,25.12370459,91.81135991,10,0.23551701,-0.09094493,2.2478168,20670.47789,-0.765432099,52.62562,4,87.76667,898.9016759
1,25.02005633,91.79336135,13,0.5617826,-0.44791412,0.92740995,50163.00452,-1.913580247,51.36942,6,64.666664,41.53123525
1,24.97341858,91.70955348,9,-0.23553814,0.36263868,5.0556993,9182.140746,-1.098765432,54.57589,4,12.033334,373.7490174
1,25.036647,91.77646623,12,0.5551353,-0.42327306,2.1177318,21956.72321,0.012345679,51.36942,4,58.966667,702.6788836
1,24.9990344,91.70210807,7,0.21179684,-0.09644741,5.4264107,8549.722616,-2.925925926,54.57589,4,4.5666666,16.04810262
1,25.07766808,91.73754394,12,0.41035846,-0.23630753,3.0691206,15137.86956,0.728395062,50.14763,4,44.4,249.0869393
1,25.05706268,91.6986966,16,0.41489187,-0.23414947,4.1916103,11076.65724,0.135802469,51.524773,6,20.833334,631.8818003
1,25.13535698,91.81159606,11,0.5786633,-0.39859354,1.3817061,33635.13778,-3.074074074,52.62562,4,56.666668,199.3673739
1,25.00629054,91.73487797,10,-0.018625336,0.18200946,3.2039683,14507.7331,-0.432098765,49.474915,4,33.633335,718.8590279
1,25.14174155,91.75963146,19,0.32129028,-0.23360205,3.0707288,15122.165,0.135802469,51.92634,4,29.1,81.36860816
1,25.04702203,91.69772125,12,0.56690174,-0.44313833,2.9621942,15689.14244,-0.716049383,49.88214,6,0.96666664,201.2940459
1,25.13243475,91.77108123,27,0.5673061,-0.42626312,7.520091,6145.771796,10.19753086,51.92634,4,70.166664,226.8795815
1,25.08144668,91.85075691,12,0.4167524,-0.31641397,0.92740995,50138.53054,0.24691358,50.221912,4,25.366667,449.3138466
1,25.06386058,91.80265171,14,-0.0630318,0.18143204,2.2469075,20688.74385,2.012345679,51.454678,4,4.8333335,1080.559343
1,25.13035107,91.80685093,12,0.49790213,-0.38300282,5.1087275,9074.968133,-1.333333333,52.62562,4,114.26667,173.7962772
1,25.12713666,91.73542437,10,0.47319642,-0.30908373,4.8062725,9649.246421,-1.790123457,51.416935,4,232.33333,310.0796533
1,25.01729033,91.80447555,13,0.38621897,-0.29391927,5.5444856,8365.340994,-0.654320988,51.375427,6,71.76667,91.67027902
1,25.04877235,91.76405236,13,0.10378276,0.047100693,4.1370993,11223.87214,1.901234568,51.36942,4,9.133333,503.030887
1,25.11530138,91.8185956,11,0.38443232,-0.25497958,1.024227,45385.89163,-0.543209877,52.62562,4,56.033333,1367.284565
1,25.08655947,91.77156298,8,-0.009087615,0.13911259,1.0239851,45407.08424,-1.12345679,51.48252,4,0.033333335,741.3232604
1,25.0416854,91.76728173,11,0.31957307,-0.19965401,2.117752,21955.61665,0.222222222,51.36942,4,23.533333,231.2150261
1,25.11224361,91.79591208,10,0.27755612,-0.11712349,1.3815612,33644.90909,-0.555555556,51.92634,4,65.066666,509.8606624
1,25.03501142,91.69966539,12,0.5582515,-0.41059896,0.92740995,50157.08115,1.395061728,49.88214,4,21.766666,1090.520626
1,25.03092999,91.83539556,12,0.33930835,-0.22640926,2.1177084,21957.95768,-0.222222222,51.375427,4,335.23334,370.3556686
1,25.09992668,91.83414076,11,0.4060486,-0.19413903,4.1930075,11069.16439,-1.148148148,51.454678,4,11.266666,201.5988816
1,24.99314166,91.7100387,11,0.1413796,-0.070212364,1.3808258,33694.84288,1,54.57589,4,6.733333,656.6088899
1,25.00492201,91.71089699,9,0.5213769,-0.38287893,2.7802885,16723.01169,-1.50617284,49.474915,4,22.833334,53.33282413
1,25.03619682,91.77941325,13,0.38894725,-0.22362871,2.1177306,21956.78344,0.074074074,51.36942,4,38.4,837.5431477
1,25.04412505,91.83999877,12,0.5085241,-0.41880447,2.760676,16836.75953,-1.037037037,51.375427,6,119.63333,177.2044492
1,25.10577863,91.75384054,19,0.55502784,-0.4139442,0,0,3.098765432,51.92634,6,156.83333,11.18206934
1,25.10545757,91.75964799,9,-0.4589923,0.575751,4.230247,10970.87364,-4.75308642,51.92634,4,98.566666,0.039897588
1,25.05908936,91.80215347,9,-0.08469488,0.19205298,2.1178224,21951.81856,-2.283950617,51.454678,4,14.433333,797.298908
1,25.0633957,91.79062168,13,-0.21415931,0.3805039,2.9622405,15686.87301,0.49382716,51.48252,6,6.1666665,24.51869759
1,25.09671489,91.79831788,10,-0.002325672,0.20057015,1.0240712,45399.54876,-0.839506173,51.48252,4,12.166667,1132.794828
1,25.02484389,91.75652709,11,-0.025405232,0.18862194,2.9621294,15692.28557,0.382716049,51.36942,4,51.633335,191.5918579
1,25.13724592,91.72818476,12,0.42395037,-0.26604578,2.048172,22684.80516,-2.950617284,51.416935,4,270.83334,196.5951519
1,25.10265797,91.72711535,11,0.60647565,-0.42800984,2.7613974,16824.49429,-0.456790123,51.416935,4,428.33334,142.0983803
1,25.09605705,91.72498536,9,-0.22369479,0.403787,2.7613182,16825.84797,0.135802469,50.14763,6,353.66666,569.5913471
1,25.00463718,91.70536527,9,-0.21810904,0.3286082,3.450043,13470.92665,-0.296296296,49.474915,6,0.8666667,3.367341761
1,25.02342637,91.7568772,9,-0.11697068,0.25801536,1.0234586,45453.31707,-2.382716049,51.36942,4,38.533333,204.9116891
1,25.05980327,91.75063846,9,-0.096798316,0.27192035,4.4867992,10344.99705,-0.469135802,51.48252,4,12.066667,432.636864
1,25.16664598,91.76012163,21,0.67640245,-0.5205447,1.0246581,45348.09017,0.717948718,51.694046,7,29.366667,918.0663088
1,25.04615125,91.79470424,13,0.6372104,-0.46469298,3.4504533,13464.86681,1,51.36942,6,35.366665,48.41780174
1,25.05299353,91.76336655,11,0.28409648,-0.18368608,0.92740995,50149.85697,0.259259259,51.48252,4,1.3666667,188.5682305
1,25.06265732,91.83506993,11,-0.006474879,0.18667944,5.4288826,8541.475754,1.024691358,51.454678,4,16.033333,1129.422381
1,25.16377594,91.83447405,11,0.68904287,-0.5418585,1.3818824,33623.21881,-3,49.728397,4,474.16666,381.1909177
1,25.05926559,91.84125857,13,0.5815054,-0.42191848,2.1178224,21951.81856,0.037037037,51.454678,4,48.966667,617.8014237
1,25.09405761,91.76967973,13,0.22577333,-0.10827434,1.8543341,25066.72875,0.111111111,51.48252,4,0.8333333,46.86776218
1,25.11153397,91.84455135,14,0.57574105,-0.46281758,1.381556,33645.25162,1.382716049,52.62562,4,16.166666,1267.856852
1,25.10270842,91.74266548,17,0.5030009,-0.3857595,4.193089,11068.70943,4.320987654,51.416935,4,250.46666,113.0649578
1,25.07188917,91.84603245,11,0.33723038,-0.18590142,0.92740995,50142.30853,-0.12345679,51.454678,4,4.8333335,1045.489079
1,25.15803755,91.84286322,15,0.41774425,-0.3066088,2.2483428,20659.92748,2.37037037,49.728397,4,448.83334,838.669427
1,25.08325991,91.7601704,8,0.5618535,-0.44551256,1.8543341,25068.88733,-4.209876543,51.48252,4,3.6333334,88.59388517
1,25.04830766,91.76097021,11,0.092030145,0.055314124,1.3811636,33671.84687,0.333333333,51.36942,4,23.233334,752.8422473
1,25.16734256,91.82597218,18,0.5022673,-0.3741934,1.0246629,45347.68458,-1.765432099,49.728397,4,523.5333,243.3510244
1,25.03909183,91.82230085,10,0.54316324,-0.422028,2.2465277,20696.33855,-3.148148148,51.375427,4,188.7,526.043791
1,25.03544626,91.78925134,12,0.095079996,0.104860604,3.2046645,14501.21189,-0.308641975,51.36942,4,20.333334,193.400422
1,25.0353057,91.69155245,11,0.5531736,-0.3865488,1.3810847,33677.24504,-3.320987654,49.88214,4,12.166667,543.2887494
1,25.03591986,91.71365149,9,0.03343463,0.1519082,2.7605765,16838.45289,-0.259259259,49.474915,7,4.1666665,129.290881
1,25.02004078,91.75812341,9,-0.075217955,0.21688315,0,0,-1.49382716,51.36942,7,15.6,168.04447
1,25.05603992,91.79558691,12,-0.14379084,0.29946524,2.2467892,20691.12509,1.320987654,51.48252,4,5.1,35.82167417
1,25.02851582,91.76881214,9,-0.057741508,0.22166778,0.92740995,50159.66768,-1.543209877,51.36942,4,102.566666,302.1979453
1,25.13290438,91.83048971,11,0.3059009,-0.22430183,2.11812,21935.82694,-0.469135802,52.62562,4,20.833334,626.7871882
1,25.09201979,91.72256318,11,-0.107565835,0.27226824,2.117956,21944.67029,0.716049383,50.14763,6,352.66666,992.1787996
1,25.08847887,91.78844332,17,0.40252328,-0.25029907,1.3814148,33654.85905,4.037037037,51.48252,4,18.466667,79.65877651
1,25.03799776,91.69767909,8,0.092145,0.084810145,2.9621677,15690.42935,-1.345679012,49.88214,7,8.333333,866.8783444
1,25.07801372,91.74090337,9,-0.048889544,0.19319098,2.247123,20684.39788,-1.098765432,50.14763,4,19.733334,292.8982722
1,25.0617043,91.72282302,14,0.4291439,-0.35293564,4.1917634,11075.8466,1.740740741,50.14763,4,25.5,228.7744893
1,25.01827751,91.75222382,13,0.06874945,0.06977026,4.0871563,11364.25524,1.333333333,51.36942,7,42.566666,5.320813782
1,25.09431432,91.74015056,15,0.5309336,-0.3461574,0.92740995,50133.34618,3.728395062,50.14763,4,119.73333,328.4793537
1,25.12707086,91.74839636,21,0.5427409,-0.3966588,3.2068598,14480.65902,1.938271605,51.416935,4,43.533333,27.54221855
1,25.09093795,91.78240251,12,0.101352334,0.017001916,0.92740995,50134.64321,1.320987654,51.48252,6,0.8333333,71.74049866
1,25.11964692,91.82998043,12,0.2860602,-0.10424714,1.3816078,33641.81485,1.024691358,52.62562,4,1.6666666,364.5640366
1,25.02065554,91.72064239,9,0.47958326,-0.3057491,4.1904316,11082.9989,-0.765432099,49.474915,4,40.966667,780.8768694
1,25.0317777,91.81323478,9,0.38704556,-0.1745873,3.5830026,12966.99585,-2.864197531,51.375427,6,348.43332,146.044107
1,25.04494974,91.75746444,12,0.07717606,0.10200118,1.3811448,33673.17455,1.987654321,51.36942,4,46.466667,1255.276724
1,25.10531821,91.80692798,12,0.2698819,-0.108819894,1.0241432,45393.22539,-0.098765432,52.62562,4,64.96667,1707.123907
1,25.13877149,91.83139304,13,0.48296124,-0.29957485,3.843057,12076.8331,0.061728395,52.62562,4,39.466667,457.4739207
1,25.00871383,91.79655634,12,-0.05806634,0.17491871,0,0,1.928571429,51.36942,4,1.2,346.0676555
1,24.98574634,91.71346033,7,0.18893172,-0.027660755,1.023144,45480.95258,-3.012345679,54.57589,4,14.7,264.6261352
1,25.07790611,91.75638062,13,0.2409477,-0.052312337,0,0,0.962962963,51.48252,4,11.233334,240.3636015
1,25.04448976,91.74539821,8,-0.01254256,0.18954015,6.18792,7488.096333,-1.197530864,49.474915,7,38.833332,1293.162968
1,25.11107685,91.81979021,13,0.55799025,-0.41038227,2.247622,20674.36738,1.222222222,52.62562,4,30.3,1196.375892
1,25.10695911,91.78941524,10,0.58086324,-0.4137891,1.3815285,33647.15755,-1.320987654,51.92634,4,32.533333,1018.197054
1,25.12715043,91.81624921,10,0.23316672,-0.09876865,1.8543341,25060.08145,-1.728395062,52.62562,4,28.333334,981.5543107
1,25.00835663,91.73915828,13,-0.07747405,0.18152224,5.4267664,8548.535616,2.419753086,49.474915,6,14.7,751.8850013
1,25.10597286,91.81603088,11,0.051480606,0.079500124,1.3815216,33647.61452,-1.444444444,52.62562,4,7.5,1543.351946
1,25.12323343,91.77541521,12,0.5860767,-0.4123065,3.2067666,14481.51879,-1.580246914,51.92634,4,132.03334,312.30649
1,25.16362793,91.8082953,18,0.5383294,-0.38847873,3.451616,13447.67666,-1.135802469,49.728397,4,518.9667,140.9045376
1,25.03999271,91.73009742,10,-0.115303375,0.30442077,2.0465422,22720.54571,1.160493827,49.474915,7,11.233334,324.2618574
1,25.09665024,91.73040609,13,0.49134815,-0.3084561,4.487918,10339.35805,-0.320987654,50.14763,4,264.6,475.5472236
1,25.14995193,91.80232285,18,0.46985203,-0.3890189,4.4895377,10331.19859,2.259259259,49.728397,6,324.03333,63.43990336
1,25.04686704,91.81480437,13,0.55133235,-0.43049634,1.3811568,33672.3746,1.604938272,51.375427,4,154.66667,9.636238805
1,25.03844331,91.70146575,9,0.09373361,0.091020055,2.2465193,20696.50419,0.456790123,49.474915,4,17.666666,1104.451215
1,25.10260257,91.84596926,12,0.09650512,0.098619394,3.0697465,15131.74547,1.555555556,52.62562,4,0.96666664,1411.578604
1,25.05960522,91.82491146,12,0.50910485,-0.33103296,0,0,0.728395062,51.454678,6,3.3333333,87.19919461
1,25.02965028,91.8155072,8,0.52413386,-0.38721135,4.1907196,11081.44899,-4.296296296,51.375427,6,388.33334,260.5878754
1,25.14234707,91.77952035,13,0.6338958,-0.48955196,4.2305427,10966.88622,-2.555555556,51.92634,4,272.56668,351.3310861
1,25.06893145,91.82142063,9,-0.09005457,0.25131282,1.3812926,33663.12508,-1.567901235,51.454678,4,11.266666,21.16011018
1,25.17055428,91.83635208,15,0.7180361,-0.56417024,2.7802885,16700.91309,-2.987654321,49.728397,7,699.26666,119.6785615
1,25.14708105,91.74939262,22,0.29387417,-0.13693397,1.0244925,45362.57487,2.074074074,51.416935,4,2.8333333,71.4889699
1,25.09280848,91.79113338,12,0.4371579,-0.33076194,0.92740995,50133.88535,0.75308642,51.48252,4,31.766666,421.3753968
1,25.03749835,91.70094497,9,0.06816221,0.12240076,2.7605937,16838.16702,-0.061728395,49.474915,4,19.266666,1143.516934
1,25.03416771,91.76309588,11,0.37038118,-0.27570307,1.3810778,33677.70485,-0.222222222,51.36942,4,112.833336,172.2751474
1,25.14870456,91.74816538,12,0.18946534,-0.23464917,7.5205407,6144.603955,-3.555555556,51.416935,4,6.5333333,171.8140293
1,24.98260913,91.71853881,11,0.41124603,-0.2680513,1.8543341,25088.98382,-0.530864198,54.57589,4,2.1666667,63.60124981
1,25.09770342,91.72214685,8,-0.21544214,0.42184156,1.0240805,45398.74721,-0.617283951,50.14763,4,437.93332,365.7262206
1,25.15158114,91.74683877,15,0.14300208,-0.18353142,1.3818064,33628.33932,-1.074074074,51.59333,7,8.333333,268.4667364
1,25.05424098,91.74757778,10,-0.19247527,0.32416308,1.3812032,33669.21599,-0.012345679,50.14763,7,0.033333335,955.8217093
1,25.07847646,91.74972289,11,0.12655088,0.023795847,1.381351,33659.16737,2.530864198,50.14763,4,1.2,703.7108536
1,24.98827549,91.69420288,14,0.66859365,-0.49406993,3.4498847,13473.27962,-1.271604938,55.934193,6,1.7333333,175.7398879
1,25.10323307,91.82743115,10,0.039013956,0.16500019,2.962355,15681.26861,-1.728395062,52.62562,4,5.3333335,446.3438892
1,25.07376396,91.78229534,14,0.27909067,-0.18441318,12.069311,3796.067657,0.543209877,51.48252,4,0.6666667,32.73752232
1,25.01953008,91.79228677,18,0.6250105,-0.46296528,3.2042863,14504.76376,2.197530864,51.36942,4,62.4,82.23479821
1,25.08617314,91.75387973,14,0.55513126,-0.43566543,0.92740995,50136.58499,1.543209877,51.48252,4,25.133333,227.4491543
1,25.08827929,91.74152514,10,0.5848959,-0.4144454,2.7802885,16711.90771,-0.765432099,50.14763,4,48.833332,335.3807711
1,25.03455797,91.77737915,12,0.1398435,-0.013155894,3.0680447,15148.39956,0.012345679,51.36942,6,40.066666,557.378787
1,25.02203648,91.82616994,17,0.67898047,-0.5084038,2.7802885,16720.75067,1.012345679,51.375427,6,493.33334,45.67966241
1,25.12493721,91.81966771,13,0.35221735,-0.20517331,3.0703106,15126.25296,1.259259259,52.62562,4,22.433332,1407.018814
1,25.15602989,91.8316866,13,0.49509853,-0.2766608,1.3818322,33626.54815,-0.543209877,49.728397,4,259.63333,148.4762796
1,25.00220714,91.69488974,7,0.58896923,-0.43357044,5.5442805,8366.657094,-1.530864198,49.88214,4,0.3,756.9801172
1,25.1213998,91.74914892,15,0.21631466,-0.21801776,1.3816181,33641.05609,0.098765432,51.416935,4,64.13333,98.85486453
1,25.08968289,91.72589927,8,-0.26722988,0.47297728,1.8543341,25067.59218,-1.296296296,50.14763,4,253.66667,1292.316868
1,25.13320987,91.797578,12,0.06880433,0.10795642,2.0481021,22686.31515,0.518518519,51.92634,4,282.26666,108.132381
1,25.04449558,91.79454969,12,0.4934184,-0.28585523,4.137022,11224.46808,-1.592592593,51.36942,6,48.333332,128.7533269
1,25.04409809,91.7534894,10,0.011872166,0.17333996,2.117762,21955.08855,0.75308642,51.36942,7,48.133335,1562.960263
1,25.05237839,91.7170145,11,0.46842808,-0.34338617,1.8543341,25075.03881,0.962962963,50.14763,7,4.8333335,89.18068107
1,25.14459447,91.79518351,12,-0.02236055,0.21314305,3.585423,12946.53131,0.716049383,51.92634,4,404.56668,577.8414543
1,25.09074104,91.73180075,10,0.19677483,-0.018217424,1.3814285,33653.94281,-0.271604938,50.14763,4,164.33333,1127.007431
1,25.10879899,91.83834347,12,-0.23618087,0.38076,0.92740995,50127.51329,1.444444444,52.62562,4,17.333334,692.0980246
1,25.07879839,91.74717452,11,0.33561188,-0.14649807,1.3813545,33658.93629,-0.197530864,50.14763,4,0.033333335,702.4065969
1,24.99777778,91.71183054,9,0.060872357,0.10171282,2.1175754,21965.13569,-0.925925926,54.57589,4,8.7,714.9598269
1,25.17528225,91.83917307,21,0.6902488,-0.5326632,4.8070397,9643.970046,0.530864198,49.728397,7,912.9667,165.9221285
1,25.06980488,91.73915943,12,0.45635176,-0.29459912,3.4506865,13461.407,0.938271605,50.14763,4,70.833336,261.4842222
1,25.08559508,91.78255908,6,-0.20994064,0.41386902,4.4875813,10341.05064,-3.938271605,51.48252,7,0.033333335,32.22941648
1,24.98681127,91.7025131,8,0.5938423,-0.49090758,2.245736,20712.26549,-3,54.57589,6,2.4333334,146.0749569
1,25.14470527,91.76767913,16,0.5901117,-0.45590654,2.2481391,20664.03313,-1.308641975,51.92634,4,94.2,151.5497619
1,25.14903019,91.74775741,12,0.17369677,-0.21991879,2.9624875,15674.81495,-2.75308642,51.416935,4,7.366667,194.4629434
1,25.11848432,91.75096925,15,0.34195304,-0.26533288,3.5848625,12951.27121,-0.185185185,51.92634,4,73.666664,281.335089
1,25.01562922,91.703307,11,0.60592836,-0.48707587,2.2461736,20703.4726,-1.049382716,49.474915,4,1.6666666,164.4588142
1,25.08784203,91.76002997,18,0.24759442,-0.22765224,5.5096636,8413.800566,3.086419753,51.48252,4,24.833334,219.6121915
1,25.13664937,91.78661076,13,0.4693489,-0.32194868,1.0244063,45370.21182,-0.037037037,51.92634,4,372.93332,41.2320902
1,25.03255065,91.73366781,10,0.088854656,0.0820524,2.0464172,22723.30047,-0.037037037,49.474915,7,40.066666,127.7253679
1,25.04768516,91.80812039,12,-0.33081377,0.48838592,6.775887,6832.830001,1.074074074,51.375427,4,140.33333,421.429836
1,25.10989505,91.77333507,13,0.5791491,-0.37121946,2.1180277,21940.80528,-1.456790123,51.92634,4,124.333336,616.085704
1,25.10808714,91.79288319,11,0.52751195,-0.37811303,6.7761874,6829.230576,-1.592592593,51.92634,4,27.766666,907.7466414
1,25.01446401,91.70829904,11,0.2391395,-0.15423398,3.5826354,12970.11025,1.086419753,49.474915,7,11.333333,110.8728022
1,25.06905819,91.83755941,10,-0.07743522,0.20775475,4.1374736,11221.0425,-1.49382716,51.454678,4,16.166666,1138.394815
1,25.16480104,91.81177983,21,0.6011662,-0.43914223,2.762173,16811.37928,0.679012346,49.728397,4,513.06665,140.6089874
1,25.16311744,91.80680614,22,0.51394486,-0.3555069,2.2484233,20658.33903,1.679012346,49.728397,4,530.7,70.83068989
1,25.09507345,91.74098687,9,0.59388703,-0.3846278,2.1179671,21944.03421,-3.543209877,50.14763,4,125.933334,215.2945439
1,25.13381228,91.78003985,13,0.58154464,-0.40137532,0.92740995,50117.45751,0.061728395,51.92634,4,213.6,57.47303637
1,25.16419347,91.76337886,20,0.22282493,-0.24387553,5.192749,8924.913976,-0.938271605,51.694046,4,34.666668,524.7862185
1,25.03250966,91.72168221,12,0.009898542,0.122104116,2.760532,16839.19489,1.666666667,49.474915,4,19.533333,802.5410732
1,25.0802213,91.84430707,9,0.07285199,0.107366145,1.3813632,33658.36222,-2.469135802,51.454678,4,3.8666666,1103.851066
1,25.1105011,91.83996169,12,0.18107176,-0.006815291,3.20646,14484.40557,0.074074074,52.62562,4,21.333334,830.2594204
1,25.0370011,91.71744988,9,0.021920353,0.16938516,2.117734,21956.60686,-0.37037037,49.474915,7,1.2333333,493.2445879
1,25.16692153,91.80246992,13,0.50938684,-0.3622149,5.056995,9165.602786,-2.950617284,49.728397,4,713.36664,210.466788
1,25.14047559,91.81369253,11,0.60527354,-0.43839338,2.2480755,20665.28742,-1.925925926,52.62562,4,64.333336,17.48814028
1,25.05538841,91.79642192,10,-0.15220554,0.31384856,4.1372275,11222.91963,-1.802469136,51.48252,4,7.5333333,68.36325768
1,25.07724099,91.77538738,15,-0.13955857,0.23165552,1.8543341,25070.07502,0.987654321,51.48252,4,7.8,210.3173097
1,25.09894916,91.72573219,10,0.06785111,0.13177101,2.24744,20678.04721,0.160493827,50.14763,4,381.36667,280.4750344
1,25.04165892,91.78206196,10,0.61829334,-0.46738142,5.6400356,8221.116644,-1.827160494,51.36942,6,50.266666,523.0476803
1,25.07647067,91.83281985,14,0.47073856,-0.3421175,0.92740995,50140.47232,1.456790123,51.454678,4,4.0333333,671.3036072
1,25.08891714,91.74662642,12,0.5305356,-0.35607913,3.4508758,13458.60905,-0.407407407,50.14763,4,38.666668,144.6292997
1,25.09398665,91.72810901,11,0.13555436,0.016037913,2.047442,22700.78139,0.086419753,50.14763,4,261.66666,795.1440875
1,25.10953721,91.82295682,10,0.09438416,0.1294107,2.7614868,16823.00602,-0.308641975,52.62562,4,26.166666,853.9184943
1,25.16676881,91.82207667,20,0.21354322,-0.19299172,6.7179327,6885.762711,2.148148148,49.728397,4,505.13333,69.22394923
1,25.08258586,91.79474029,12,0.09711095,0.07500184,2.7611532,16828.66716,-0.049382716,51.48252,4,9.633333,477.8238695
1,25.1374176,91.81842738,12,0.24524611,-0.07954952,2.118139,21934.82391,-0.12345679,52.62562,4,17.066668,572.7505389
1,25.09961875,91.77490446,12,0.5774854,-0.36798057,3.7047918,12532.79673,-2.148148148,51.48252,4,17.766666,306.5073804
1,25.13526295,91.76486633,16,0.5036251,-0.29398915,4.138704,11211.75044,0.814814815,51.92634,4,32.333332,45.11691192
1,25.02358585,91.66974102,2,0.35560206,-0.2209075,2.246296,20701.01066,-7.37037037,49.88214,6,0.033333335,484.3981677
1,25.12999557,91.78169116,16,0.60337424,-0.44291416,1.3816717,33637.42932,2.864197531,51.92634,4,235.73334,260.9464642
1,25.14026275,91.72216767,45,0.17452271,-0.14371675,9.250113,4981.187396,4.975308642,51.416935,4,397.33334,627.8676025
1,25.11059269,91.79165577,12,-0.3252804,0.5019108,3.5846958,12952.68452,0.62962963,51.92634,4,52.166668,601.0889177
1,25.03989668,91.8195024,12,0.56520236,-0.42060754,1.8543341,25077.57067,-1.086419753,51.375427,4,198.53334,668.2816479
1,24.99539147,91.7309395,14,0.47124404,-0.27848685,2.2458663,20709.64061,0.938271605,54.57589,6,129.93333,115.5845461
1,25.12303352,91.80784055,12,0.41899532,-0.23264602,2.1180806,21937.93948,0.098765432,52.62562,4,134.53334,629.8948191
1,25.05423978,91.72513295,8,-0.11003037,0.28741786,0.92740995,50149.3178,-2.061728395,50.14763,4,4.9333334,363.7556415
1,25.06262913,91.81820314,18,0.6032855,-0.45687458,5.8068085,7982.111043,3.432098765,51.454678,6,13.233334,422.5896292
1,25.15945285,91.8263651,17,0.49367666,-0.30648807,2.962518,15673.33346,0.913580247,49.728397,4,310.53333,368.4457409
1,25.11530455,91.80256733,13,0.098809324,0.002393242,2.0477998,22692.94629,0.814814815,52.62562,4,128.86667,576.6265368
1,25.00217948,91.71848146,10,0.060850065,0.07653306,1.3808805,33691.12208,-1.382716049,49.474915,4,36.266666,8.397220936
1,25.11195147,91.78375422,15,0.6525323,-0.50582063,3.451104,13455.2233,2.345679012,51.92634,4,117.666664,427.9832449
1,25.05447121,91.75199655,10,-0.23876084,0.3655808,2.1178036,21952.86398,0.765432099,51.48252,7,0.033333335,639.9691208
1,25.04288289,91.84053157,9,0.49617195,-0.41117105,3.4504206,13465.3418,-2.950617284,51.375427,6,141.66667,101.2886871
1,25.02078874,91.81285003,15,0.36583692,-0.30170155,5.908485,7846.42685,2.209876543,51.375427,6,198.83333,68.69024747
1,25.0707748,91.76854867,12,0.17370348,-0.017304175,1.3813046,33662.3253,-0.012345679,51.48252,4,66.96667,466.5369154
1,25.12137584,91.74665118,19,0.45987177,-0.3768969,3.584922,12950.74844,0.24691358,51.416935,4,86.03333,129.4336215
1,25.03102868,91.73462518,7,0.33931482,-0.20926705,2.0463896,22723.90164,-2.543209877,49.474915,4,57.133335,15.23982804
1,25.08060631,91.81368693,11,0.34985766,-0.21557482,4.1376896,11219.41691,0.111111111,51.454678,6,0.96666664,1237.463785
1,25.14232874,91.79124397,10,0.5468954,-0.33914447,2.118158,21933.77469,-2.345679012,51.92634,4,489.36667,169.7880991
1,25.17501124,91.82994477,14,0.42491966,-0.34001887,7.9796877,5785.602122,-4.703703704,49.728397,4,809.73334,48.02303696
1,24.99679123,91.73300426,9,-0.19791019,0.33784965,1.8543341,25086.18615,-2.086419753,54.57589,6,152.66667,238.058639
1,25.05804349,91.77726569,9,-0.02222929,0.16170274,2.9622252,15687.59561,-2.679012346,51.48252,6,0.033333335,1173.77787
1,25.034451,91.85018849,15,0.39330262,-0.30477345,3.4503384,13466.56049,2.654320988,51.85888,4,414.56668,609.2341326
1,24.98599765,91.70291972,10,0.4365696,-0.35846302,3.44986,13473.63596,-1.580246914,54.57589,6,1.3333334,116.5232814
1,25.053837,91.81021745,11,0.4144344,-0.30776095,2.760796,16834.72317,-0.839506173,51.454678,6,104.166664,676.4597195
1,25.13110801,91.72520498,13,0.5249425,-0.2993745,2.1181133,21936.17999,-0.987654321,51.416935,4,396.96667,251.3720268
1,25.03579575,91.72218373,11,0.38270625,-0.22307609,3.7047918,12539.18953,0.444444444,49.474915,7,7.266667,986.9785711
1,25.09322464,91.84159068,12,0.57101,-0.4145833,2.962326,15682.67182,0,51.454678,6,0.13333334,992.3735566
1,25.13898856,91.80527199,14,0.5676888,-0.44642243,3.4513707,13451.27825,-0.320987654,52.62562,4,154.16667,422.2662492
1,25.11923877,91.84500059,13,0.5374567,-0.43215337,1.024262,45382.87564,0.172839506,52.62562,4,0.8666667,1065.172025
1,25.03245791,91.85097999,14,-0.11338093,0.22851564,4.1368017,11226.12951,1.329113924,51.85888,4,470.83334,514.5081815
1,25.15982157,91.81695002,11,0.45418593,-0.25730702,1.3818564,33624.94191,-2.592592593,49.728397,4,334.46667,730.0225639
1,25.03385729,91.69107193,12,0.5399938,-0.3730453,2.1177206,21957.31156,-1.271604938,49.88214,4,19.2,627.4228533
1,25.04529797,91.69669609,14,0.524567,-0.32199234,1.3811464,33673.06297,-0.024691358,49.88214,6,2.4666667,271.6255672
1,25.07895946,91.76602827,13,0.5796185,-0.37752178,0.92740995,50139.49955,0.962962963,51.48252,4,12,212.5795627
1,25.01943584,91.73352652,12,0.34351602,-0.21902174,4.190396,11083.21295,-2.024691358,49.474915,4,25.366667,275.1254574
1,25.14336875,91.83741198,13,0.5593824,-0.42289963,3.4514148,13450.64142,0.864197531,52.62562,6,128.96666,189.7735315
1,25.07768423,91.75166609,8,0.17195438,0.015859408,0.92740995,50139.93315,-3.37037037,51.48252,4,3.7666667,656.3799815
1,25.13709224,91.81815357,11,0.384763,-0.1927197,2.2480247,20666.33468,-1.617283951,52.62562,4,17.066668,580.1044905
1,25.14729025,91.77944338,18,0.6226621,-0.46808755,1.8543341,25056.02633,1.641975309,51.92634,4,283.53333,41.76780055
1,25.01588124,91.73728915,14,0.48628953,-0.3934382,3.842785,12089.55144,2.209876543,49.474915,6,2.4,160.1718995
1,25.06873306,91.75533847,8,0.12651764,0.036366854,3.0688984,15140.0424,-2.24691358,51.48252,4,51.266666,316.3428188
1,25.00859041,91.71612887,10,0.5534708,-0.44728014,2.117619,21962.79766,-0.271604938,49.474915,4,2.1666667,74.11483117
1,25.10240926,91.73412514,15,0.55839634,-0.36918142,0.92740995,50130.10736,2.086419753,51.416935,4,315.23334,91.25016534
1,25.14414873,91.79040309,13,0.49439064,-0.33865637,4.7384562,9786.660191,0.135802469,51.92634,4,530.8333,335.4070864
1,25.02056437,91.70924792,9,0.3596145,-0.2657763,1.3809937,33683.37054,-0.567901235,49.474915,7,0.16666667,659.112685
1,25.11206457,91.83486172,10,0.56616247,-0.4249261,3.2064934,14484.06709,-1.172839506,52.62562,4,3.6333334,295.476785
1,25.04526968,91.72942682,11,-0.12923934,0.31103575,1.3811464,33673.06297,0.839506173,49.474915,7,16.666666,190.5856149
1,25.0194306,91.71210976,8,-0.32051685,0.4715686,1.0234262,45456.21978,-1.407407407,49.474915,7,1.9333333,755.1793155
1,24.99973614,91.70787261,6,0.06869251,0.08445057,1.3808651,33692.14815,-3.061728395,54.57589,4,4.3333335,317.7578235
1,25.16129558,91.81751586,18,0.46693757,-0.272679,4.195006,11058.4302,3.518518519,49.728397,4,369.76666,550.6788729
1,25.01909411,91.82824477,15,0.42260137,-0.2936226,4.4855733,10351.19478,0.514705882,51.375427,6,508.33334,11.35558449
1,25.05751815,91.77950038,11,-0.026521089,0.19942673,4.1372633,11222.62905,0.283950617,51.48252,4,1.6666666,1128.708032
1,25.03277708,91.75405746,11,-0.07134524,0.20490043,4.4859843,10349.10819,1.543209877,51.36942,4,165.13333,661.223705
1,25.12722621,91.76229631,25,-0.3502813,0.4341198,7.1927605,6428.900031,8.75308642,51.92634,7,5.633333,308.7716099
1,25.02961181,91.76466585,10,0.10368837,0.020454986,2.962143,15691.60599,-1.765432099,51.36942,4,96.96667,219.0290419
1,25.11634497,91.82697745,10,0.66184235,-0.48186255,1.381587,33643.19069,-0.172839506,52.62562,4,3.8666666,572.9707184
1,25.04065384,91.78779764,12,0.4880759,-0.26191294,2.1177475,21955.85347,-1.432098765,51.36942,4,54.966667,574.1897537
1,25.1567408,91.81806462,14,0.47508684,-0.23433712,1.0245742,45355.43327,0.160493827,49.728397,4,259.86667,1058.605571
1,25.01988437,91.68790506,10,0.6513374,-0.49667937,1.3809903,33683.67263,-0.604938272,49.88214,6,1.2333333,410.7645246
1,25.02858755,91.70258697,12,-0.008936835,0.20139064,2.760484,16840.03072,1.308641975,49.474915,4,0.033333335,756.2189682
1,25.0211385,91.7070334,17,0.47533756,-0.38872555,6.2955494,7360.429382,4.679012346,49.474915,7,0.16666667,541.7147421
1,25.02133905,91.79179105,12,0.61537856,-0.44642073,4.738236,9796.731301,-1.407407407,51.36942,6,46.133335,44.42105516
1,25.0091568,91.6942103,11,0.66141105,-0.49702525,1.0233406,45463.72992,0.345679012,49.88214,6,2.4333334,990.4932922
1,25.1191658,91.8428077,12,0.080139354,0.002614893,1.3816043,33642.04584,0.037037037,52.62562,4,1.7333333,851.0025758
1,25.08135859,91.73597323,10,-0.31426793,0.451653,3.205761,14490.94224,0.50617284,50.14763,4,60,184.8781001
1,24.99549153,91.67437295,12,0.40264413,-0.16880229,2.962046,15696.36506,-1.086419753,55.934193,6,1.7333333,675.7920837
1,25.11242422,91.81609496,14,0.45034787,-0.2905586,3.5847256,12952.40898,1.308641975,52.62562,4,44.866665,1592.663456
1,25.11802663,91.79830065,11,0.22777691,-0.060174014,2.76159,16821.25127,-0.641975309,51.92634,4,146.46666,63.95746882
1,25.07504794,91.76784976,15,0.5169833,-0.3828487,1.3813304,33660.53828,1.234567901,51.48252,4,32.533333,70.81709638
1,25.13381852,91.75324736,19,-0.20562,0.250229,7.5201297,6145.673286,2.765432099,51.92634,7,17.133333,33.1352064
1,25.16966025,91.83308518,21,0.68830806,-0.5283029,2.248521,20656.36742,2.469135802,49.728397,4,639.36664,253.1716259
1,25.15821418,91.7743249,20,0.5217838,-0.39390504,2.7620866,16812.81375,2.395061728,51.694046,4,155.33333,85.80484024
1,25.0196861,91.76702529,9,-0.17327717,0.31441486,3.7047918,12540.80516,-1.135802469,51.36942,4,20.566668,142.6386107
1,25.0751158,91.73513632,11,0.28244,-0.063772984,2.0471263,22707.70676,-0.386666667,50.14763,4,75,472.8384903
1,25.05185322,91.71796456,9,0.009697991,0.1701207,2.7802885,16716.76405,-1.172839506,50.14763,7,3.3333333,171.7847364
1,25.02236691,91.73451814,17,0.28563762,-0.14258462,3.450218,13468.33345,2.567901235,49.474915,4,38.533333,171.3403715
1,25.0344427,91.73061501,8,-0.20361109,0.3812456,3.204638,14501.45617,-0.790123457,49.474915,7,15.6,396.8186014
1,25.10163465,91.8041758,12,0.3440194,-0.18362993,2.0475721,22697.96778,0.790123457,52.62562,4,41.366665,1933.693483
1,25.09525836,91.73730714,13,0.42673752,-0.25350034,1.8543341,25066.45916,1.617283951,50.14763,4,157.76666,542.0759587
1,25.12021441,91.78673741,12,0.6487028,-0.44989192,2.7802885,16707.65842,-0.703703704,51.92634,4,207.63333,467.6255015
1,25.17461368,91.83449763,15,0.619036,-0.48852512,2.7802885,16700.3714,-1.320987654,49.728397,4,826.1667,273.5940787
1,25.1106847,91.78940704,6,0.61372924,-0.44435692,2.118031,21940.62874,-3.530864198,51.92634,4,61.466667,606.2856609
1,25.08491201,91.78312143,9,0.27068147,-0.14021616,0.92740995,50137.12794,-1.604938272,51.48252,7,0.6,58.03234712
1,25.12775999,91.83784923,13,0.644718,-0.5040992,1.8543341,25059.97399,0.925925926,52.62562,4,22.833334,111.1674052
1,25.11832429,91.81982712,13,0.3404882,-0.1690903,0.92740995,50123.73153,1.604938272,52.62562,4,48.433334,1334.330616
1,25.1386768,91.75716286,23,0.30986738,-0.24607304,2.1181436,21934.54097,2.432098765,51.92634,4,28.433332,148.1912861
1,25.051295,91.73420839,9,0.35940775,-0.2530422,2.1177912,21953.51253,-0.456790123,50.14763,7,0.43333334,388.8100554
1,25.09535616,91.83508958,13,0.47062996,-0.33863267,2.7802885,16710.97264,0.703703704,51.454678,6,1.6666666,317.8330211
1,25.03514878,91.79264556,10,0.34834132,-0.13607909,3.2046578,14501.27268,-1.604938272,51.36942,6,34.166668,88.58801498
1,25.03792926,91.83116137,12,0.34591427,-0.21854985,1.0235814,45442.58897,-0.419753086,51.375427,4,177.63333,209.2567244
1,25.0967208,91.82005483,14,0.39085674,-0.23268224,1.3814647,33651.46515,1.012345679,51.454678,4,12,1209.847709
1,24.99124115,91.72779456,11,0.4116095,-0.2908674,3.2036107,14511.09857,-1.580246914,54.57589,6,64.26667,63.17179667
1,24.98193717,91.70703872,12,0.51449996,-0.40342727,2.7599092,16849.79561,2.172839506,54.57589,4,0.16666667,76.83968351
1,25.10849544,91.77471821,15,0.5882439,-0.3799348,4.1932874,11067.65949,0.111111111,51.92634,4,104.666664,798.5171995
1,25.03926471,91.7008248,11,0.11462454,0.06560634,2.246532,20696.25541,2.320987654,49.474915,4,12.966666,1006.816034
1,25.05407276,91.82090449,13,0.4486754,-0.22894724,2.7607994,16834.66608,-0.271604938,51.454678,4,39.633335,41.60779639
1,25.10978248,91.75799278,18,0.18621975,-0.14322388,2.0477116,22694.90287,-0.24691358,51.92634,4,159,83.5523222
1,25.11462367,91.82656036,10,-0.15310588,0.39004412,1.3815768,33643.87572,-0.444444444,52.62562,4,4.9333334,584.7012845
1,25.03085328,91.69294496,12,0.35019377,-0.26953936,0,0,0.679012346,49.88214,4,7.766667,381.4344789
1,25.08451304,91.82765205,14,0.6032456,-0.47598788,1.8543341,25068.61774,0.271604938,51.454678,4,11.333333,169.9637239
1,25.00834965,91.68629418,8,0.17145753,0.043980025,2.1176178,21962.85791,-2.679012346,49.88214,4,0.8666667,209.5362373
1,25.11025612,91.72862605,15,0.6055615,-0.45581803,2.7614937,16822.89171,1.197530864,51.416935,4,561.6,206.0562843
1,25.14045606,91.73951234,14,0.6073051,-0.4745524,1.0244366,45367.50181,-0.851851852,51.416935,4,73.066666,21.91116438
1,25.09935045,91.7434223,12,0.5524487,-0.32692692,1.3814819,33650.32301,0.518518519,50.14763,4,184.16667,207.6209425
1,25.07330952,91.74075918,14,0.5472347,-0.43730843,4.2299876,10974.38518,1.012345679,50.14763,6,35.333332,577.8494127
1,25.0448427,91.7318174,11,-0.34302822,0.4993481,1.3811448,33673.17455,1.543209877,49.474915,7,20.966667,37.2211991
1,25.10048996,91.75021549,13,0.6723983,-0.51035976,6.8771234,6728.455614,-0.308641975,51.92634,4,152.06667,187.8393683
1,25.11431055,91.82187035,13,0.5202157,-0.35658246,1.3815733,33644.10672,1.197530864,52.62562,4,28.566668,1027.67892
1,25.02989406,91.74949222,10,0.17477617,-0.02534116,4.1907287,11081.40162,-1.061728395,49.474915,4,160.26666,585.7015264
1,25.0780822,91.75962857,12,0.584761,-0.43636513,2.0471773,22706.60247,0.382716049,51.48252,4,2.6666667,60.4046193
1,25.09954551,91.7689669,16,0.5211362,-0.4096882,5.1900997,8934.120473,0.777777778,51.48252,4,19.333334,268.8890888
1,25.09894418,91.79027838,12,-0.3220877,0.45862183,1.8543341,25065.75597,0.061728395,51.48252,4,9.733334,998.242984
1,25.15201445,91.82475079,18,0.59433335,-0.44323424,5.1922364,8926.687204,4.469135802,49.728397,4,154.66667,590.7565833
1,25.07358755,91.77040461,14,0.1623485,0.020593233,1.3813218,33661.18288,2.308641975,51.48252,4,45.933334,121.1457972
1,25.03103924,91.79647386,12,0.10609481,0.09713081,2.1177084,21957.95768,0.49382716,51.36942,6,53.866665,466.0127734
1,25.04586375,91.81539768,12,0.36484382,-0.19635902,1.0236464,45436.8724,-0.419753086,51.375427,4,160.13333,132.4111024
1,25.11662568,91.76135544,19,0.36834842,-0.271012,8.868628,5200.131724,2.111111111,51.92634,7,66.666664,195.767382
1,25.0266037,91.84838445,12,0.58090836,-0.4808654,3.4502618,13467.69915,-0.925925926,51.375427,6,577.36664,195.3779545
1,25.01955943,91.81930356,13,0.28425264,-0.1235688,2.2462368,20702.22212,-0.098765432,51.375427,6,297.76666,286.7729026
1,25.13941134,91.82559087,8,-0.21425709,0.4146778,2.118147,21934.36445,-0.62962963,52.62562,4,18.266666,247.868764
1,25.02688157,91.85385427,12,0.31149948,-0.17125438,4.0874424,11362.67643,0.493670886,51.85888,4,668.4,74.41613225
1,25.03397444,91.6873101,6,0.21680118,-0.07560671,1.8543341,25078.75648,-4.987654321,49.88214,4,4.1666665,488.7646194
1,25.08979289,91.82142436,16,0.6325876,-0.47568035,0.92740995,50135.18238,2.679012346,51.454678,4,29.666666,933.0793362
1,25.12904007,91.73426884,12,0.46152654,-0.22855715,1.0243411,45375.84515,-1.259259259,51.416935,4,244.43333,219.1455718
1,25.07040477,91.80413394,12,0.09771463,0.026022144,4.192043,11074.3429,1.530864198,51.454678,4,25.5,1584.722863
1,25.08479849,91.77031935,10,-0.18544662,0.30667898,1.3813907,33656.4609,-1.209876543,51.48252,4,0.33333334,954.3222231
1,24.99169455,91.72141075,12,0.10669697,-0.008045574,1.3808154,33695.52905,1.481481481,54.57589,4,50.7,282.7479031
1,25.08786541,91.79865116,13,0.29858822,-0.09094548,4.0894647,11351.52018,2.839506173,51.48252,4,2.9666667,795.7966104
1,25.01500918,91.78308902,12,0.5425671,-0.38788375,2.2461653,20703.63829,0.382716049,51.36942,6,95.76667,824.3003878
1,25.1135177,91.78447987,15,0.60028374,-0.4253844,1.0242107,45387.30171,1.740740741,51.92634,4,124.933334,268.1508604
1,25.15105246,91.76965055,20,0.4347474,-0.3256267,0.92740995,50110.53496,-0.209876543,51.694046,4,100.86667,100.6939845
1,25.11211716,91.77921883,14,0.558427,-0.4253848,1.8543341,25063.10912,-0.12345679,51.92634,4,169.5,572.0681244
1,25.16340507,91.80848856,18,0.5180893,-0.3618632,2.7621555,16811.66755,-0.765432099,49.728397,7,515.23334,154.2613238
1,25.11244659,91.83979684,11,0.46387392,-0.36423606,3.8429983,12079.57118,-0.987654321,52.62562,4,16.033333,771.6857636
1,25.02055908,91.67649047,12,0.51805496,-0.38814285,4.738235,9796.775254,0.49382716,49.88214,4,3.8666666,23.83291114
1,25.05440411,91.83781715,10,0.31442603,-0.2146585,1.3812032,33669.21599,-0.87654321,51.454678,4,25.633333,766.8215664
1,25.13705047,91.77046315,14,0.64573485,-0.49786463,2.7618277,16817.22526,-0.50617284,51.92634,4,88.8,26.6319607
1,25.07094598,91.81515859,10,0.32698905,-0.21278237,0.92740995,50142.62902,-2.604938272,51.454678,4,32.133335,668.6941247
1,25.05267165,91.83198007,11,0.36302027,-0.22187005,2.0467553,22715.88225,-1.345679012,51.454678,6,11.1,566.6959085
1,25.04944958,91.68785522,11,0.57570916,-0.4005682,2.246688,20693.12648,-0.37037037,49.88214,4,0.6,228.9590103
1,25.04514103,91.84626679,12,0.53422797,-0.42217344,4.6273675,10030.59742,-0.135802469,51.375427,6,175.06667,32.21931607
1,25.01662238,91.68138003,9,0.025145072,0.058794018,2.0461535,22729.11165,-0.666666667,49.88214,4,0.43333334,400.1286602
1,25.0188243,91.71734796,10,-0.46687213,0.6092603,2.760364,16842.06482,1.271604938,49.474915,7,20.333334,877.5950013
1,25.04693098,91.68997956,9,0.27196932,-0.22486241,3.8428538,12086.34819,-0.888888889,49.88214,6,0.43333334,253.9609748
1,25.04399208,91.76189046,9,-0.11461562,0.2735945,1.02363,45438.2841,-0.592592593,51.36942,4,37.666668,824.5554234
1,25.166499,91.74641693,20,0.37738785,-0.32311872,0,0,-0.449275362,51.59333,7,5.4666667,1202.070847
1,25.08929192,91.81957345,12,0.5896959,-0.42546895,0,0,-1.49382716,51.454678,4,45.333332,1106.095492
1,24.99234407,91.67972987,14,0.51263744,-0.290442,4.1895247,11087.90473,1.666666667,55.934193,6,0.8333333,299.0238865
1,25.06664889,91.80042828,9,0.2754954,-0.12764084,2.1178527,21950.18239,-0.950617284,51.454678,4,2.6666667,1060.004952
1,25.04820377,91.83226862,13,0.47837725,-0.34250608,4.1913223,11078.20733,0.469135802,51.375427,4,41.366665,437.8422729
1,25.07766216,91.74962483,9,-0.07524044,0.20647247,3.0691206,15137.86956,-2.382716049,50.14763,4,2.7,752.6188169
1,25.04741352,91.69278745,12,0.3936262,-0.2946407,2.2466583,20693.75533,-0.074074074,49.88214,6,2.1333334,176.3639594
1,25.05683484,91.79274635,8,0.34730932,-0.3199576,2.1178124,21952.34828,-2.864197531,51.48252,4,1.3333334,144.9744787
1,25.01500062,91.68391087,13,0.08760543,0.01720935,2.1176445,21961.40215,2.481481481,49.88214,4,0.96666664,389.5497007
1,25.08581307,91.76912884,12,-0.003614115,0.18248175,3.5841603,12957.19335,0.580246914,51.48252,4,1.9333333,814.8132249
1,25.07437788,91.82076929,13,0.65211374,-0.49914294,2.1178842,21948.53391,-0.234567901,51.454678,4,6.1666665,268.441585
1,25.13550626,91.84285706,13,0.5998426,-0.47006208,1.3817061,33635.13778,-0.6875,52.62562,4,116.566666,470.4540818
1,24.97390128,91.70767816,12,-0.29159254,0.43426502,6.1844726,7496.516945,0.453333333,54.57589,4,12,444.0070126
1,25.09157029,91.75658849,16,0.5645509,-0.44665313,2.7802885,16711.47663,1.12345679,51.48252,4,45.933334,44.3504517
1,25.06926942,91.75868914,12,0.5003304,-0.38227418,1.3812943,33663.01352,-0.790123457,51.48252,4,50.733334,9.658894314
1,25.16928443,91.7506246,14,-0.2157371,0.36970422,2.1182675,21927.90292,-0.790123457,51.694046,7,10.166667,1490.472431
1,25.07664203,91.77347149,8,-0.034667067,0.18337063,1.0239038,45414.20795,-4.49382716,51.48252,6,16.966667,216.571784
1,25.02664274,91.73355044,14,0.4595745,-0.36127,2.76046,16840.43102,1.320987654,49.474915,4,83.86667,142.2497496
1,25.11350368,91.76021895,17,0.49115095,-0.3588063,1.3815681,33644.45215,0.037037037,51.92634,4,105.066666,48.33037812
1,25.12147271,91.75837729,21,0.60116994,-0.4271221,7.192426,6429.493617,0.234567901,51.92634,4,22.666666,41.46498845
1,25.12269171,91.77472201,15,0.5203323,-0.3209073,7.142052,6475.249959,0.543209877,51.92634,4,126.833336,235.5420743
1,25.04590614,91.76448742,11,0.10264636,0.0243037,0.92740995,50152.66218,-1.049382716,51.36942,4,14.733334,674.6429552
1,25.15648792,91.76521944,16,0.2850337,-0.27212274,13.64122,3342.339467,-0.777777778,51.694046,4,45.633335,18.82143233
1,25.02421885,91.83001604,10,0.49538594,-0.36484343,4.8046355,9660.489858,-3.222222222,51.375427,6,512.56665,87.25169909
1,24.98953825,91.70844825,10,-0.020493912,0.18614934,1.3808017,33696.44358,0.037037037,54.57589,4,21.133333,469.7438178
1,25.11856974,91.72667845,9,0.6269612,-0.45626938,0.92740995,50123.62219,-1.666666667,51.416935,4,496.86667,429.1831331
1,25.04635496,91.82916141,12,0.4522352,-0.33719468,1.3811533,33672.60321,-2.135802469,51.375427,4,59.333332,73.6736601
1,25.09497078,91.77290361,13,0.11640789,0.045775548,3.5843565,12955.53314,0.814814815,51.48252,4,2.0333333,111.7820181
1,25.10270635,91.7662205,15,0.48403737,-0.34756455,4.488095,10338.45895,-1.395061728,51.92634,4,41.666668,21.62437705
1,25.13947787,91.74646971,20,0.53078544,-0.41869402,1.3817303,33633.46039,-2.189189189,51.416935,4,22.833334,7.426615853
1,25.08179182,91.82505256,11,0.579842,-0.4713259,1.8543341,25069.15691,-1.913580247,51.454678,4,11.633333,281.2530181
1,25.0349059,91.84060549,16,0.6271636,-0.479746,1.3810829,33677.36208,0.098765432,51.375427,4,276.03333,54.9355468
1,25.04782032,91.78282742,9,0.44577488,-0.307363,1.0236626,45435.37382,-2.345679012,51.36942,6,10.833333,158.087852
1,25.090042,91.82786151,13,0.5770576,-0.40923533,2.2473047,20680.76431,1.790123457,51.454678,4,1.3333334,318.6815093
1,25.10209936,91.73825072,14,0.53319484,-0.33880037,1.8543341,25065.10745,0.283950617,51.416935,4,268.16666,97.48258895
1,25.05952257,91.76584588,9,0.10769234,0.08482032,1.381234,33667.08856,-0.987654321,51.48252,4,9.233334,504.689424
1,25.11866361,91.74077305,17,0.56441677,-0.45328024,4.1383996,11214.0529,2.185185185,51.416935,4,185.63333,71.45344618
1,25.04509421,91.79138561,14,0.4483083,-0.29025957,0.92740995,50152.98644,-0.148148148,51.36942,6,38.533333,27.92785609
1,25.04425441,91.72426525,6,-0.11452078,0.2947737,3.7047918,12538.35437,-3,49.474915,7,16.033333,216.4892054
1,25.13750209,91.78296666,14,0.490407,-0.33008724,5.1090283,9073.921569,0.308641975,51.92634,4,290.16666,212.2968887
1,25.05360638,91.73227675,7,0.00765901,0.19371168,0.92740995,50149.64205,-1.456790123,50.14763,4,0.6666667,173.7084693
1,25.03637854,91.71905464,15,0.3593238,-0.21525246,3.2046845,14501.02733,4.111111111,49.474915,7,4.3333335,666.8301745
1,25.01292743,91.79738059,16,0.42825207,-0.27049428,4.4853806,10352.15158,2.456790123,51.36942,4,14.833333,25.30172311
1,25.14531351,91.80206601,14,0.50015044,-0.3318771,1.0244786,45363.87862,-0.333333333,52.62562,4,263.06668,336.4830497
1,25.08522308,91.79880206,10,-0.005673219,0.15231375,2.2472286,20682.26752,-0.222222222,51.48252,6,0.26666668,811.1778549
1,25.16758007,91.75772497,16,0.16110191,-0.050293375,3.207828,14471.59094,-0.4625,51.694046,7,27.766666,1137.925405
1,25.14269156,91.71997982,11,0.20337516,-0.17213304,6.1239734,7560.947927,-6.024691358,51.416935,4,450.16666,408.2567625
1,25.02119675,91.81605978,11,0.5122651,-0.34202182,4.804587,9660.816123,-1.320987654,51.375427,6,256.96667,10.00762294
1,25.1461516,91.82579884,11,0.26716134,-0.10135553,4.13891,11210.19775,-0.641975309,52.62562,4,75.76667,20.46071816
1,25.01124872,91.74039275,11,0.42387763,-0.3203409,2.9620912,15694.17242,1.160493827,49.474915,4,3.6333334,563.8805298
1,25.12506022,91.74391495,18,0.6739967,-0.4761746,4.4887776,10335.03021,0.518518519,51.416935,4,99.76667,183.8828923
1,25.16611035,91.7484738,12,0.023959389,0.04207427,14.542159,3126.719642,-4.24691358,51.59333,7,1.7333333,1151.688272
1,25.09589198,91.79212475,11,0.5111977,-0.30950212,2.7802885,16710.89975,-0.283950617,51.48252,4,12.966666,758.3979881
1,25.15684269,91.83396157,14,0.5765328,-0.45880964,1.3818375,33626.20286,-0.345679012,49.728397,4,297.23334,60.67989451
1,25.05975441,91.71659435,12,0.38425663,-0.24392347,1.0237622,45426.64979,1.259259259,50.14763,4,44.066666,264.7928037
1,25.06403452,91.78827129,13,0.30398923,-0.28068322,1.0237994,45423.43489,0.901234568,51.48252,4,6.0333333,156.3307466
1,25.11010043,91.74443465,11,0.52762324,-0.30121046,2.7614937,16822.89171,-3.740740741,51.416935,6,251.33333,456.9378443
1,25.0576291,91.83189645,-6,-0.41502813,0.54054487,21.187687,2094.240758,-15.5308642,51.454678,7,0.3,685.9193744
1,25.04457765,91.77924518,8,0.41962287,-0.21430394,2.2466164,20694.58719,-3.604938272,51.36942,6,20.166666,289.1289973
1,25.04686439,91.81853816,14,0.60981095,-0.45200154,6.162841,7518.661111,1.814814815,51.375427,4,115.23333,331.3210094
1,25.03876088,91.74335522,11,0.1159728,0.060082052,0,0,0.49382716,49.474915,4,86.666664,950.0218021
1,25.15072726,91.80180161,15,0.63438636,-0.48401952,1.3818011,33628.68462,0.148148148,49.728397,4,347.26666,94.02797411
1,25.15890936,91.70342446,20,0.6584391,-0.4771639,2.762097,16812.64245,1.366666667,51.59333,4,976.6667,1597.404537
1,25.04717368,91.80290084,11,0.09022799,0.026185647,0.92740995,50152.22858,-0.888888889,51.375427,4,77.63333,80.08863261
1,25.11942051,91.81354556,11,0.001658348,0.14702652,2.2477534,20671.77544,-1.580246914,52.62562,4,105.36667,1333.065778
1,25.08380899,91.80559649,12,-0.1814228,0.38479295,2.0472703,22704.54413,3.617283951,51.454678,6,0.26666668,1505.980732
1,25.11596916,91.81967727,10,0.20653726,-0.039840978,2.047814,22692.64347,-1.185185185,52.62562,4,45.933334,1279.523657
1,25.15414153,91.77759361,19,0.5061302,-0.39755452,5.5112987,8406.826803,0.086419753,51.694046,4,228.03334,307.9152993
1,25.08488916,91.82423492,14,0.6371871,-0.47932845,2.1179256,21946.26173,0.950617284,51.454678,4,23.633333,490.275034
1,25.06549391,91.81383675,15,0.5455035,-0.39197668,0.92740995,50144.89506,0.222222222,51.454678,4,41.366665,798.6936864
1,25.04638598,91.69889094,13,0.11451978,0.001405561,0,0,1.592592593,49.88214,4,1.6333333,289.5414959
1,25.1085021,91.79850316,12,0.34859872,-0.19349523,1.3815387,33646.47247,-1.407407407,51.92634,4,36.533333,996.166745
1,25.04685771,91.70986396,10,0.107848816,0.053031087,2.9621933,15689.1817,0.160493827,49.474915,4,0.8666667,406.8235674
1,25.01153702,91.75176325,9,-0.1468333,0.2789307,1.3809371,33687.2107,-1.625,51.36942,4,47.366665,27.74085933
1,25.13621801,91.7472403,20,0.4232358,-0.34181517,1.0244039,45370.41643,0.703703704,51.416935,4,39.533333,64.48636538
1,25.0848712,91.84890804,12,0.1796085,-0.06762613,1.0239712,45408.29021,1.086419753,51.454678,4,6.8333335,762.3284613
1,25.1377985,91.81411938,14,0.40332907,-0.2641292,1.38172,33634.14817,0.530864198,52.62562,4,44.066666,215.1563605
1,25.10927002,91.80012368,14,0.09020138,0.06341695,2.1180255,21940.92325,0.987654321,52.62562,4,49.633335,984.5930521
1,25.14354197,91.82812439,11,0.40973303,-0.26247784,0,0,-1.111111111,52.62562,4,55.266666,250.7166423
1,25.06969625,91.77765375,11,0.39464626,-0.2677917,2.7609916,16831.39291,-0.209876543,51.48252,6,20.433332,355.3776314
1,25.06142905,91.7722556,10,0.077745244,0.06495965,1.3812461,33666.28871,-1.308641975,51.48252,4,12.166667,1096.060206
1,25.02729529,91.79622241,10,0.05875368,0.11922983,6.3890214,7251.50934,-1.296296296,51.36942,6,52.333332,429.0265934
1,25.01308071,91.7548978,10,0.014912557,0.13584208,1.023373,45460.82673,0.24691358,51.36942,4,21.333334,268.8101708
1,25.03476443,91.79927775,11,0.5247788,-0.3765584,3.2046447,14501.39428,-0.49382716,51.36942,6,94.13333,288.5789174
1,25.12013198,91.76670024,19,-0.13647576,0.14488184,5.1909285,8931.223017,2.975308642,51.92634,4,58.166668,115.6800604
1,25.07858209,91.79068114,13,0.09830505,0.05684084,3.8429239,12083.05953,0.888888889,51.48252,4,2.8333333,338.603063
1,25.04927385,91.75636398,11,0.0994898,0.06629117,1.3811705,33671.38966,1.296296296,51.36942,4,14.733334,944.5415328
1,25.059753,91.74644051,8,-0.16575447,0.3624141,2.1178248,21951.69974,-0.950617284,50.14763,7,14.533334,682.1801928
1,25.1085848,91.73357746,13,0.4954469,-0.27356076,3.8429904,12079.96125,-0.666666667,51.416935,4,468.33334,286.2192787
1,25.09664622,91.84050642,9,0.16592452,0.036737345,1.0240712,45399.54876,-0.950617284,51.454678,4,2.1333334,840.7000475
1,25.08868113,91.81715454,11,0.18194954,0.002289648,2.0473537,22702.73866,-0.950617284,51.454678,4,41.633335,1313.578221
1,25.03583303,91.82563769,14,0.5050562,-0.4246958,2.1177285,21956.89979,-0.913580247,51.375427,4,228.33333,642.1636588
1,25.11006333,91.84763203,12,0.2223642,-0.03812133,0.92740995,50126.97412,1.777777778,52.62562,4,29.1,1587.850539
1,25.14232921,91.79178203,11,0.55328095,-0.34974587,2.7802885,16704.70239,-1.444444444,51.92634,4,474.03333,185.1648184
1,25.13402673,91.7323797,18,0.42747593,-0.33604038,2.0481162,22686.01243,1.666666667,51.416935,4,214.03334,200.3226556
1,25.16311339,91.78450216,18,0.6322346,-0.49321952,3.2077277,14472.54569,1.592592593,51.694046,4,379.33334,201.1709164
1,25.10418925,91.74214896,9,0.5374526,-0.31581506,2.9623582,15681.11527,-3.432098765,51.416935,4,288.06668,229.2420085
1,25.01819462,91.80922738,12,0.41605684,-0.33074874,3.5827181,12969.42003,-0.814814815,51.375427,6,126.3,22.95452937
1,25.00178504,91.70145829,9,-0.37695903,0.47703668,1.3808788,33691.23624,0.49382716,49.474915,4,1.3333334,146.9166803
1,25.11291714,91.84435795,16,0.53697747,-0.38398564,0,0,2.703703704,52.62562,4,9.633333,1207.153884
1,25.12096611,91.83448015,10,0.03493273,0.15175068,2.2477746,20671.31264,-0.567901235,52.62562,4,0.3,18.82764972
1,25.05487024,91.69313444,11,-0.06745816,0.22899452,0.92740995,50149.10288,1,51.524773,4,11.1,726.5771929
1,25.15623444,91.84056705,12,0.1453633,0.011253086,2.7620623,16813.2163,-0.37037037,49.728397,4,367.5,552.7799874
1,25.13466824,91.72175778,13,0.475692,-0.29119873,2.7617967,16817.74072,-0.9375,51.416935,4,448.96667,185.4197026
1,25.12299107,91.81976034,15,0.52326787,-0.4027163,1.0242922,45380.16487,1.913580247,52.62562,4,34.8,1459.855954
1,25.03468412,91.75606071,10,-0.049746234,0.21380387,2.2464645,20697.63227,0.802469136,51.36942,4,170.03334,679.5057262
1,25.15055298,91.78949697,10,0.64873785,-0.4968722,2.9624922,15674.58682,-2.049382716,51.694046,4,552.6667,429.9174332
1,25.12432283,91.7806644,12,0.65543234,-0.50723374,1.3816371,33639.79473,0.320987654,51.92634,4,220.83333,649.2179512
1,25.12094457,91.76324137,15,0.32048145,-0.26116982,2.0478928,22690.88749,0.802469136,51.92634,7,33.633335,360.2566689
1,25.03910517,91.83776003,16,0.60175127,-0.4586824,6.3895607,7250.222331,-1.432098765,51.375427,4,179.53334,67.60043245
1,25.07084707,91.821187,9,-0.026966607,0.19481334,0,0,-1.382716049,51.454678,4,13.133333,89.19061054
1,25.02781951,91.68658418,11,0.505228,-0.4112178,3.7047918,12539.99734,0.320987654,49.88214,4,4.1666665,107.8114907
1,25.04520558,91.71740327,10,-0.059345163,0.26335472,2.1177666,21954.85339,-0.160493827,49.474915,4,6.5333333,91.32543227
1,25.12647428,91.84608096,9,0.38459668,-0.26362827,1.3816509,33638.87841,-0.777777778,52.62562,4,34.966667,959.8766846
1,25.16367131,91.81214434,17,0.5214114,-0.32885268,6.3954988,7236.210833,0.50617284,49.728397,4,476.93332,264.3646548
1,25.09019633,91.82028236,14,0.60258037,-0.4434749,2.761246,16827.08612,0.49382716,51.454678,4,37.133335,1054.400638
1,25.13703001,91.7395327,15,0.63839275,-0.5009593,2.2480247,20666.33468,0.716049383,51.416935,4,90.666664,102.9142333
1,25.05882633,91.77171616,12,0.057075292,0.09301189,1.0237553,45427.25039,-0.061728395,51.48252,4,8.166667,860.4115222
1,25.15186818,91.82816262,10,-0.003787185,0.13687499,1.381808,33628.22784,-2.333333333,49.728397,4,163.76666,436.7973799
1,25.02200291,91.66824452,12,0.46846202,-0.2893586,2.2462707,20701.50988,0.094339623,49.88214,4,0.96666664,260.2891213
1,25.11474408,91.74325432,13,0.53969884,-0.3319446,4.8060737,9650.605013,-1.37037037,51.416935,6,198.03334,304.9147868
1,25.00301242,91.72953959,13,-0.014828364,0.1722137,1.3808839,33690.82248,2.50617284,49.474915,6,96.86667,319.5796269
1,25.17071412,91.84247831,12,0.5389563,-0.44647628,2.1182742,21927.54828,-1.962962963,49.728397,4,798.13336,8.733306748
1,25.03800114,91.74915573,8,0.18554425,-0.053018045,0,0,-1.382716049,49.474915,4,119.36667,1408.759192
1,25.02577781,91.72102481,11,-0.06838506,0.19604395,1.0234795,45451.50894,-0.481481481,49.474915,4,55.266666,742.5850585
1,25.06288129,91.7615647,13,0.42663804,-0.33046177,3.583673,12961.33104,1.333333333,51.48252,4,10.833333,105.0214109
1,25.14078732,91.78864415,11,0.44052437,-0.25369126,2.7618725,16816.44329,-2.703703704,51.92634,4,460.56668,68.71203559
1,25.12198644,91.83009926,13,0.37084505,-0.13440715,2.2477915,20670.97798,0.24691358,52.62562,6,4.9666667,453.117671
1,25.04039884,91.70311558,8,0.036548827,0.15486078,2.046547,22720.4432,-0.740740741,49.474915,4,8.333333,965.2017109
1,25.04064287,91.72438439,11,-0.18461779,0.3650072,2.1177475,21955.85347,1.308641975,49.474915,7,4.866667,579.0659589
1,25.05181772,91.83757145,9,-0.005053153,0.17509085,3.2050562,14497.53495,-1.148148148,51.454678,4,33.9,539.5953775
1,25.03259382,91.83457398,13,0.4071126,-0.302674,1.3810675,33678.38785,-0.395061728,51.375427,6,293.93332,249.1298821
1,25.0774192,91.84849792,12,-0.016939024,0.11303444,1.0239109,45413.60566,0.888888889,51.454678,4,9.133333,770.7605115
1,25.13563603,91.783238,15,0.5546813,-0.39481533,2.1181324,21935.17695,1.802469136,51.92634,4,284.86667,32.21043099
1,25.05960959,91.83601461,9,0.008584446,0.13170493,1.381234,33667.08856,-1.481481481,51.454678,4,12,1097.396689
1,25.010505,91.74291796,9,-0.04787212,0.19319662,5.547545,8361.146755,-1.740740741,49.474915,6,11.266666,313.5465652
1,24.99716115,91.73177193,9,0.024750674,0.0935026,4.1361513,11231.05842,-1.567901235,54.57589,6,152.43333,317.6300236
1,25.12501657,91.84679888,11,0.09846681,0.009758692,2.0479627,22689.37889,0.75308642,52.62562,4,24.166666,1047.783593
1,25.01947581,91.78720487,11,0.44235563,-0.2516904,5.4272084,8547.064271,0.148148148,51.36942,6,44.033333,521.5112604
1,25.13149865,91.81398669,16,0.507318,-0.36777613,1.8543341,25059.21613,2.592592593,52.62562,4,32.566666,518.3818809
1,25.13005037,91.79689767,12,0.3222004,-0.20627333,1.8543341,25059.4876,-0.320987654,51.92634,4,303.53333,261.0151056
1,25.05087447,91.77479147,11,0.45202798,-0.34169415,6.5440574,7076.939947,0.49382716,51.48252,6,0.3,428.4680999
1,25.12082781,91.7569273,18,0.5635532,-0.39813077,0,0,1.296296296,51.92634,4,27.766666,36.23183675
1,25.13773757,91.76540982,17,0.50743,-0.3145166,2.9624553,15676.40792,0.728395062,51.92634,4,51.766666,5.397509539
1,25.01313852,91.80546445,10,0.51221335,-0.356092,1.3809474,33686.52757,-2.555555556,51.375427,6,49.666668,45.99417072
1,25.12191247,91.74323827,15,0.6159616,-0.4438105,2.2477915,20670.97798,-2.197530864,51.416935,4,123.333336,52.27003278
1,25.09732848,91.81146233,10,-0.001617469,0.16390112,2.2474146,20678.54967,-0.950617284,51.454678,4,34.566666,2079.907681
1,25.04638628,91.73149147,10,-0.28621215,0.4392559,0.92740995,50152.55284,0.185185185,49.474915,7,13.333333,19.75791332
1,25.02348798,91.71394229,12,0.55661625,-0.44895265,2.1176782,21959.59242,1.913580247,49.474915,7,5.4666667,633.8574912
1,25.14974999,91.76785643,22,0.5676143,-0.42730203,3.8430817,12075.68553,2.530864198,51.92634,4,78,81.35998476
1,25.15956675,91.81740534,13,0.44894943,-0.24681394,3.2076342,14473.40607,-1.086419753,49.728397,4,324.83334,758.81794
1,25.02671269,91.85163014,12,0.5786904,-0.45305523,2.2463422,20700.0954,-0.605263158,51.85888,6,633.36664,66.52573872
1,25.05312128,91.70805863,10,0.07371871,0.067833506,1.3811946,33669.7873,0.543209877,50.14763,4,1.2333333,224.9784288
1,25.09318073,91.74914866,12,0.55473995,-0.33332333,2.1179593,21944.44753,0.037037037,50.14763,4,80.166664,177.1865931
1,24.99276281,91.6786808,13,0.5093934,-0.2913501,2.1175554,21966.2383,0.012345679,55.934193,6,0.8666667,317.6762399
1,25.11370737,91.75164416,13,0.51750827,-0.29111925,4.488432,10336.76565,-2.456790123,51.92634,4,125.13333,221.0111846
1,25.05557754,91.82932383,15,0.47048768,-0.32580417,0.92740995,50148.88796,1.308641975,51.454678,4,2.6666667,368.0962155
1,24.99561597,91.70923699,9,-0.097011685,0.26800117,2.045802,22736.82285,-1.259259259,54.57589,4,1.3333334,521.4104943
1,25.06394997,91.80290251,13,0.024008496,0.08323793,1.0237994,45423.43489,1.456790123,51.454678,4,5.633333,1119.250939
1,24.99624222,91.72491152,8,0.35063878,-0.28172454,4.0864196,11368.31096,-2.395061728,54.57589,4,108.566666,66.33448858
1,25.16449954,91.79237072,14,-0.22205602,0.3309647,3.5858526,12942.90642,0.296296296,51.694046,4,617.13336,139.6672542
1,25.1285891,91.74515375,20,0.48170725,-0.35588548,3.451269,13452.80846,2.641975309,51.416935,4,74.166664,189.7879398
1,25.0344364,91.8190035,16,0.5365994,-0.43352997,2.0464497,22722.5985,2.135802469,51.375427,6,305.33334,349.6165733
1,25.12942117,91.83805265,11,0.5613569,-0.45819518,1.8543341,25059.64973,-1.345679012,52.62562,4,34.666668,106.4095483
1,24.99398866,91.68073196,14,0.5513056,-0.36071584,2.2458453,20710.05683,0.049382716,55.934193,4,2.9666667,502.4423674
1,25.14822726,91.83314746,10,0.4171367,-0.28887257,2.24819,20662.98443,-1.728395062,52.62562,4,140.4,221.0284609
1,25.10634524,91.72955765,13,0.4850615,-0.33222452,3.20636,14485.32629,1.641975309,51.416935,4,471.9,166.6416156
1,25.103676,91.81518168,10,0.34623638,-0.13385592,3.4510214,13456.44447,0.913580247,52.62562,6,5.3333335,1652.459715
1,25.05228738,91.70550387,14,0.4350778,-0.3654597,4.1371655,11223.3778,3.24691358,50.14763,4,0.3,216.9833317
1,25.03821643,91.72455904,7,-0.121163994,0.32559717,2.2465193,20696.54931,-1.358024691,49.474915,7,0.6666667,839.6973274
1,25.07746368,91.78706018,11,0.384744,-0.19748028,5.1891923,8937.270027,-0.740740741,51.48252,4,0.96666664,76.43850133
1,25.06978123,91.80056261,10,0.5644929,-0.3747603,2.117865,21949.53554,-0.543209877,51.454678,4,12.866667,1238.5132
1,25.08535396,91.81514094,10,0.51558053,-0.37498456,2.047298,22703.94349,-1.50617284,51.454678,4,19.766666,1349.45577
1,25.13562306,91.81968126,13,0.4515689,-0.31325597,2.7802885,16705.60352,0.395061728,52.62562,4,6.6666665,821.0759911
1,25.07212364,91.79711312,10,-0.12881126,0.33252797,3.583869,12959.67222,0.234567901,51.48252,4,20.166666,983.2533451
1,25.14206621,91.78280031,15,0.5827914,-0.3841326,2.1181571,21933.83078,2.061728395,51.92634,4,334.93332,340.3740411
1,25.0278922,91.84520778,22,0.69058996,-0.53829414,2.2463632,20699.67936,3.925925926,51.375427,6,493.46667,44.09719253
1,25.11935249,91.75103812,14,0.27088454,-0.23283969,2.118066,21938.75203,-1.259259259,51.92634,4,66.566666,251.4048241
1,25.16530833,91.81116287,23,0.44482678,-0.35242403,1.381891,33622.57471,1.037037037,49.728397,4,534.6667,76.01823542
1,25.1177906,91.76379579,19,0.42910784,-0.31996673,2.7615867,16821.30833,3.037037037,51.92634,4,62.966667,337.2225016
1,25.14619339,91.80149719,14,0.6157038,-0.4613378,0,0,0.617283951,52.62562,4,286.13333,349.3155579
1,25.05846656,91.77998505,11,0.18454681,-0.044686127,1.3812273,33667.54283,0.148148148,51.48252,4,1.1333333,1187.240191
1,25.10613395,91.74074705,13,0.5262726,-0.29735902,3.4510462,13456.08643,0.765432099,51.416935,4,339.33334,161.3527852
1,25.0653854,91.74955239,11,0.48349565,-0.39655456,2.2469327,20688.24336,-0.456790123,50.14763,4,48.166668,0.202029482
1,25.07394924,91.8125642,8,0.015042768,0.21516019,3.5839107,12959.32606,-2.209876543,51.454678,4,12.166667,1028.216076
1,25.15278685,91.82812034,10,0.19709355,-0.049084656,1.3818133,33627.88,-2.333333333,49.728397,4,177.66667,473.7585133
1,25.10748034,91.7819779,11,0.5735088,-0.42163187,0.92740995,50128.05247,-1.617283951,51.92634,4,96.166664,954.2002338
1,25.01200655,91.74840258,11,0.053050365,0.12160019,1.3809406,33686.98202,0.580246914,49.474915,6,37.933334,209.6519213
1,25.08327704,91.76234416,13,0.5963455,-0.39288998,3.450821,13459.43175,0.037037037,51.48252,4,3.8666666,275.4135226
1,25.03590368,91.78987389,13,0.057403773,0.15857774,2.9621613,15690.73362,0.419753086,51.36942,4,23.633333,187.7041401
1,25.01994813,91.71143563,14,0.29588482,-0.19403142,5.640003,8222.59498,3.950617284,49.474915,7,0.8333333,756.3612875
1,25.05558763,91.79710586,15,-0.12871747,0.28380445,0,0,3.901234568,51.48252,4,10.933333,152.215895
1,25.04936658,91.69860495,14,0.057408962,0.030886216,3.20499,14498.14712,1.617283951,49.88214,4,0.13333334,38.14107812
1,25.05219303,91.78371269,10,0.093674,0.074074045,1.8543341,25075.0916,-0.654320988,51.48252,6,2.7333333,640.2247662
1,25.03367943,91.81161588,12,0.6214911,-0.45598114,4.4860096,10348.98352,0.456790123,51.375427,6,313.73334,87.16394104
1,25.0321794,91.82575018,19,0.68514276,-0.5183284,1.3810657,33678.50489,0.518518519,51.375427,6,304.16666,385.4588162
1,25.02636433,91.69052341,9,0.22441961,-0.04036529,0.92740995,50160.52734,-0.839506173,49.88214,7,0.3,171.493637
1,25.12494324,91.79630884,12,0.27944863,-0.121361874,2.1180885,21937.52621,0.185185185,51.92634,4,277.23334,140.5509368
1,25.14012668,91.73442177,13,0.57545304,-0.41497698,4.1943088,11062.16157,-1.271604938,51.416935,4,141.93333,423.8540379
1,25.09319779,91.74757053,11,0.47740254,-0.2874851,0.92740995,50133.77978,-1.617283951,50.14763,4,82.166664,108.8067586
1,25.15029421,91.72645505,14,0.0918707,0.07322003,2.0483863,22680.0796,-0.625,51.59333,4,261.23334,459.8995633
1,25.14055554,91.83231397,10,0.47029158,-0.35173187,3.4513874,13451.03898,-2.333333333,52.62562,4,58.433334,319.0889405
1,25.03356077,91.80172517,14,0.5236187,-0.37906185,1.0235443,45445.79995,1.444444444,51.375427,6,122.566666,445.2142105
1,25.07943931,91.82349953,9,0.66046286,-0.50872004,3.2057142,14491.37186,-3.580246914,51.454678,6,4.9666667,296.897796
1,25.14650709,91.74457063,19,0.2997726,-0.29911616,7.1430655,6473.092552,1.430555556,51.416935,7,21.366667,561.4726364
1,25.09063446,91.74450337,11,0.33137038,-0.18290822,2.2473173,20680.51415,-1.827160494,50.14763,4,59.366665,65.64794506
1,25.1191566,91.82035324,10,0.20703572,-0.002959106,3.2066665,14482.472,-1.679012346,52.62562,4,44.4,1302.039347
1,25.04506121,91.71068837,10,-0.14427103,0.3376547,3.4504426,13465.02418,1.567901235,49.474915,7,4.266667,490.8100496
1,25.05340176,91.75324498,10,-0.040363926,0.16492893,0.92740995,50149.7514,-0.037037037,51.48252,4,0.53333336,650.9037959
1,25.10842071,91.833201,9,0.3090485,-0.15907624,0,0,-1.703703704,52.62562,4,17.766666,184.5392818
1,25.05316705,91.7534416,9,-0.040363926,0.16492893,2.246747,20691.95906,-0.864197531,51.48252,4,0.53333336,635.6300154
1,25.13095979,91.76219191,18,0.6310814,-0.43628857,1.3816768,33637.08685,-2.407407407,51.92634,4,5.6666665,84.20152636
1,25.1496853,91.83202568,12,0.54418516,-0.41376156,1.0245159,45360.56058,-0.740740741,52.62562,4,152.03334,11.74675791
1,25.00892715,91.73919917,13,0.23481856,-0.09921067,2.962084,15694.51353,2.851851852,49.474915,6,12.033334,729.5826423
1,25.09634872,91.72094456,9,-0.065364435,0.2588682,1.3814629,33651.58212,0.692307692,50.14763,6,448.26666,522.841476
1,25.04441802,91.74606187,7,-0.03665403,0.21643087,3.204877,14499.2197,-2.234567901,49.474915,7,39.366665,1345.173428
1,25.0501068,91.72787277,9,0.25266665,-0.10822767,2.962202,15688.73032,-0.444444444,50.14763,7,0.53333336,230.9944806
1,25.06528164,91.74421056,8,0.08716775,0.10913349,0.92740995,50145.0044,-0.888888889,50.14763,4,57.666668,330.9501162
1,25.16779113,91.80998933,21,0.54980606,-0.3632258,4.6273675,10020.76409,-1.382716049,49.728397,7,620.9667,199.5102071
1,25.0913409,91.80924931,12,0.1695273,-0.006389954,2.9623213,15682.933,0.24691358,51.454678,6,8.966666,1885.258365
1,25.03647049,91.78294866,11,0.5122914,-0.3054523,3.4503603,13466.24286,-2.111111111,51.36942,4,24.866667,686.1447309
1,25.17215363,91.75013921,18,0.13681501,-0.033567026,5.193068,8923.803303,-0.382716049,51.694046,7,26.433332,1813.914156
1,25.08302398,91.75881094,15,0.58656734,-0.44880947,2.247199,20682.89608,0.407407407,51.48252,4,4.8333335,43.64755582
1,25.01310441,91.72812156,10,0.3752278,-0.27398822,2.0460935,22730.41345,-1.691358025,49.474915,6,53.633335,226.6639057
1,25.11186949,91.80498035,15,0.61664116,-0.43285373,1.3815578,33645.13719,2.086419753,52.62562,4,106.933334,1027.936727
1,25.05428832,91.72686737,12,0.33092988,-0.24122423,3.4505355,13463.64718,-0.148148148,50.14763,4,1.3333334,352.999203
1,25.10272435,91.82627519,13,-0.16222963,0.39537674,5.6401267,8216.985627,1.469135802,52.62562,4,2.2666667,561.2576483
1,25.07146431,91.83622528,11,-0.10382767,0.28284362,6.7136273,6895.481988,0.296296296,51.454678,4,15.466666,1251.404147
1,25.03396529,91.74517643,11,-0.101548925,0.26112702,0.92740995,50157.51098,1,49.474915,4,163.76666,953.6384171
1,25.06768816,91.77798002,10,0.07873344,0.11555333,3.5837681,12960.51247,-1,51.48252,4,11.866667,586.6260727
1,25.16952788,91.84442656,15,0.614189,-0.4146961,4.2307625,10963.92161,-0.75308642,49.728397,7,787.26666,223.1181001
1,25.14159518,91.82701496,7,0.3319526,-0.22570285,1.3817441,33632.54166,-1.283950617,52.62562,4,35.633335,222.1687176
1,25.09426016,91.73589451,10,0.3697657,-0.2070688,3.450928,13457.82496,-1.135802469,50.14763,4,156,717.8887612
1,25.14366215,91.73318683,13,0.5248148,-0.35175487,4.489343,10332.18375,-3.50617284,51.416935,4,150.16667,219.7273245
1,24.97521285,91.70600634,10,-0.121134005,0.2696233,3.5818012,12977.2011,-1.407407407,54.57589,6,9.633333,487.2450522
1,25.10914461,91.77712239,18,0.49651593,-0.34622565,5.4306912,8535.451431,1.395061728,51.92634,4,116.166664,951.0064944
1,25.06294532,91.82470747,6,-0.30968168,0.47556674,11.947649,3836.214711,-5.925925926,51.454678,7,1.1333333,198.1022553
1,25.11168783,91.7301362,10,0.5321876,-0.3128941,0.92740995,50126.3256,-2.728395062,51.416935,4,498.83334,74.00588543
1,25.12111162,91.7673672,20,0.36253977,-0.319664,0.92740995,50122.54007,3.320987654,51.92634,4,56.333332,25.43976527
1,25.0513762,91.81919687,14,0.62965804,-0.49251527,2.760765,16835.23775,0.172839506,51.454678,6,67.5,253.8017138
1,25.11525698,91.72287405,10,0.14381446,-0.00904078,2.7615557,16821.82388,-0.441558442,51.416935,4,656.9667,814.8664675
1,25.11901028,91.73967342,15,0.56818104,-0.3815497,1.8543341,25061.70462,-0.061728395,51.416935,4,200.33333,34.85035423
1,25.08474948,91.79324288,10,0.27872762,-0.15292321,4.9396944,9390.552953,-0.827160494,51.48252,4,16.166666,289.1915754
1,25.05249131,91.80786233,12,0.4941133,-0.36419144,3.842866,12085.76465,0.197530864,51.454678,6,95.1,841.9889999
1,25.06422498,91.82951586,9,-0.10681573,0.28861883,1.381265,33665.0292,-1.259259259,51.454678,4,2.8333333,708.1915222
1,25.08660968,91.80340019,11,-0.33646613,0.53322315,1.8543341,25068.18602,1.197530864,51.454678,4,0.43333334,1259.180934
1,25.06430757,91.76559131,13,0.55447423,-0.4456911,2.1178439,21950.69973,0.987654321,51.48252,4,28.333334,465.6098598
1,25.05130912,91.69658078,8,0.31255028,-0.24159999,2.760765,16835.23775,-4.185185185,51.524773,6,1.6333333,217.9407554
1,25.06692133,91.81180077,14,-0.0601881,0.23403169,2.7802885,16714.75063,1.037037037,51.454678,4,64.96667,997.2845661
1,25.09124322,91.72335739,13,-0.12764408,0.2903481,2.247326,20680.34644,2.432098765,50.14763,4,325.66666,1088.452614
1,25.08275972,91.84982402,15,0.30212966,-0.21935803,0.92740995,50137.99137,4.135802469,51.454678,4,15.066667,584.752165
1,25.15603009,91.78325121,21,0.6076401,-0.4581699,5.547545,8351.430937,2.296296296,51.694046,4,346.56668,74.35476742
1,25.01130552,91.7497233,11,0.009577101,0.122731864,1.3809371,33687.28413,-0.432098765,49.474915,7,51.466667,167.9887152
1,25.13236325,91.72796308,14,0.5050325,-0.2862554,3.0704918,15124.47679,-0.271604938,51.416935,4,322.83334,305.1862952
1,25.12300655,91.82752204,10,0.51798433,-0.40944037,1.3816285,33640.3682,-2.111111111,52.62562,4,15.066667,724.5099978
1,25.01125874,91.78841021,10,0.017525384,0.066376485,2.7602715,16843.64288,-1.864197531,51.36942,4,37.5,330.2436342
1,25.00713447,91.72577733,14,0.021118553,0.1277488,0.92740995,50168.17381,2.740740741,49.474915,4,46.466667,157.2451832
1,25.04561904,91.8215918,15,0.50270283,-0.3404084,4.1912503,11078.61238,2.234567901,51.375427,4,98.666664,246.793115
1,25.05824032,91.69166371,13,0.4784176,-0.2971019,5.0562634,9174.924593,0.859375,51.524773,6,30,657.1210331
1,25.03611957,91.81279135,11,0.47762612,-0.30911222,5.5447445,8363.690454,-2.716049383,51.375427,4,350.96667,73.06838162
1,25.11429573,91.82112531,11,0.22434112,-0.03777694,2.2476728,20673.36485,-0.975308642,52.62562,4,34.666668,1108.431564
1,25.1413679,91.8268237,8,0.03301665,0.045553047,1.3817425,33632.65568,0.456790123,52.62562,4,32.833332,207.1932885
1,25.03382599,91.80760322,10,0.6283331,-0.46573955,5.1874146,8943.464268,-1.530864198,51.375427,6,226.2,219.5328834
1,25.04455955,91.70434295,11,-0.35386267,0.4467184,1.023637,45437.67806,-0.444444444,49.474915,4,4.0333333,488.6663387
1,25.02136889,91.79361281,13,0.42346126,-0.22034815,1.3809988,33683.03026,0.296296296,51.36942,6,56.066666,132.0301617
1,25.03876696,91.71151376,7,-0.22033896,0.42093948,2.046519,22721.04694,-1.345679012,49.474915,4,0.3,129.5347976
1,25.15211748,91.78616968,12,0.4993072,-0.2715319,0,0,-2.308641975,51.694046,4,442.96667,106.0958422
1,25.06773895,91.80355803,9,-0.32728413,0.478282,1.8543341,25071.96401,-1.148148148,51.454678,4,13.333333,1402.302655
1,25.04574263,91.81822301,8,0.56724095,-0.42034855,2.246633,20694.25439,-3.382716049,51.375427,4,130.13333,343.7857979
1,25.14329804,91.72506368,25,-0.008178457,0.07735932,11.26875,4071.358053,2.814814815,51.416935,4,314.46667,489.3223002
1,25.05016596,91.70616525,7,0.25107417,-0.13480568,4.8050447,9657.671077,-0.555555556,50.14763,4,0.033333335,71.84290905
1,25.05279167,91.72903817,8,-0.38293728,0.5237522,3.8428667,12085.73604,-0.395061728,50.14763,4,0.033333335,133.9314501
1,25.15193769,91.79159752,11,0.6186887,-0.49627653,4.7384706,9786.017883,-2.567901235,51.694046,4,608.8333,408.1736573
1,25.03575432,91.71019263,8,-0.2389886,0.43075046,1.8543341,25078.37943,-1.148148148,49.474915,7,2.7333333,220.2488862
1,25.07142121,91.81524468,12,0.22612116,-0.09871184,3.8429077,12083.81303,-0.358024691,51.454678,4,30.166666,675.134469
1,25.15853501,91.81894874,15,0.47543263,-0.28093475,1.3818495,33625.40119,-0.061728395,49.728397,4,297.93332,851.6893924
1,24.99323755,91.70631489,11,0.46749884,-0.36815575,1.3808258,33694.84288,-0.024691358,54.57589,7,3.9,324.9548455
1,25.04232347,91.77031799,11,0.48102534,-0.38385725,6.2962537,7358.366351,-0.209876543,51.36942,4,14.166667,2.972951233
1,25.13181998,91.81982896,10,0.19050561,-0.050519045,2.2479398,20668.00829,-0.950617284,52.62562,4,3.6333334,1029.29596
1,25.12204163,91.81452438,11,0.31366143,-0.14994475,1.3816216,33640.82511,-1.50617284,52.62562,4,72.666664,1245.187274
1,25.16255447,91.79726652,15,0.34688506,-0.21728784,2.1182404,21929.36937,0.469135802,51.694046,4,696,312.3455218
1,25.01220869,91.74152529,13,0.20246843,-0.10355989,1.023366,45461.43308,1.827160494,49.474915,6,3.3333333,428.8799644
1,25.01248492,91.72803465,13,0.37231514,-0.25984406,2.9620943,15693.9873,1.111111111,49.474915,6,54.166668,179.2875841
1,25.02758835,91.76477326,10,-0.056300685,0.21567257,1.3810383,33680.40166,-0.925925926,51.36942,4,74.566666,426.2026128
1,25.14448545,91.73294025,20,0.53483844,-0.38212743,2.7619174,16815.69804,2.543209877,51.416935,4,154.16667,136.0330889
1,25.07468748,91.8360651,12,0.5866596,-0.4707827,3.2056012,14492.44505,-0.691358025,51.454678,6,15,1057.257925
1,25.16180342,91.82210317,16,0.57609683,-0.38344732,3.2076943,14472.85234,-1.333333333,49.728397,4,368.33334,406.9352524
1,25.00979083,91.69210929,10,0.18255484,-0.067055225,6.1173863,7577.188785,-0.345679012,49.88214,4,1.3666667,807.4496296
1,25.16007887,91.80617579,16,0.4856784,-0.36672422,3.2076476,14473.28253,1.555555556,49.728397,4,454.83334,283.332558
1,25.01131882,91.788487,10,0.017525384,0.066376485,2.7602715,16843.64288,-1.864197531,51.36942,4,37.5,330.2436342
1,25.04424943,91.81592825,12,0.4986775,-0.31476226,2.117762,21955.08855,-1.543209877,51.375427,4,174,297.3743781
1,25.04053348,91.70036166,8,-0.014790203,0.20467836,2.7606313,16837.50273,-0.740740741,49.474915,4,8.333333,878.7160274
1,25.16337647,91.77971928,10,0.45427057,-0.2987714,2.7621522,16811.72458,-4.790123457,51.694046,4,262.93332,249.4811747
1,25.15301018,91.74468072,18,0.4381142,-0.3477252,1.381815,33627.76853,0.176470588,51.59333,4,15.466666,457.0038996
1,25.15003154,91.71693979,15,0.48575476,-0.37831765,4.230605,10966.03639,0.382716049,51.59333,4,512.26666,922.5289853
1,25.02241017,91.76101086,9,0.023027884,0.115784526,3.0677397,15151.37278,-1.469135802,51.36942,4,22.566668,278.538612
1,25.07765126,91.84063741,10,-0.05219213,0.258357,2.1178966,21947.83921,-0.827160494,51.454678,4,1.7333333,1311.961131
1,25.0319161,91.7531075,9,0.124375686,0.02971055,2.1177127,21957.72333,0.382716049,51.36942,4,158.13333,639.3274082
1,25.12727178,91.73061374,12,0.50776565,-0.2818571,2.1180985,21936.99663,-0.259259259,51.416935,4,334.16666,112.9999553
1,25.14689059,91.77379598,15,0.463261,-0.30833396,5.0568604,9167.333503,-0.641975309,51.92634,4,172.96666,214.1121617
1,25.16572097,91.80686021,21,0.4485236,-0.330389,3.843117,12074.03518,-1.012345679,49.728397,7,600,19.96434235
1,25.05441858,91.81573616,11,0.33033702,-0.14991112,2.962215,15688.1218,-0.259259259,51.454678,4,71.76667,155.0344817
1,25.09566084,91.74107331,9,0.604041,-0.41000298,4.8057685,9652.698082,-4.481481481,50.14763,4,133.66667,188.6608257
1,25.07207465,91.78031798,11,0.21248637,-0.100233056,5.640081,8219.052704,-1.234567901,51.48252,4,5.633333,47.42332828
1,25.11403721,91.81701927,12,0.07732602,0.034726955,1.3815715,33644.22114,0.12345679,52.62562,4,57.666668,1508.309357
1,25.01501144,91.79805573,12,0.57042325,-0.4370761,4.6273675,10033.0105,-2.49382716,51.36942,4,28.566668,168.0007488
1,25.01989093,91.68757571,10,0.5885791,-0.46525934,1.8543341,25081.55792,-1.074074074,49.88214,6,2.1666667,367.8435117
1,25.04673718,91.78957105,13,0.4885181,-0.2995817,2.046658,22718.03712,-1.209876543,51.36942,6,27.766666,136.7171808
1,24.99439353,91.72464385,10,0.15658574,-0.01844067,3.203677,14510.45533,-0.925925926,54.57589,4,83.36667,253.7622652
1,25.10423638,91.73660543,18,0.55612975,-0.36242932,3.2063067,14485.81757,3.037037037,51.416935,4,329.36667,313.85324
1,25.10652178,91.80103273,12,-0.179301,0.3303704,2.1180143,21941.51144,0.234567901,52.62562,4,35.266666,1286.002871
1,25.0815383,91.78013218,13,0.42938977,-0.27616838,2.2471778,20683.314,0.604938272,51.48252,4,4.8333335,452.0849879
1,25.14678043,91.77117765,13,0.44072783,-0.22895582,7.6547203,6035.728152,-1.407407407,51.92634,4,133.66667,362.1074198
1,25.06738002,91.7561306,10,-8.49E-04,0.16515873,2.117855,21950.06358,-0.740740741,51.48252,4,37.466667,197.9127988
1,25.05862897,91.72193462,10,0.24625237,-0.12223,1.3812289,33667.43125,-0.691358025,50.14763,4,20.833334,447.9277335
1,25.06159941,91.71846749,9,-0.05935242,0.22231111,2.9622357,15687.10118,0.12345679,50.14763,4,56.433334,131.437104
1,25.08395787,91.75041434,8,0.42658243,-0.22370623,4.0893354,11352.22159,-4.827160494,51.48252,4,7.8,72.43643151
1,25.12166015,91.84507672,11,0.5320748,-0.4304569,3.2067266,14481.88743,-0.012345679,52.62562,4,6.5666666,964.799359
1,25.07831452,91.76879326,12,0.38770786,-0.26666665,3.2056878,14491.61707,0.913580247,51.48252,4,20.333334,294.4897518
1,25.15163623,91.71896171,16,0.47067323,-0.28521782,1.8543341,25055.15912,1.046875,51.59333,7,441.73334,1134.961639
1,25.06023907,91.75590642,13,0.6057027,-0.4676645,2.9622316,15687.29135,2.172839506,51.48252,4,2.9666667,102.3722287
1,25.17584719,91.83284928,19,0.49425098,-0.40433803,2.7802885,16700.19042,1.160493827,49.728397,7,860.1667,115.0257905
1,25.0199961,91.69734252,10,0.039175276,0.111111104,3.7047918,12540.77877,-0.222222222,49.88214,7,1.1333333,273.3710149
1,25.06348177,91.71630537,9,0.5157309,-0.4004038,2.0469363,22711.91872,-2.150684932,50.14763,4,66.3,135.7631737
1,25.02557663,91.75351823,8,0.5621081,-0.43136925,6.2956977,7360.001776,-3.49382716,51.36942,4,76.166664,60.95252454
1,25.03299818,91.76729944,11,0.64219874,-0.4784269,6.118527,7574.366518,-0.765432099,51.36942,4,105.666664,177.2909799
1,24.99366008,91.69811394,18,0.5419352,-0.32359475,5.0558324,9180.421503,3.333333333,55.934193,4,13.5,110.5960808
1,24.9977924,91.72733983,11,0.5530174,-0.3616324,2.1175754,21965.13569,-1.654320988,54.57589,4,132.83333,175.7743154
1,25.11313366,91.74590713,14,0.5189593,-0.3426415,4.806047,9650.783745,-2.716049383,51.416935,4,185.1,351.0632529
1,25.04646433,91.71544772,12,0.6186055,-0.48170987,3.5833228,12964.30197,2.049382716,49.474915,4,2.7,312.695989
1,25.08073715,91.80738701,12,0.09003356,0.00471796,1.3813665,33658.13658,0.456790123,51.454678,6,3.9,1767.180564
1,25.14095218,91.79764836,14,0.3206922,-0.19623017,3.070708,15122.36519,1.851851852,51.92634,4,312.13333,426.7722002
1,24.99870618,91.71027902,9,0.2468551,-0.10817482,1.3808583,33692.60519,-0.209876543,54.57589,4,6.0333333,569.5601315
1,25.02959003,91.73828755,9,0.43532968,-0.33202848,2.2463844,20699.21601,-1.703703704,49.474915,4,103.63333,247.2708381
1,25.07063177,91.83995791,14,0.6640095,-0.4711452,1.8543341,25071.42484,1.333333333,51.454678,6,4.266667,1100.767727
1,24.99854815,91.73398734,12,0.4441051,-0.32147348,1.3808583,33692.60519,0.543209877,54.57589,6,119.1,130.0603891
1,25.16157893,91.80282902,14,0.53331643,-0.39048287,0,0,-2.283950617,49.728397,4,555,103.2001606
1,25.03580492,91.77087016,12,0.47037342,-0.37987247,2.0464728,22722.09724,0.037037037,51.36942,4,62.466667,389.5721408
1,25.16425814,91.81692153,14,0.4726549,-0.326527,1.0246395,45349.79725,-1.197530864,49.728397,4,454.03333,223.8669697
1,25.10343535,91.81269316,9,-0.33019274,0.52112675,4.193116,11068.56583,0.12345679,52.62562,4,15,1898.635785
1,25.10767966,91.83984466,10,0.12436579,0.077732965,3.0698788,15130.47288,-0.925925926,52.62562,4,9.233334,842.2545589
1,25.08190304,91.81653904,12,0.42030185,-0.2048404,2.7611427,16828.83877,-0.259259259,51.454678,6,8.966666,1045.624737
1,25.07662437,91.83579236,15,0.464676,-0.3603709,1.8543341,25070.18248,1.604938272,51.454678,6,10.833333,919.8656678
1,25.03345059,91.82219086,10,0.47963923,-0.40212256,5.427737,8545.290621,-1.580246914,51.375427,6,300,488.3182501
1,25.04815228,91.73327308,11,-0.20272367,0.38221762,2.9621966,15688.99532,0.75308642,49.474915,7,7.266667,250.6890495
1,25.14564995,91.72296291,16,-0.28616753,0.47153655,3.4514396,13450.28346,0.209876543,51.416935,4,367.53333,698.8130061
1,25.06469334,91.81638646,12,0.59734154,-0.46524704,2.1178448,21950.64197,-2.061728395,51.454678,4,22.566668,564.256032
1,25.05926489,91.78899762,13,0.17140467,0.014978985,1.3812324,33667.20014,0.382716049,51.48252,4,0.6,343.9669807
1,25.02256695,91.69014328,11,0.025662072,0.057260063,3.4502208,13468.2929,0.691358025,49.88214,4,0.033333335,490.1253591
1,25.04066716,91.80850893,12,0.43339223,-0.36345023,2.0465515,22720.34504,-2.012345679,51.375427,4,210.73334,131.1455464
1,25.07371313,91.75658541,10,0.23740524,-0.15626304,7.4480147,6208.847365,-2.555555556,51.48252,4,26.7,21.75346171
1,25.08544307,91.76792408,14,0.07786346,0.073365904,0.92740995,50136.90925,2.320987654,51.48252,4,4.0666666,793.7103877
1,25.02415488,91.79929647,14,0.50462586,-0.2997426,2.1176815,21959.41582,2.320987654,51.36942,6,95.36667,397.2029323
1,25.01227965,91.68421327,16,0.37157434,-0.21708362,3.582588,12970.5057,3.148148148,49.88214,4,0.43333334,231.2594936
1,25.08973318,91.75819687,15,0.64440423,-0.46481362,5.189691,8935.540155,-1.296296296,51.48252,4,37.466667,2.881474429
1,25.0516485,91.77315391,8,0.49880508,-0.39026707,3.0684748,15144.18854,-2.135802469,51.48252,6,0.3,390.0536435
1,25.1206466,91.736959,10,0.50031656,-0.3343187,2.9624054,15678.8033,-3.197530864,51.416935,4,233.93333,40.35739525
1,25.09865494,91.76722241,15,0.68780214,-0.55365556,3.2061734,14487.07691,1.864197531,51.48252,4,13.366667,98.85232399
1,25.03176203,91.8052175,14,0.58986527,-0.45411435,5.5446835,8364.070429,2.160493827,51.375427,6,174.43333,542.1657626
1,25.09301339,91.82005592,13,0.49644336,-0.39185953,3.4509141,13458.02376,0.740740741,51.454678,4,35.333332,1162.548426
1,25.0012472,91.71789005,10,-0.07149553,0.21630791,0.92740995,50170.54165,-0.12345679,49.474915,4,42.033333,96.26038889
1,25.15195286,91.7870549,13,0.5321737,-0.332069,3.4515004,13449.37806,-1.061728395,51.694046,4,474.73334,204.3577649
1,25.05380146,91.71014053,13,0.46386427,-0.36405298,5.8064857,7983.124465,1.913580247,50.14763,4,1.9333333,121.5473043
1,25.07839959,91.80289207,5,-0.057496347,0.28175265,2.1179,21947.66265,-4.617283951,51.454678,4,0.53333336,1407.129429
1,25.04524232,91.81417377,11,0.40045926,-0.29793572,2.9621885,15689.40988,0.086419753,51.375427,4,184.16667,79.41872169
1,25.14821746,91.75713368,12,-0.38003042,0.5255686,2.7619624,16814.91467,-2.617283951,51.92634,7,4.9333334,384.8086203
1,25.01203442,91.7507984,10,0.07484964,0.047433298,4.0869446,11365.40716,-1.259259259,51.36942,7,55.5,137.2463591
1,25.1384498,91.84233979,13,0.47540525,-0.36975715,3.2071269,14478.13935,1.172839506,52.62562,4,158.53334,499.9385688
1,25.07162327,91.74281095,13,0.30799818,-0.26287764,4.4871607,10343.18115,0.62962963,50.14763,4,35.766666,371.1910828
1,25.00257019,91.70648303,9,0.522727,-0.41594943,2.1175945,21964.08922,-0.395061728,49.474915,4,4.5333333,132.0928154
1,25.08004309,91.82062408,13,0.6704227,-0.5053031,1.8543341,25069.53585,0.49382716,51.454678,4,15.6,588.0250663
1,25.11728966,91.84554237,22,-0.17587431,0.4015652,6.876098,6728.569094,8.790123457,52.62562,4,0.6,1206.880686
1,25.15692013,91.75395968,26,-0.16912751,0.3264418,1.0245764,45355.23401,5.740740741,51.694046,7,0.06666667,551.4950075
1,25.12771217,91.79786954,10,0.15032738,0.009069315,0.92740995,50119.946,-1.728395062,51.92634,4,286.83334,373.4603313
1,25.04838467,91.72935173,9,0.113712184,0.07328619,3.7047918,12537.92266,-0.901234568,49.474915,7,3.6333334,64.25504741
1,25.17619359,91.82572482,25,0.4887509,-0.3803105,0.92740995,50100.46409,0.296296296,49.728397,4,834.26666,237.4780421
1,25.05346744,91.77225317,13,0.1768042,0.009040999,1.8543341,25074.82201,1.938271605,51.48252,6,1.7666667,472.8679574
1,25.14703886,91.71275102,20,0.51792014,-0.32608697,1.8543341,25056.07911,-0.609375,51.416935,4,661.93335,622.3005777
1,25.04781765,91.80954374,15,-0.41015002,0.5488281,9.677125,4760.948212,4.407407407,51.375427,6,159.06667,406.7012535
1,25.14254154,91.80344299,18,0.5033778,-0.3361906,3.207227,14477.21691,1.197530864,52.62562,4,211.23334,297.7564232
1,25.13986096,91.76928665,18,0.39460957,-0.24165514,0.92740995,50115.07835,2.358024691,51.92634,4,101.46667,259.5584667
2,25.11407497,91.81312774,10,0.11428303,0.0609237,3.5847673,12952.06298,0.654320988,52.62562,4,74.933334,1517.92786
2,25.03841265,91.85013324,14,0.53640634,-0.4140695,4.486152,10348.25264,-0.180327869,51.85888,6,336.06668,166.1087533
2,25.16027461,91.8119454,17,0.4667515,-0.2762517,0,0,2,49.728397,4,388.33334,639.4466628
2,25.16453728,91.78534597,16,0.55063534,-0.4615403,2.1182494,21928.89595,-1.259259259,51.694046,4,405.66666,289.3635684
2,25.01387607,91.76237291,9,-0.14758983,0.24378276,2.0461073,22730.11278,-0.814814815,51.36942,7,0.96666664,190.5060709
2,25.14546681,91.77561971,14,0.46621874,-0.26576912,1.3817683,33630.93521,-1.407407407,51.92634,4,213.76666,9.616275376
2,25.11907467,91.74336716,13,0.50159645,-0.29457784,2.247749,20671.86004,-0.481481481,51.416935,4,147.9,257.7732861
2,25.09517331,91.74636234,9,0.13485739,0.024969516,0,0,-1.432098765,50.14763,4,108.6,216.0698812
2,24.99155706,91.72198984,11,-9.20E-04,0.1254115,2.2458117,20710.76558,0.62962963,54.57589,4,50.7,314.099181
2,24.97616508,91.7084825,7,-0.038841255,0.18641667,2.0454788,22743.92968,-2.851851852,54.57589,4,3,536.8443404
2,25.08106115,91.75510751,9,0.42987764,-0.26998097,0,0,-1.728395062,51.48252,4,13.866667,300.7466857
2,25.13339914,91.7801081,12,0.612243,-0.46414468,3.2070067,14479.27664,-0.555555556,51.92634,4,211.33333,64.29808749
2,25.10199403,91.73725791,14,0.5011387,-0.3415096,1.3814974,33649.21902,0.679012346,51.416935,4,275.26666,98.05715319
2,25.13538346,91.84176701,14,0.48675546,-0.30388054,2.1181312,21935.23716,1.012345679,52.62562,4,111.63333,536.2461003
2,25.06144264,91.76719001,9,0.5034357,-0.35010687,0,0,-0.567901235,51.48252,4,20.833334,627.2310351
2,25.15675562,91.78430308,10,0.58423144,-0.46312183,6.3000875,7347.120924,-7.37037037,51.694046,4,371.53333,158.3771195
2,25.03505858,91.83144173,14,0.26024655,-0.16884708,2.760563,16838.68022,0.765432099,51.375427,4,235.23334,140.0712421
2,25.0959973,91.77909185,13,0.119151615,0.043840505,2.2473936,20678.96532,1.641975309,51.48252,4,6.5666666,16.12528081
2,25.05557795,91.68974504,10,-0.103022814,0.3062977,0.92740995,50148.88796,0.395061728,51.524773,4,13.866667,738.9636763
2,24.98927995,91.7253925,9,0.011716499,0.16010629,3.5820968,12974.68136,-3.234567901,54.57589,4,35.633335,23.88639326
2,25.07720164,91.78964298,12,-0.22338626,0.33574775,2.2471104,20684.64808,-0.283950617,51.48252,6,0.33333334,295.7685339
2,25.0475968,91.75758496,8,0.08833234,0.034447145,3.842855,12086.26629,-1.938271605,51.36942,4,26.466667,1028.478537
2,25.13735116,91.81300798,16,0.6179246,-0.42461583,1.3817183,33634.33305,1.580246914,52.62562,4,50.466667,169.9504159
2,25.04419502,91.75407921,9,0.004433928,0.17504251,1.3811395,33673.52019,-0.679012346,51.36942,7,48.133335,1533.162188
2,25.02625404,91.75783799,11,0.058385815,0.10086922,2.0463154,22725.55423,0.395061728,51.36942,4,61.666668,138.7446123
2,25.14283843,91.81305171,11,0.28827104,-0.15989943,2.1181605,21933.65426,-0.75308642,52.62562,4,86.4,229.3957628
2,25.0164902,91.74859606,15,0.30728668,-0.17176926,2.7603333,16842.5781,1.37037037,49.474915,6,41.233334,23.88431646
2,25.04772166,91.72384864,11,-0.107099436,0.28560174,4.486429,10346.8549,0.567901235,49.474915,7,3,165.3035871
2,25.15239032,91.83335132,14,0.61335295,-0.47508112,3.451506,13449.29795,1.925925926,49.728397,4,206.53334,23.21655927
2,24.98500693,91.71074803,10,0.30269265,-0.15657695,2.1175241,21967.88152,-0.456790123,54.57589,4,13.133333,423.1610004
2,25.0393497,91.70388024,10,-0.23337272,0.41850746,2.962171,15690.24415,1.197530864,49.474915,4,7.5,883.9980721
2,25.01737955,91.72387211,11,0.45464587,-0.32031065,2.0461674,22728.81099,-0.086419753,49.474915,4,46.966667,297.7647318
2,25.09325393,91.80891852,12,0.29635316,-0.19162633,2.962326,15682.67182,-0.679012346,51.454678,4,14.433333,1905.325319
2,25.0701071,91.75369572,12,0.41343445,-0.26639175,2.1178663,21949.47531,0.308641975,51.48252,4,53.133335,163.6748394
2,25.16101898,91.8227434,13,0.4782841,-0.31194356,0.92740995,50106.52698,-3.543209877,49.728397,4,347.1,448.480478
2,24.99685371,91.73557769,10,-0.16036156,0.3236246,0,0,-0.578947368,54.57589,6,137.1,256.3927034
2,25.11995443,91.84994044,13,0.380128,-0.23917057,2.7616107,16820.87167,1.49382716,52.62562,4,13.666667,1494.971171
2,25.01229932,91.76042298,8,-0.09856383,0.2553679,2.246123,20704.47273,-1.75,51.36942,4,4.3333335,429.5938718
2,25.15391869,91.80835747,11,0.53052354,-0.4158859,2.1182055,21931.2466,-2.148148148,49.728397,4,289.73334,642.5413152
2,24.99596908,91.73149076,12,0.15392353,-0.01764632,1.3808411,33693.74585,-0.320987654,54.57589,6,141.66667,178.7541199
2,25.15138629,91.76775989,21,-0.06860094,0.23644428,0,0,2.296296296,51.694046,7,76.8,89.15775605
2,25.04553747,91.84874998,12,0.53043246,-0.42168343,1.8543341,25076.43954,-0.283950617,51.375427,6,208.33333,136.8448865
2,25.11910949,91.82751192,10,0.54859877,-0.4304762,2.047865,22691.53993,-0.864197531,52.62562,4,3.9,588.6517662
2,25.07071254,91.73590706,13,-0.020198543,0.16671167,2.7610054,16831.16294,1.12345679,50.14763,4,90.833336,493.4228677
2,25.1096062,91.80359475,13,0.3701142,-0.18293855,3.8429928,12079.84925,1.320987654,52.62562,4,74.833336,1129.581694
2,25.09480229,91.74356995,14,0.47595358,-0.34861255,3.7047918,12533.28312,-0.604938272,50.14763,4,111.066666,12.812243
2,25.07431497,91.74629857,9,0.55504274,-0.4217395,1.3813269,33660.84024,-2.617283951,50.14763,6,11.333333,678.7044413
2,25.02827394,91.68671106,7,0.52628785,-0.43413174,1.3810418,33680.17301,-3.456790123,49.88214,4,4.5666666,49.57024966
2,25.02010024,91.75024114,12,0.41054603,-0.31957486,2.1176658,21960.28561,0.382716049,51.36942,6,66.833336,200.9562917
2,25.01410035,91.72478498,11,0.5857214,-0.43210855,4.485422,10351.94496,-0.691358025,49.474915,4,39.766666,28.95075856
2,25.06174013,91.80938831,11,0.4821787,-0.32295832,2.7608922,16833.08589,-0.901234568,51.454678,6,48.333332,1056.803571
2,25.03560385,91.76275035,9,0.33984923,-0.24015841,4.4860682,10348.69207,-1.913580247,51.36942,4,99.333336,283.7745856
2,25.00350388,91.71341685,9,0.26285082,-0.19304146,1.023292,45467.94154,-2.148148148,49.474915,4,28.333334,205.0635981
2,25.12182812,91.83225297,13,0.5750676,-0.43267408,3.070227,15127.0575,2.172839506,52.62562,4,2.7,241.1233982
2,25.02163216,91.76825755,14,-0.1722801,0.33913717,0.92740995,50162.35978,3.209876543,51.36942,6,38.4,107.7629968
2,25.16597889,91.79115808,14,-0.1542438,0.30597106,0.92740995,50104.57765,0.740740741,51.694046,4,588.1667,310.407375
2,25.09228739,91.73225839,12,0.47204247,-0.3093893,1.3814389,33653.25726,0.617283951,50.14763,4,178.16667,947.7597633
2,25.16630528,91.83315301,16,0.6460157,-0.46867126,0,0,0.814814815,49.728397,4,531.23334,209.7994637
2,25.08648597,91.82467903,15,0.6111683,-0.46626666,1.8543341,25068.2407,1.765432099,51.454678,4,17.4,516.7108436
2,25.16902903,91.82905964,16,0.61176413,-0.4336766,2.1182663,21927.96148,-0.975308642,49.728397,4,585.36664,304.258286
2,25.09313897,91.73626439,10,0.5143733,-0.4042398,0.92740995,50133.77978,-0.234567901,50.14763,4,139.36667,745.6898374
2,25.11908064,91.75160192,14,0.22048374,-0.19319907,3.2066665,14482.472,-0.851851852,51.92634,4,65.13333,209.243645
2,25.08072935,91.75388516,12,0.3206317,-0.18294942,1.8543341,25069.37372,1.24691358,51.48252,4,7.8,351.1145839
2,25.03264708,91.78645762,9,-0.07941143,0.20203325,3.0679963,15148.86674,-1.641975309,51.36942,4,3.4666667,167.8133967
2,25.11455318,91.82899575,12,0.44091046,-0.283119,2.7615452,16821.9967,1.456790123,52.62562,4,0.6,340.0458619
2,25.01420318,91.78993911,15,0.57215214,-0.43305913,3.5826294,12970.16015,-1.777777778,51.36942,4,43.366665,507.9905304
2,25.02794637,91.81353518,11,0.45966035,-0.30265158,2.9621391,15691.82911,-1.851851852,51.375427,6,325.76666,27.82696338
2,25.10441962,91.80000413,10,-0.1552655,0.30967265,1.0241363,45393.82554,-2.814814815,52.62562,4,20.833334,1472.190351
2,25.16136443,91.75868624,21,-0.39085823,0.53060526,5.5464664,8352.704433,0.827160494,51.694046,7,4.1666665,684.2262269
2,25.14281797,91.72191132,45,-0.10979857,0.25019184,8.5316305,5407.657658,9.271604938,51.416935,4,397.66666,592.9798506
2,25.00034394,91.72659593,13,0.34061846,-0.19381748,4.738199,9798.426847,0.913580247,49.474915,6,96.26667,328.6413113
2,25.15625839,91.70913074,19,0.45634732,-0.3556365,7.143467,6472.221371,0.777777778,51.59333,4,760.0333,1435.550883
2,25.03450506,91.7956763,11,0.30988887,-0.14361107,2.117723,21957.19273,-0.271604938,51.36942,6,55.266666,320.7840469
2,25.06079015,91.73007609,13,-0.1006221,0.28073433,0.92740995,50146.73127,2.765432099,50.14763,4,8.533334,161.1853209
2,25.05135452,91.69391722,9,0.18114638,-0.045985136,1.3811842,33670.47563,-0.790123457,51.524773,4,1.2,368.0986887
2,25.05282952,91.75123892,9,-0.3312041,0.45511317,2.7607822,16834.95191,-0.666666667,51.48252,7,0.96666664,816.6749744
2,25.02363863,91.78562644,11,-0.16361135,0.2710627,1.3810126,33682.116,0.395061728,51.36942,6,14.7,253.6799294
2,25.04488951,91.84016244,14,0.4888345,-0.40945303,0,0,0.469135802,51.375427,6,112.166664,262.1924853
2,25.14166443,91.72184193,50,-0.11010919,0.23932038,5.1092014,9073.299188,6.49382716,51.416935,4,400.06668,581.7292553
2,25.10152284,91.73055832,16,0.40611476,-0.3354292,0.92740995,50130.43162,2.962962963,51.416935,4,346.83334,61.03428831
2,25.08448018,91.84773555,10,0.30525237,-0.14358282,1.0239689,45408.48629,-0.074074074,51.454678,4,4.3333335,841.2492391
2,25.03888214,91.76800847,13,0.11666761,0.007464376,2.7606108,16837.84443,0.913580247,51.36942,4,40.333332,41.51017867
2,25.14206704,91.75261909,15,-0.31235948,0.46260577,3.4514012,13450.83923,-0.098765432,51.92634,4,4.0666666,126.4204763
2,25.12711127,91.77311973,15,0.66701525,-0.52012205,2.7617037,16819.32385,0.086419753,51.92634,4,90.96667,99.810824
2,25.04539863,91.84144247,14,0.51860476,-0.41689736,3.450448,13464.94503,1.135802469,51.375427,6,115.63333,211.5598612
2,25.07856308,91.73616095,10,-0.10568602,0.23688962,4.738339,9792.032262,-1.358024691,50.14763,4,56.166668,113.6663413
2,25.14918839,91.71221865,16,0.4889096,-0.2746311,5.640197,8213.816849,-0.469135802,51.416935,4,664.86664,833.6967979
2,25.07636747,91.79888155,8,-0.29775968,0.49634823,4.0890856,11353.60235,-0.271604938,51.48252,4,8.066667,1170.134444
2,25.12609592,91.76117211,11,-0.4357498,0.5574713,6.544154,7072.583249,-7.765432099,51.92634,4,4.8333335,237.5792426
2,25.14604594,91.84131663,11,0.051132683,0.15861818,4.194508,11061.10889,-0.469135802,52.62562,4,214.46666,583.8080721
2,25.02771543,91.68787168,10,0.10031226,0.026756408,0,0,-0.37037037,49.88214,4,1.3333334,78.55226909
2,25.13010955,91.80902345,12,0.4839664,-0.3750492,2.1181087,21936.41672,0.580246914,52.62562,4,86.03333,272.1525258
2,25.06419901,91.82033528,11,-0.1315529,0.27362975,2.2469118,20688.65919,-0.037037037,51.454678,4,4.0666666,167.33256
2,25.15845683,91.76983073,20,0.6259978,-0.4702559,4.091819,11338.55618,1.641975309,51.694046,4,90.96667,183.3788405
2,25.05068096,91.70243265,13,0.1466801,-0.079996966,3.068447,15144.45624,0.975308642,50.14763,4,1.3666667,165.6763441
2,25.12674505,91.80941438,11,0.045943294,0.10129347,2.7617004,16819.38091,-0.407407407,52.62562,1,91.5,578.9049752
2,25.13352601,91.77017515,13,0.5837694,-0.45551732,5.9091315,7838.489227,-1.518518519,51.92634,4,65.666664,347.108042
2,25.09483269,91.78648928,14,0.58353454,-0.43120363,0.92740995,50133.13126,1.901234568,51.48252,4,21.6,425.9016026
2,25.03381922,91.70665002,9,0.2926549,-0.13085675,3.4503329,13466.63965,-1.444444444,49.474915,4,1.2,601.0217092
2,25.08131213,91.85123628,12,0.59461135,-0.4638112,2.761136,16828.95292,-0.172839506,50.221912,4,28.166666,395.1287021
2,25.12240428,91.79354282,10,0.19790523,-0.031033557,2.2477958,20670.89494,-0.987654321,51.92634,4,219.23334,196.4286975
2,25.06005505,91.73076792,8,-0.24180837,0.44149098,2.2468483,20689.91266,-1.740740741,50.14763,4,5.9333334,55.94365812
2,25.02562048,91.72592509,12,-0.083706714,0.25783587,2.0463016,22725.85484,1.802469136,49.474915,4,67.53333,735.7522904
2,25.05415269,91.79361615,8,0.19477648,-0.17869723,1.8543341,25074.71456,-0.950617284,51.48252,4,1.1333333,239.6523235
2,25.10387897,91.79154251,12,0.51494867,-0.32347298,2.0476093,22697.1147,0.37037037,51.92634,4,10.433333,1346.363834
2,25.15713627,91.77207276,19,0.114391126,0.08099252,3.45155,13448.63183,-0.395061728,51.694046,4,123.333336,260.1405944
2,25.11188309,91.74188034,14,0.5553626,-0.34485564,4.4883733,10337.05756,1.62962963,51.416935,4,260.43332,197.5165206
2,25.12145611,91.7371635,15,0.45685214,-0.26210126,1.0242782,45381.3754,1.864197531,51.416935,4,227.63333,109.1834843
2,25.10241924,91.77850752,12,0.70755756,-0.54026026,4.738381,9790.089562,0.518518519,51.92634,4,44.833332,656.238858
2,25.0483899,91.72425576,13,-0.1290024,0.30532488,3.4504752,13464.51984,2.962962963,49.474915,7,1.6333333,229.7085852
2,25.12028345,91.82270614,11,0.3138708,-0.15119465,1.0242689,45382.17663,0.234567901,52.62562,4,28.333334,1098.500017
2,25.12519789,91.81749321,10,0.19386154,-0.017343001,2.7616796,16819.72506,-0.530864198,52.62562,4,29.466667,1219.011778
2,25.02943369,91.83593517,12,0.49464285,-0.39783916,5.1872334,8944.10514,-1.925925926,51.375427,4,378.3,446.677014
2,25.14289405,91.83046523,10,0.28089887,-0.103819236,2.2481093,20664.6183,-1.790123457,52.62562,4,61.066666,461.1784099
2,24.9921926,91.69613466,9,0.099680476,0.01137076,1.8543341,25087.10048,-2.320987654,55.934193,6,16.433332,209.5930301
2,25.03474614,91.76725568,11,0.23418434,-0.10113202,0.92740995,50157.18672,0.111111111,51.36942,4,85.666664,156.4314422
2,25.07800947,91.79240396,8,0.097552046,0.06242199,2.7610948,16829.6388,-3.333333333,51.48252,6,6.1666665,511.9449644
2,25.02406561,91.71691153,12,0.35034359,-0.26720572,2.962128,15692.3604,-0.12345679,49.474915,7,18.733334,580.0675754
2,25.05139059,91.68549758,11,0.12696095,-0.012247586,1.8543341,25075.25373,-0.283950617,51.524773,4,0.56666666,164.4839523
2,25.03773437,91.80763886,13,0.520182,-0.40652773,4.4861355,10348.3582,-0.777777778,51.375427,4,240.26666,160.0482848
2,25.06287154,91.70812663,9,0.40666482,-0.21015601,4.229905,10975.49702,-2.597222222,50.14763,4,32.033333,344.8204929
2,25.10217035,91.79085735,9,0.33966354,-0.19169565,1.3814974,33649.21902,-2.259259259,51.92634,4,7.733333,1259.26247
2,24.98137981,91.71083689,11,0.4988551,-0.38614124,0,0,0.135802469,54.57589,4,1.3333334,33.35300975
2,25.09782219,91.77556298,9,0.52339524,-0.32322076,2.2474232,20678.38197,-2.543209877,51.48252,4,9.366667,106.5944597
2,25.03369303,91.82092788,11,0.43060955,-0.3983162,2.7802885,16719.2073,-1.777777778,51.375427,6,304.86667,410.2636847
2,25.06569068,91.80690745,9,0.048186265,0.1173923,2.2469327,20688.1998,-0.913580247,51.454678,4,26.666666,1498.474651
2,25.04096401,91.71465389,9,0.022992136,0.18041885,2.1177485,21955.79571,0.049382716,49.474915,7,1.6666666,95.43589763
2,25.14993089,91.83277124,13,0.5720779,-0.42551377,1.381796,33629.02703,0.320987654,49.728397,4,162.56667,67.75838001
2,25.09601611,91.75678458,18,0.48726162,-0.3050497,2.2473977,20678.88444,3.716049383,51.48252,4,51.266666,102.7115147
2,25.07942531,91.75695624,13,0.26096752,-0.052118078,3.0691693,15137.4004,0.469135802,51.48252,4,6.8333335,166.2386898
2,25.07016978,91.83846987,9,0.16145325,-0.028094638,1.3813012,33662.55386,-2.135802469,51.454678,4,9.233334,1180.824001
2,25.05567432,91.70399349,11,-0.014873465,0.18370058,1.3812118,33668.6447,0.802469136,50.14763,4,9.066667,161.3394566
2,25.15473162,91.74811954,18,0.18329278,-0.21112925,1.3818253,33627.0783,-1.407407407,51.59333,4,1.7666667,87.78868076
2,25.11252759,91.74191333,10,0.51205,-0.32990754,0,0,-2.740740741,51.416935,4,248.13333,170.6523001
2,25.09749815,91.73889629,11,0.4788618,-0.3320098,2.1179771,21943.50457,-0.296296296,50.14763,4,177.23334,296.1707305
2,25.08741405,91.80736219,10,-0.29191488,0.48752695,3.584196,12956.89613,-0.074074074,51.454678,4,0.33333334,1665.109945
2,25.10782869,91.80773891,14,0.20774788,-0.012297987,4.1932607,11067.80182,2.962962963,52.62562,4,65.36667,1541.934126
2,25.13931972,91.75516571,15,0.25841224,-0.22252141,7.6322,6054.117083,-1.259259259,51.92634,4,18.033333,321.7434145
2,25.15463976,91.71474707,16,0.5022148,-0.31503236,1.3818253,33627.0783,-0.166666667,51.59333,4,564.1667,1435.071258
2,25.10963536,91.83777184,11,0.29854465,-0.12392628,1.0241805,45390.00762,-0.333333333,52.62562,4,18.566668,626.5887685
2,25.16666804,91.81255592,25,0.55776364,-0.4120393,2.0486612,22674.04433,3.604938272,49.728397,4,560.3333,60.16493832
2,25.16772912,91.80219523,15,0.54719764,-0.3831751,7.979619,5785.990001,-0.786885246,49.728397,4,743.76666,293.516169
2,24.99683515,91.72032776,9,0.126287,0.05810713,3.4499693,13472.02393,-1.641975309,54.57589,4,73.933334,374.296331
2,25.09854556,91.75066967,11,0.30199805,-0.034254465,1.0240874,45398.14699,-0.703703704,51.48252,4,132.16667,8.886448946
2,25.15124466,91.76579647,18,0.54396206,-0.43019173,4.941522,9382.08346,0.567901235,51.694046,4,56.066666,29.20230883
2,25.02028577,91.72411552,8,0.20478308,-0.045827944,3.450199,13468.61056,-1.382716049,49.474915,4,71.23333,520.9739588
2,25.15369857,91.81734719,13,0.41893497,-0.22060317,2.7620347,16813.71259,0.518518519,49.728397,4,205.13333,938.2341925
2,25.05688168,91.71077997,13,0.17502297,-0.039311256,4.938924,9394.127314,3.098765432,50.14763,4,5.4666667,182.9781422
2,25.01987767,91.69181439,10,0.5018977,-0.39671606,1.3809903,33683.67263,0.098765432,49.88214,4,0.6,689.1651347
2,25.03053689,91.79690792,10,0.20535977,4.83E-04,4.7382526,9795.960272,-1.333333333,51.36942,6,56.333332,426.8219946
2,25.02391072,91.76564127,12,-0.11171269,0.26412374,2.0462737,22726.45701,1.814814815,51.36942,6,40.666668,330.8316733
2,25.00999946,91.72226907,14,0.4890049,-0.39710814,2.1176245,21962.50635,1.37037037,49.474915,4,16.433332,176.3260804
2,25.10697539,91.78381931,11,0.46638325,-0.26428387,2.0476604,22696.01093,-1.061728395,51.92634,4,72.53333,984.1678338
2,25.02942792,91.80573744,12,0.55663896,-0.42960966,3.450289,13467.30328,0.604938272,51.375427,6,182.53334,288.9375939
2,24.99009279,91.70262926,10,0.35436684,-0.26122573,1.023181,45477.7512,-1.580246914,54.57589,4,12.933333,97.41806806
2,25.03188954,91.70611185,11,0.10237468,0.07668511,1.381064,33678.61649,0.950617284,49.474915,7,0.8333333,690.7085352
2,25.14888018,91.81530819,13,0.08368203,0.06819299,1.8543341,25055.70018,0.271604938,52.62562,6,140.16667,581.454115
2,25.06211341,91.72112594,15,0.5160578,-0.4256149,3.4506123,13462.50777,2.87654321,50.14763,4,37.633335,145.133348
2,25.00433273,91.73190975,14,-0.031152917,0.19510952,1.0232989,45467.3404,3.50617284,49.474915,4,65.73333,406.5862841
2,25.07289742,91.83382242,12,0.48365244,-0.35682935,1.3813183,33661.41144,-0.456790123,51.454678,6,10.833333,951.2914491
2,25.0662982,91.81530953,19,0.48632154,-0.38992196,5.0563173,9174.234442,3.345679012,51.454678,4,31.633333,654.7413943
2,25.16303877,91.80486146,19,0.5121185,-0.38991073,4.1392198,11207.85417,0.469135802,49.728397,4,552.9667,43.99504812
2,25.06583067,91.74581869,5,0.21141016,-0.013862169,5.5091243,8416.096187,-3.24691358,50.14763,4,63.766666,145.2205231
2,25.12373977,91.80676273,12,0.48988077,-0.31340373,1.381632,33640.13722,-0.37037037,52.62562,4,146.13333,507.2823769
2,25.11861884,91.79709661,13,0.2435566,-0.05820773,1.8543341,25061.81208,1.567901235,51.92634,4,152.33333,25.61045836
2,25.17508839,91.83307002,16,0.59112734,-0.4714958,4.19545,11056.03693,-1.185185185,49.728397,7,831.36664,206.1056541
2,25.10639329,91.8535816,12,0.11161258,0.045604058,2.1180131,21941.57166,0.37037037,51.193287,4,41.366665,1642.135565
2,25.10363414,91.75572458,13,0.2864113,-0.3131716,2.0476046,22697.2154,-3.839506173,51.92634,4,112.066666,39.63244981
2,25.07456489,91.76206786,13,0.22500318,-0.07887234,4.137582,11220.24085,1.296296296,51.48252,4,15.233334,11.45317294
2,25.03246189,91.69458799,17,0.4424435,-0.253452,2.2464306,20698.30082,3.580246914,49.88214,4,18.566668,608.8632689
2,25.12912241,91.79701203,12,0.21146482,-0.07958593,2.0480278,22687.92326,0.160493827,51.92634,4,300.16666,311.0443034
2,25.08343076,91.80308561,6,-0.2770072,0.48067635,4.23007,10973.27255,-2.814814815,51.454678,4,0.06666667,1274.200766
2,25.02830334,91.69809666,11,0.49147528,-0.39750662,1.0235003,45449.70431,0.962962963,49.88214,7,3.5333333,393.5809084
2,25.11918053,91.83121453,9,-0.2693141,0.46638545,1.3816043,33642.04584,-0.75308642,52.62562,4,0.33333334,245.1720774
2,25.12142498,91.81510915,11,0.6529072,-0.5018853,1.8543341,25061.21824,-0.888888889,52.62562,4,71.23333,1344.629797
2,25.12356465,91.84937661,13,0.5363297,-0.42172173,2.0479393,22689.88206,1.074074074,52.62562,4,24.333334,1342.985276
2,25.14076386,91.7179468,15,0.23404016,-0.07974388,4.194336,11062.01806,-0.790123457,51.416935,4,519.06665,198.1151528
2,25.0915602,91.72839878,9,-0.028352156,0.18109952,7.6525407,6040.13803,-1.765432099,50.14763,4,227.86667,1059.103751
2,25.0895407,91.75999549,14,0.23473266,-0.09768873,1.3814199,33654.51646,-0.24691358,51.48252,4,24.866667,40.87457255
2,25.16122335,91.8009056,16,0.59660715,-0.43462807,3.0712173,15117.40365,0.580246914,49.728397,4,577.76666,230.7919017
2,25.09283194,91.81241813,11,0.05679146,0.12420157,1.3814405,33653.06979,-1.135802469,51.454678,4,29.366667,1894.671512
2,25.1021474,91.73609229,15,0.52418596,-0.31244382,1.0241153,45395.63662,1.814814815,51.416935,4,288.43332,102.5946687
2,25.0823956,91.75672372,17,0.36105582,-0.30657598,2.2471905,20683.06381,2.098765432,51.48252,4,9.633333,126.7555935
2,25.04625102,91.74945596,10,0.0861562,0.07045,1.0236509,45436.47658,0.308641975,49.474915,4,28.566668,1509.772204
2,25.06595768,91.78179945,12,0.26337478,-0.06351998,2.7609437,16832.19176,-0.197530864,51.48252,4,0.6,688.1877739
2,25.07519736,91.77517495,13,0.5289832,-0.4058688,1.8543341,25070.50674,-1.234567901,51.48252,4,12.333333,22.02499776
2,25.14485411,91.71472085,18,0.60032547,-0.40165338,3.585429,12946.48148,-0.185185185,51.416935,4,616.5333,375.8066731
2,25.16544816,91.81833921,16,0.47139445,-0.30285695,2.0486379,22674.54886,0.864197531,49.728397,4,476.16666,105.1466551
2,25.09161129,91.75980989,14,-0.37491128,0.45968497,5.807859,7978.81939,-1.592592593,51.48252,4,22.833334,35.73201871
2,24.99396555,91.67384141,12,0.50159407,-0.2544259,1.3808291,33694.54617,-0.444444444,55.934193,6,0.53333336,532.6265118
2,25.14871109,91.80599839,12,0.61344963,-0.4186779,2.118184,21932.36834,-1.703703704,52.62562,4,240.06667,162.2517681
2,25.15942218,91.84046809,12,0.38655382,-0.24780293,3.0711753,15117.8074,-0.950617284,49.728397,4,439.5,654.8397595
2,25.14043853,91.7391976,14,0.6209215,-0.47779575,1.3817356,33633.11504,-0.987654321,51.416935,4,76.03333,45.34271358
2,25.11312752,91.73390404,14,0.47939563,-0.31003675,4.230307,10970.05465,0.12345679,51.416935,4,388.06668,302.9469034
2,25.02202086,91.70172462,8,-0.45142505,0.57461977,0,0,-1.432098765,49.474915,7,0.8333333,206.7816659
2,25.12773041,91.76653359,23,0.5251996,-0.43079227,2.1180997,21936.93641,3.765432099,51.92634,4,24.6,84.8354796
2,25.11092977,91.83143063,10,0.34913054,-0.24334733,1.3815526,33645.48263,-1.592592593,52.62562,4,6.5333333,38.89557307
2,25.16959765,91.82403311,14,0.26733798,-0.23256803,5.640228,8212.422289,-3.456790123,49.728397,4,598.6667,81.4869595
2,25.04322078,91.83380181,18,0.67447346,-0.50948817,1.3811344,33673.86293,1.12345679,51.375427,4,96.96667,19.59334633
2,25.01516908,91.68196015,11,-0.03604582,0.1939746,4.136484,11228.53712,-0.111111111,49.88214,4,0.033333335,307.5311892
2,25.03806552,91.8047296,14,0.5596385,-0.42504534,2.7606006,16838.05136,0.802469136,51.375427,4,193.33333,94.17304024
2,25.04559901,91.8179053,9,0.59420836,-0.43376368,4.1370425,11224.31606,-2.518518519,51.375427,4,136.06667,334.4775965
2,25.01141974,91.73269247,8,-0.04391436,0.22123197,2.0460656,22731.01575,-2.49382716,49.474915,4,20.333334,197.9807365
2,25.1220461,91.85456663,10,0.5001119,-0.39097327,2.118076,21938.17458,-1.777777778,51.193287,4,50.7,1708.589978
2,25.00425541,91.7181924,10,-0.17609718,0.313668,8.3354645,5542.928476,-0.444444444,49.474915,4,20.833334,195.8622457
2,25.13116289,91.81344644,16,0.6051851,-0.45418823,0.92740995,50118.53962,2.209876543,52.62562,4,39.366665,474.4644484
2,25.09204322,91.84001851,11,0.5499157,-0.4624466,2.2473385,20680.09628,-0.740740741,51.454678,4,2.2666667,844.0338471
2,25.0184417,91.6930719,11,0.5075773,-0.39635643,2.24622,20702.55504,0.209876543,49.88214,4,4.266667,692.2662691
2,25.01019605,91.79737817,10,0.04658868,0.09489268,1.3809302,33687.7415,-0.469135802,51.36942,4,4.1666665,235.4162041
2,25.14175924,91.75181909,16,-0.29509506,0.4369648,1.3817441,33632.54166,-0.148148148,51.92634,7,4.1666665,41.57645861
2,25.15217429,91.76138428,23,0.1583669,-0.19892359,4.738471,9785.995541,3.555555556,51.694046,4,19.2,318.7011381
2,25.03100428,91.7649647,14,0.33460483,-0.23643294,4.1907644,11081.21176,2.197530864,51.36942,4,116.933334,67.4672031
2,25.15971243,91.78161246,13,0.4361927,-0.3478165,3.4515774,13448.23431,-3.197530864,51.694046,4,300.83334,8.470946267
2,25.07160356,91.8086446,12,0.5457696,-0.4243048,2.2470257,20686.36287,0.641975309,51.454678,4,34.666668,1321.411094
2,25.16850287,91.84369043,12,0.6367178,-0.46299067,1.3819119,33621.19406,-2.259259259,49.728397,7,750.8333,283.0786217
2,25.02704291,91.84771189,14,0.5220288,-0.4367255,1.023491,45450.51019,-0.234567901,51.375427,4,553.76666,154.5768603
2,25.12465919,91.80215848,12,0.4938072,-0.3227692,2.7616727,16819.83936,-1.543209877,52.62562,4,215.53334,48.97136144
2,25.03990806,91.82305228,13,0.57883275,-0.4454047,2.1177442,21956.02841,0.50617284,51.375427,6,169.5,405.8954246
2,25.02643848,91.83977601,13,0.2402762,-0.13365515,0.92740995,50160.52734,0.617283951,51.375427,6,482.66666,373.4104878
2,24.99617257,91.67382468,13,0.43291152,-0.2061231,5.6399674,8224.199987,1.098765432,55.934193,6,1.5,704.1191716
2,25.10825347,91.81363954,14,0.45561376,-0.2764239,3.2064066,14484.89682,2.135802469,52.62562,4,25.5,1781.500674
2,25.03033708,91.68924593,13,0.57451165,-0.47285068,4.485909,10349.48343,0.172839506,49.88214,4,4.3333335,241.9292478
2,25.08635758,91.75951316,13,0.33101448,-0.2838175,5.5096292,8413.943804,-2.641975309,51.48252,4,17.333334,190.3607392
2,25.06439325,91.75781848,11,0.43323368,-0.22952583,1.381265,33665.0292,-0.12345679,51.48252,4,15.233334,41.45768685
2,25.08370968,91.82217997,11,0.7257027,-0.56125546,1.3813838,33656.91797,-1.666666667,51.454678,4,27.333334,643.3022176
2,25.06092709,91.71874195,9,-0.016501091,0.18097702,2.0468898,22712.92344,0,50.14763,4,50.7,224.8365599
2,25.1009377,91.7500457,13,0.69470054,-0.52634853,2.0475628,22698.16825,-0.740740741,51.416935,4,160.16667,124.352617
2,25.14808542,91.75170956,15,-0.23820142,0.39988294,2.24819,20662.98443,-0.382716049,51.92634,7,0.033333335,166.1665224
2,25.16716957,91.84615494,14,0.51349443,-0.3954809,1.8543341,25052.02023,-0.728813559,49.728397,4,756.0333,327.4533597
2,25.09537457,91.74356969,14,0.48580855,-0.2929272,5.056513,9171.745028,-0.617283951,50.14763,4,118.666664,13.39109765
2,25.0602649,91.750151,8,0.055577997,0.14078274,2.760875,16833.37171,-1.518518519,51.48252,4,14.833333,428.9962548
2,25.12081005,91.84737241,11,0.60047644,-0.49041358,4.138436,11213.76118,-0.086419753,52.62562,4,6.733333,1199.209479
2,25.15103175,91.79733847,15,0.67291665,-0.50992924,0.92740995,50110.53496,1.283950617,51.694046,4,442.43332,479.7077844
2,25.05677199,91.81583309,14,0.49763638,-0.3906778,1.0237367,45428.85795,2.024691358,51.454678,6,52.266666,212.4730406
2,25.10331417,91.83502547,12,0.021573449,0.13582404,2.7614076,16824.32291,0.691358025,52.62562,4,16.433332,339.0342752
2,25.05499454,91.81190074,13,0.2984278,-0.11291024,2.7802885,16716.36816,1.75308642,51.454678,4,99.63333,539.0956959
2,24.98707366,91.70350118,11,0.1432881,0.010267484,1.3807863,33697.46977,0.271604938,54.57589,6,4.1666665,38.84958202
2,25.01609474,91.74045423,11,0.2528467,-0.08636188,2.117649,21961.16696,-0.592592593,49.474915,4,2.4666667,436.3354974
2,25.04530863,91.79373351,12,0.36731443,-0.25949115,1.0236417,45437.27694,-0.641975309,51.36942,6,39.733334,32.9129199
2,25.0661862,91.74625251,8,0.18898854,-0.011331651,4.1374226,11221.42351,-0.641975309,50.14763,4,66.166664,107.654284
2,25.05105013,91.72320041,5,-0.18641326,0.38695914,0.92740995,50150.61483,-2.49382716,50.14763,7,0.26666668,424.9878382
2,25.10037004,91.73667648,14,0.5693858,-0.37432513,3.2062201,14486.64632,1.666666667,51.416935,4,248.33333,80.38858049
2,25.13653408,91.803549,11,0.32924876,-0.19727251,2.0481582,22685.10522,-1.074074074,52.62562,4,169.86667,218.7208838
2,25.09006765,91.73759613,7,0.14358866,0.04011457,2.2473047,20680.76431,-3.296296296,50.14763,4,91.333336,769.711229
2,25.10686528,91.77211636,12,0.5773169,-0.3775534,4.230258,10970.7271,-0.308641975,51.92634,4,85.46667,533.0350577
2,25.03008552,91.85424992,12,-0.04057744,0.12005724,3.204532,14502.43548,0.541666667,51.85888,6,593.3333,406.2486449
2,25.10620666,91.79008585,13,0.25355205,-0.14751603,3.2063534,14485.38701,1.604938272,51.92634,4,24.333334,1114.367912
2,25.02842332,91.69704708,8,0.26421162,-0.122361526,4.9381547,9397.718424,-1.271604938,49.88214,4,3.4666667,357.7087883
2,25.10607483,91.77681415,15,0.44598395,-0.2645697,2.761442,16823.75024,2.333333333,51.92634,4,76.96667,1022.951273
2,25.10579005,91.72428784,10,0.5743198,-0.41982558,0.92740995,50128.70098,-1.061728395,51.416935,4,554.4667,504.1952447
2,25.11208291,91.82730544,13,0.47071764,-0.3319077,2.047744,22694.15229,1.37037037,52.62562,4,7.366667,458.2207228
2,25.05372604,91.80862722,10,0.44217378,-0.34969613,0.92740995,50149.53648,-1.50617284,51.454678,6,88.833336,828.8439291
2,25.12219725,91.79396494,10,0.21187891,-0.042139623,1.3816233,33640.7136,-0.814814815,51.92634,4,219,169.889637
2,25.02472658,91.78279908,13,0.5228981,-0.40722746,1.0234702,45452.31486,0.901234568,51.36942,6,12.333333,318.1595089
2,25.15485599,91.76159886,16,0.11894881,-0.0690604,5.0569143,9166.641445,-5.111111111,51.694046,4,19.333334,437.1772762
2,25.06401483,91.81505084,12,0.5386304,-0.40439776,4.4869337,10344.32952,-1.765432099,51.454678,4,32.066666,705.2716574
2,25.07210311,91.78786974,11,0.36540675,-0.17115521,1.3813132,33661.75409,-1.432098765,51.48252,6,1.7333333,236.5829728
2,25.0708045,91.82261743,9,-0.35645044,0.52082175,0,0,-0.345679012,51.454678,4,9.133333,63.95415106
2,25.06044971,91.80579891,10,0.16145472,0.030736525,7.6308193,6059.036638,-0.283950617,51.454678,4,24.833334,1172.056952
2,25.10130312,91.78433033,15,0.35962015,-0.24386163,1.381494,33649.51801,1.086419753,51.92634,4,51,781.7014548
2,25.10732762,91.7976042,10,0.08635545,0.022104345,4.8059587,9651.398739,-2.074074074,51.92634,4,26.566668,1078.509458
2,25.03531598,91.70971682,8,-0.14805195,0.34362495,2.1177263,21957.01614,-0.851851852,49.474915,7,1.9333333,254.1165363
2,25.17708912,91.82838928,22,0.6119051,-0.4750013,2.7623215,16808.83952,-0.929577465,49.728397,4,874.8333,255.1505872
2,25.14984704,91.70708524,12,0.5457514,-0.34725127,3.2074006,14475.58773,-1.083333333,51.416935,4,849.76666,696.6279034
2,25.12195798,91.74484383,22,0.46711287,-0.3740309,2.2477915,20670.97798,1.135802469,51.416935,4,102.933334,0.265279627
2,25.05448544,91.6913915,10,0.26939225,-0.062719695,0,0,0.395061728,51.524773,4,8.533334,776.794603
2,25.10044872,91.7429493,12,0.5156956,-0.30074206,3.5844755,12954.54372,1.444444444,51.416935,4,206.16667,126.5564094
2,25.11436477,91.76386163,20,0.46437582,-0.34140435,2.7802885,16708.41502,0.271604938,51.92634,4,100.933334,313.8643353
2,25.13259255,91.81730564,14,0.17683268,-0.055987958,4.230464,10967.94329,1.407407407,52.62562,4,12.033334,770.4200117
2,25.00999376,91.738192,9,0.4054726,-0.31257272,1.3809285,33687.85565,-1.271604938,49.474915,6,7.8,698.8475912
2,25.10730295,91.83195805,12,0.3625397,-0.16426264,1.3815302,33647.04349,0.456790123,52.62562,4,26.266666,65.01187858
2,25.1311239,91.73862538,12,0.46238583,-0.29418337,2.962436,15677.32173,-0.679012346,51.416935,4,156.96666,40.08363121
2,25.03649507,91.70236996,7,0.33771855,-0.19259259,1.0235698,45443.59096,-2.530864198,49.474915,4,13.866667,1011.976563
2,25.13960854,91.81284184,14,0.5113122,-0.36345083,1.3817303,33633.46039,0.444444444,52.62562,4,64.03333,3.65502997
2,25.05140553,91.7332834,13,0.40035728,-0.29749018,2.1177912,21953.51253,3.49382716,50.14763,7,0.3,307.7128406
2,25.06981361,91.84101537,13,0.4833196,-0.3594908,1.8543341,25071.58697,0.543209877,51.454678,4,4.5666666,965.503966
2,25.10573332,91.81819461,10,0.50512207,-0.3757228,2.0476418,22696.41184,-1.12345679,52.62562,4,4.3333335,1327.594526
2,25.05891496,91.7385734,9,-0.1552832,0.351254,3.84288,12085.09604,0.50617284,50.14763,7,12.333333,731.2657606
2,25.10070399,91.84457348,9,-0.30999404,0.46651912,6.877129,6728.435792,-0.111111111,52.62562,4,0.3,1263.944593
2,25.04978378,91.82285268,15,0.43128404,-0.24901119,2.9622014,15688.76715,1.419753086,51.375427,4,53.933334,108.1958886
2,24.99347052,91.70234759,9,0.4902276,-0.39101523,1.3808258,33694.77198,-1.617283951,54.57589,4,2.9666667,79.95365837
2,25.15160856,91.71683699,11,0.48970076,-0.37866288,2.1181965,21931.71839,-3.472972973,51.59333,4,504.66666,1101.059299
2,24.99980392,91.66824721,16,0.6353426,-0.4746716,2.7802885,16723.69414,3.545454545,55.934193,6,3.2333333,346.4961886
2,25.00043637,91.7137249,11,-0.12839578,0.29625493,2.9620602,15695.684,1.308641975,49.474915,4,24.666666,413.8181526
2,25.10944931,91.79135205,13,0.55164474,-0.39780486,6.464861,7161.042517,0.37037037,51.92634,4,41.1,750.0192355
2,25.05999176,91.81976774,15,0.56399536,-0.42486063,3.8428826,12084.98418,1.641975309,51.454678,6,14.166667,374.9179463
2,25.03781874,91.7927891,13,0.6123088,-0.43473044,1.0235814,45442.58897,0.432098765,51.36942,6,52.533333,66.01013102
2,25.0610303,91.70700551,10,0.55657387,-0.44792196,2.1178303,21951.40683,-1.765432099,50.14763,4,19.733334,242.0378846
2,25.09484124,91.78224476,9,-0.03839565,0.16017964,0,0,-1.962962963,51.48252,4,8.966666,75.83845335
2,25.11889516,91.78972387,12,0.5418419,-0.38770702,2.1180637,21938.87081,1.037037037,51.92634,4,166.16667,281.633383
2,25.01643926,91.79621342,18,0.6407716,-0.48428124,2.0461488,22729.21249,1.358024691,51.36942,4,38.566666,47.02557903
2,25.09605852,91.83963738,12,0.37985113,-0.25265446,1.3814613,33651.69619,1.12345679,51.454678,4,3.6333334,766.3129066
2,25.13379729,91.78897273,13,0.5144206,-0.338431,4.138678,11211.94106,-0.333333333,51.92634,4,421.5,301.1118855
2,25.13164848,91.83920683,12,0.45744264,-0.32570776,1.381682,33636.74148,0.839506173,52.62562,4,58.166668,232.2391363
2,25.00540606,91.72244486,10,0.14780864,0.013138564,2.246018,20706.59766,-0.765432099,49.474915,4,30.966667,196.2989386
2,25.14821542,91.75767673,15,-0.32839024,0.39972094,3.2073605,14475.95623,-1.234567901,51.92634,7,6.6666665,336.5614725
2,25.13373031,91.73866258,13,0.4559402,-0.29422626,1.0243807,45372.42588,-3.407407407,51.416935,4,129.66667,219.7966623
2,25.1378953,91.77205366,16,0.6201379,-0.45181644,4.806441,9648.074338,0.790123457,51.92634,4,113.1,76.34048705
2,25.14335406,91.75197137,13,-0.28764915,0.41604936,6.3314857,7311.179297,-3.135802469,51.92634,7,0.96666664,75.2732872
2,25.02790443,91.68677876,8,0.49250263,-0.4009317,3.8428118,12088.2988,-2.555555556,49.88214,4,4.3333335,78.69087089
2,25.02379312,91.77640999,11,0.0692267,0.082388535,1.3810142,33682.00186,-0.345679012,51.36942,4,49.633335,487.8721407
2,25.09896324,91.78260572,13,0.12268623,0.031624194,1.3814784,33650.55151,0.172839506,51.48252,4,27.366667,469.3955755
2,25.0733039,91.78575735,14,0.19995788,-0.012914692,1.023876,45416.71935,1.827160494,51.48252,4,2.7333333,197.4275181
2,25.14010403,91.74708183,21,0.461981,-0.36495835,4.1387916,11211.07586,-0.984615385,51.416935,4,18.166666,24.75629765
2,25.04716155,91.72420521,12,-0.11801297,0.3007837,4.805001,9657.987657,1.567901235,49.474915,7,4.5666666,99.91101043
2,25.06256516,91.77882493,10,0.68247694,-0.5077495,1.381253,33665.82902,-1.49382716,51.48252,4,0.8333333,1093.599074
2,25.10210294,91.80612714,10,0.29403126,-0.16216862,0,0,-1.49382716,52.62562,4,60,1977.155054
2,25.0488687,91.7648439,11,0.12795363,0.024672326,3.842858,12086.12657,-0.666666667,51.36942,4,6,423.4737017
2,25.08638288,91.7476702,11,0.21317571,-0.0806512,2.1179323,21945.90863,-0.432098765,50.14763,4,20.866667,84.43984858
2,25.06743443,91.8361383,13,0.6276775,-0.46042553,1.0238249,45421.13138,1.061728395,51.454678,6,29.466667,1153.353296
2,25.13510726,91.75012085,16,0.16050583,-0.16259776,3.2070534,14478.84627,-2.407407407,51.92634,4,39.466667,137.722617
2,25.05707555,91.7742583,13,0.59206563,-0.35736555,1.0237391,45428.65307,0.691358025,51.48252,4,0.8333333,881.8902262
2,25.09672276,91.78523626,11,0.014977689,0.08895878,0.92740995,50132.3734,-0.901234568,51.48252,4,27.366667,438.8824503
2,25.05706107,91.80903851,11,0.43917134,-0.26535195,1.8543341,25074.12071,-0.12345679,51.454678,6,65.73333,861.9678911
2,25.0643638,91.83113717,10,0.51160467,-0.4110086,2.04695,22711.6183,-0.851851852,51.454678,4,6.4333334,860.7445341
2,25.03080985,91.81832387,9,0.28165045,-0.13792047,2.7605114,16839.53788,-3.333333333,51.375427,6,391.23334,27.64338176
2,25.10300466,91.75693927,15,0.4389741,-0.34794158,5.545659,8357.840522,0.358024691,51.92634,4,91.333336,60.32068429
2,25.05239033,91.82101176,18,0.49461222,-0.30977336,2.0467508,22715.9821,2.888888889,51.454678,6,45.666668,84.37031575
2,25.01929076,91.83718162,14,3.44E-04,0.15823998,1.8543341,25081.66538,1.691358025,51.375427,6,689.76666,315.5975374
2,25.1197945,91.81481522,13,0.44881386,-0.26511765,2.118067,21938.64807,0.679012346,52.62562,4,88.8,1411.284472
2,24.99482759,91.70271542,10,0.2653285,-0.16293965,1.8543341,25086.56319,0.098765432,54.57589,4,0.6,57.60340203
2,24.99120923,91.68872516,15,0.6033262,-0.4557202,1.8543341,25087.26261,1.901234568,55.934193,4,2.4333334,12.05627872
2,25.03098488,91.78002028,13,0.48949948,-0.364034,3.2045517,14502.25308,0.580246914,51.36942,4,14.533334,314.080111
2,25.07489745,91.79627583,12,0.67114276,-0.4544786,1.8543341,25070.56141,0.148148148,51.48252,4,17.766666,1025.693525
2,25.05975846,91.74514503,9,-0.16423738,0.36007193,3.5836017,12961.92383,0.975308642,50.14763,7,15.233334,752.9842192
2,25.10542766,91.73588189,13,0.5068124,-0.32039633,3.451038,13456.20608,-0.592592593,51.416935,4,359.63333,330.9688902
2,25.09839586,91.83733831,12,0.34334573,-0.22718236,2.1179807,21943.32555,-0.12345679,51.454678,6,3.6333334,516.4939407
2,25.03894002,91.80063548,9,0.48077402,-0.2971904,3.204744,14500.4453,-4.604938272,51.375427,4,139.36667,158.0919172
2,25.03084077,91.69400653,12,0.006959953,0.13718565,1.0235212,45447.80409,0.592592593,49.88214,6,10.433333,422.7296801
2,25.10483896,91.75253891,19,0.5114872,-0.39308804,1.8543341,25064.56828,2.382716049,51.92634,4,161.13333,7.852478172
2,25.05220213,91.76396195,10,0.061622072,0.08847681,1.3811893,33670.13291,-0.419753086,51.48252,4,2.0333333,220.7631038
2,25.16554626,91.81231322,20,0.36420885,-0.28910232,3.7047918,12526.17205,-0.49382716,49.728397,4,530.8333,56.38202234
2,25.14156676,91.83654305,10,0.37399638,-0.2832099,2.761883,16816.27051,-0.851851852,52.62562,4,105.666664,101.263148
2,25.13113799,91.81419054,16,0.5373846,-0.4267701,1.8543341,25059.2708,2.395061728,52.62562,4,32.866665,536.1395206
2,24.99468482,91.67047682,11,0.32519832,-0.23019664,3.20369,14510.33366,0.097222222,55.934193,4,0.06666667,593.6739754
2,25.0164641,91.76301062,10,-0.019702876,0.17993362,1.0234008,45458.42069,-0.827160494,51.36942,7,1.0666667,18.89415701
2,25.13279833,91.83766492,12,0.5468399,-0.41486347,3.843044,12077.44701,0.358024691,52.62562,4,67.63333,77.48549207
2,25.16406371,91.80411383,19,0.41243136,-0.29789934,2.1182473,21929.01224,1.716049383,49.728397,4,596.5333,115.3366121
2,24.99740161,91.71054898,11,0.23971355,-0.06967228,1.0232434,45472.24395,1.148148148,54.57589,4,4.866667,611.8216312
2,25.03542253,91.75105307,9,-0.01771268,0.16600175,1.8543341,25078.4341,-0.740740741,51.36942,4,158.73334,1079.951966
2,25.10247629,91.78507183,12,0.5111689,-0.34810084,5.1075616,9079.086942,-1.234567901,51.92634,4,44.833332,924.2098832
2,25.09631354,91.7642644,14,0.64053535,-0.47825512,2.247402,20678.79981,0.259259259,51.48252,4,9.233334,187.890028
2,25.07552071,91.73783096,16,0.5488386,-0.44186026,2.2470806,20685.23534,1.864197531,50.14763,4,47.366665,488.5835248
2,25.16435335,91.81981967,16,0.58357745,-0.39107367,6.1250525,7558.299787,-2.432098765,49.728397,4,439.73334,236.960572
2,25.14694556,91.80914195,12,0.35357752,-0.18945964,1.3817769,33630.291,-1.765432099,52.62562,4,173.4,409.4631467
2,25.03221136,91.79099178,9,-0.020843185,0.14198637,2.7605286,16839.25199,-0.975308642,51.36942,6,14.733334,182.7991759
2,25.08711039,91.78791612,16,0.5768557,-0.43315658,4.1925836,11071.4316,1.925925926,51.48252,4,14.733334,94.80738212
2,25.07114154,91.77063234,11,0.52593714,-0.4045115,3.5838454,12959.86889,-0.814814815,51.48252,4,52.866665,366.0018107
2,25.13261726,91.81540727,13,0.47579437,-0.30860612,3.5851605,12948.73934,0.617283951,52.62562,4,22.533333,587.3284254
2,25.02005754,91.68961999,11,0.048806295,0.06702158,3.0676913,15151.87195,0.358024691,49.88214,4,0.13333334,526.4294829
2,25.08863046,91.76285345,14,0.5961278,-0.41263193,4.192638,11071.14516,1.444444444,51.48252,4,13.066667,203.7434496
2,25.03547486,91.71022185,7,-0.13276313,0.3271783,1.3810863,33677.13345,-2.135802469,49.474915,7,2.6666667,222.3440024
2,25.11395908,91.77652322,19,0.43121532,-0.2798235,0.92740995,50125.4584,2.567901235,51.92634,4,194.66667,547.4462844
2,25.12734998,91.8196214,15,0.5915327,-0.4431982,2.1180985,21936.99663,2.777777778,52.62562,4,12.166667,1220.998968
2,25.02272117,91.75374707,12,-0.083417065,0.22144443,0,0,0.086419753,51.36942,4,52.266666,185.430237
2,25.01106707,91.69614127,8,1.64E-04,0.12595949,4.7382183,9797.566907,-1.802469136,49.88214,7,0.26666668,1046.090414
2,25.1238814,91.83405191,11,0.40255928,-0.24223912,3.8430243,12078.36894,-1.358024691,52.62562,4,6.6666665,157.1958385
2,25.00899542,91.689523,10,-0.018671252,0.17800242,1.3809234,33688.19596,-0.148148148,49.88214,4,0.13333334,547.3268592
2,25.11124961,91.82332972,10,0.5550717,-0.4031688,2.2476263,20674.28277,-0.567901235,52.62562,4,26.7,850.3263364
2,25.06013685,91.77158164,11,0.20747213,-0.035955474,2.7608714,16833.43025,-0.049382716,51.48252,4,11.233334,930.7549027
2,25.02775571,91.69323169,11,0.16414283,-0.022136893,2.117696,21958.65085,0.50617284,49.88214,6,2.7333333,65.56636738
2,25.05262332,91.78346534,8,-0.15489022,0.27623934,3.2050762,14497.35043,-2.802469136,51.48252,6,2.1333334,689.5472557
2,25.01651471,91.72034789,11,0.532677,-0.40880477,1.023403,45458.22439,-0.283950617,49.474915,4,23.633333,495.5565104
2,25.00198098,91.71801065,11,0.008387685,0.095166415,0.92740995,50170.21739,-0.098765432,49.474915,4,35.333332,20.5359523
2,25.03412787,91.68404457,10,-0.12676412,0.25190842,2.1177218,21957.25297,-0.12345679,49.88214,4,0.033333335,294.6206292
2,25.13448382,91.77169761,15,0.567068,-0.4373478,2.7617934,16817.79777,1.074074074,51.92634,4,86.96667,286.5926199
2,25.03476225,91.80169564,14,0.5301103,-0.39247525,2.0464542,22722.49863,1.543209877,51.375427,6,126.833336,330.5125425
2,25.12627331,91.75215,14,0.36990345,-0.28213033,2.2478592,20669.64097,-2.172839506,51.92634,4,19.5,26.33379362
2,25.13243711,91.82762052,10,0.535134,-0.3982318,2.0480883,22686.61523,0.666666667,52.62562,4,6.5666666,926.6933226
2,25.06766435,91.76948877,11,0.056823272,0.12441627,3.2054284,14494.04012,-0.975308642,51.48252,4,62.833332,632.6332481
2,25.06140966,91.75482883,11,0.60143363,-0.45523974,2.046899,22712.72284,0.543209877,51.48252,4,7.266667,36.24792822
2,25.11309202,91.84629459,13,0.46435714,-0.39423335,2.0477626,22693.74971,0.740740741,52.62562,4,10.166667,1385.252134
2,25.11335238,91.82893465,8,0.13106522,0.03434917,0.92740995,50125.67708,-2.444444444,52.62562,4,1.6666666,316.1584411
2,25.14832252,91.79019192,14,0.52849865,-0.3400082,3.5855005,12945.85922,0.135802469,51.92634,4,576.06665,430.9069341
2,25.05162044,91.7999519,13,-0.15216082,0.27294838,2.7607687,16835.1792,1.975308642,51.48252,4,30.933332,131.4856222
2,25.023153,91.83957511,15,0.607132,-0.45696837,1.8543341,25080.91129,2.160493827,51.375427,6,578.1667,243.7755328
2,25.0551011,91.84205769,12,0.19282642,-0.062358566,3.205136,14496.79907,-0.811594203,51.454678,6,58.733334,559.2136728
2,25.01880623,91.81730688,8,0.33195826,-0.18788688,2.0461905,22728.30959,-2.821428571,51.375427,6,252.03334,208.5777603
2,25.14806094,91.71941917,11,0.048601504,0.12237111,2.048349,22680.88521,-2.851851852,51.416935,4,446.16666,787.3918242
2,25.01132734,91.7073754,15,-0.2770497,0.4154756,2.2461104,20704.76673,3.888888889,49.474915,4,9.133333,192.1775041
2,25.05547405,91.8338054,9,0.043294284,0.12163072,1.8543341,25074.44497,-1,51.454678,7,5.4666667,818.3163235
2,25.14906859,91.78722581,15,0.47039175,-0.2844011,2.1181853,21932.30813,1.333333333,51.92634,4,482.7,173.4788759
2,25.11448658,91.73292409,13,0.5328118,-0.3437713,1.02422,45386.49697,0.135802469,51.416935,6,386.66666,218.4289058
2,25.10227847,91.83583358,10,0.2185009,-0.062663846,2.1179962,21942.45684,-0.740740741,52.62562,7,10.2,406.9235562
2,25.03337635,91.82395306,14,0.6013165,-0.48030943,5.1873918,8943.542266,0.074074074,51.375427,6,289.2,558.85887
2,25.12104566,91.81184065,12,0.57640785,-0.41837144,2.2477746,20671.31264,-0.061728395,52.62562,4,104.166664,1098.667654
2,25.15087353,91.71431361,21,0.27894494,-0.12369682,2.1181931,21931.8949,2.641975309,51.59333,4,584.06665,1025.243971
2,25.07886137,91.77937228,10,0.13933897,0.006499006,5.640091,8218.595507,-1.530864198,51.48252,4,0.16666667,393.3863916
2,25.03473317,91.81408424,14,0.45248902,-0.2903542,2.117724,21957.13497,0,51.375427,4,360.83334,43.84097765
2,25.01229924,91.78386484,15,0.45770273,-0.34342796,1.3809422,33686.8704,1.913580247,51.36942,6,85.666664,672.5938707
2,25.04575273,91.69457174,14,0.401083,-0.29870605,1.3811499,33672.83182,1.395061728,49.88214,4,3,64.21055148
2,25.08461189,91.83068402,12,0.7059111,-0.54593074,1.0239689,45408.48629,-0.62962963,51.454678,4,6.1666665,115.6473774
2,25.07649898,91.83933899,12,0.5230069,-0.44106326,0,0,0.975308642,51.454678,4,4.8333335,1268.458829
2,25.10673988,91.82120784,12,0.18242292,-0.06452366,2.0476558,22696.10898,0.086419753,52.62562,6,8.333333,1021.364163
2,25.10117304,91.81515878,8,-0.33945718,0.5220544,0.92740995,50130.53719,0.148148148,52.62562,4,5.3333335,1684.3132
2,25.0196473,91.76454612,13,-0.14499846,0.29813227,2.7603743,16841.8933,2.222222222,51.36942,7,11.866667,8.344968234
2,25.12031994,91.8037863,12,0.54939544,-0.4349608,0,0,-0.345679012,52.62562,4,221.06667,394.237226
2,25.12194156,91.78556031,15,0.6459247,-0.512475,0.92740995,50122.21581,1.950617284,51.92634,4,251.86667,689.1589246
2,25.07973525,91.81697884,11,0.5028211,-0.39104596,3.4507852,13459.94912,-0.87654321,51.454678,4,7.633333,884.3736765
2,25.10340393,91.74695957,13,0.47827268,-0.34933886,2.7614076,16824.32291,-1.160493827,51.416935,4,230.96666,75.44876628
2,25.13095218,91.81906652,10,0.114413954,0.03895726,3.451291,13452.46072,-1.12345679,52.62562,4,6.8333335,980.0301073
2,25.1192116,91.8146377,13,0.46860138,-0.30537492,2.0478697,22691.43755,0.530864198,52.62562,4,96.566666,1423.258152
2,25.02883767,91.83600743,16,0.47107366,-0.36756587,5.547545,8359.926386,1.432098765,51.375427,4,392.43332,451.6470569
2,25.07777165,91.78289095,14,0.4031123,-0.21588692,3.583988,12958.65524,1.888888889,51.48252,6,2.6666667,236.8476292
2,25.04548116,91.75843251,11,-0.0343443,0.19695774,2.246629,20694.33688,1.518518519,51.36942,4,44.833332,1156.161032
2,24.99773884,91.71238507,10,0.03366985,0.10023204,1.0232457,45472.04418,-0.172839506,54.57589,4,10.833333,730.7245829
2,25.06306744,91.76629935,12,0.2199013,-0.110016994,4.191808,11075.60865,1.802469136,51.48252,4,24.133333,564.2212265
2,25.13211426,91.76184833,21,0.39936754,-0.2988408,1.8543341,25059.10867,-0.444444444,51.92634,4,7.366667,26.734207
2,25.03389844,91.85106858,13,-0.013304589,0.09765774,2.2464519,20697.88262,0.04109589,51.85888,4,440.66666,654.0150261
2,25.02265594,91.79967419,16,0.46804357,-0.27326068,1.0234517,45453.91461,3.641975309,51.36942,4,107.53333,538.7176154
2,25.15546144,91.80384818,15,0.46592176,-0.2611409,3.2075408,14474.29699,1.185185185,49.728397,4,392.16666,296.7773991
2,25.02378521,91.72487854,9,-0.025425619,0.19197759,3.204386,14503.81349,-1.209876543,49.474915,4,87,727.6797279
2,25.07325095,91.81968198,13,0.47877508,-0.3725604,2.9622693,15685.47208,-0.160493827,51.454678,6,11.766666,309.3238355
2,25.02164132,91.82170617,13,0.19314608,-0.1719781,2.7603984,16841.45753,0.407407407,51.375427,6,376.86667,152.4255471
2,25.14261543,91.81752439,12,0.09637116,0.09154678,2.048256,22682.9448,-1.197530864,52.62562,4,51.866665,100.2836453
2,25.10932987,91.80844408,11,0.04857042,0.05716234,2.1180255,21940.92325,-1.098765432,52.62562,4,66.46667,1463.818396
2,25.11841556,91.8267109,7,0.05388202,0.17385544,2.2477407,20672.0255,-2.074074074,52.62562,4,5.3333335,654.2118672
2,25.01261132,91.73410238,12,0.10110454,0.019217523,2.2461274,20704.388,1.148148148,49.474915,4,11.633333,205.5834402
2,25.0899311,91.73869008,9,0.49807975,-0.32290766,2.2473047,20680.76431,-1.407407407,50.14763,4,82.26667,669.4416358
2,25.00196599,91.73613917,14,-0.009554392,0.12477939,3.2038689,14508.68144,2.567901235,49.474915,6,67.86667,301.6753701
2,25.04895566,91.75829514,11,0.26258397,-0.10027141,3.7047918,12537.86893,0.567901235,51.36942,4,21.233334,860.6044327
2,25.15386093,91.79139755,15,0.61112696,-0.414189,7.1433725,6472.433943,-0.456790123,51.694046,4,596.93335,200.8223284
2,25.15360276,91.84738891,11,0.2618753,-0.10150683,4.091661,11339.43617,0.259259259,49.728397,4,439.8,1046.014329
2,25.11953229,91.75314216,14,0.422854,-0.3476094,5.1909175,8931.280285,-1.716049383,51.92634,4,51,35.86126483
2,25.10244477,91.7338031,14,0.59001356,-0.40342215,2.247491,20677.00097,1.197530864,51.416935,4,318.53333,67.33967927
2,25.03467536,91.72915288,11,-0.26307464,0.42617068,1.0235536,45444.99415,1.950617284,49.474915,7,9.666667,526.2697992
2,25.04185981,91.79969992,13,0.42866588,-0.24067795,2.117753,21955.56054,0.728395062,51.36942,4,96.666664,337.0965168
2,25.0612752,91.83658552,12,-0.042249262,0.21828118,0,0,0.765432099,51.454678,4,18.033333,1000.226098
2,25.02503032,91.72674165,8,-0.047431577,0.22459282,2.7604394,16840.77276,-1.530864198,49.474915,4,74.166664,635.3914803
2,25.03574019,91.74725193,11,0.1560068,0.007377541,3.5830915,12966.25502,1.333333333,49.474915,4,144.86667,1196.82921
2,25.09808826,91.83006705,10,0.27931038,-0.112747125,0,0,-0.790123457,51.454678,4,4.0333333,217.1250787
2,25.13720973,91.77964542,13,0.5902929,-0.40576616,5.0567946,9168.16594,0.716049383,51.92634,4,222.53334,301.2312616
2,25.04465941,91.79734849,16,0.6243038,-0.4674423,2.7606828,16836.64515,2.259259259,51.36942,4,56.533333,49.3952041
2,25.07442269,91.74274971,9,0.31331718,-0.19389915,2.7802885,16713.77911,-1.555555556,50.14763,4,20.433332,665.7853468
2,25.04737379,91.7246409,9,-0.13933013,0.31303018,6.1628532,7518.613649,-1.308641975,49.474915,7,4.0333333,108.5474142
2,25.03318171,91.7330049,10,-0.013929199,0.19725963,3.2046049,14501.76233,0.62962963,49.474915,7,33.933334,173.2149809
2,25.09117088,91.7354763,9,0.1363126,0.013145042,1.3814319,33653.71429,-1.037037037,50.14763,4,126.166664,914.7825644
2,25.05900227,91.77645451,10,0.20796576,-0.07294235,1.0237553,45427.25039,-1.518518519,51.48252,6,0.16666667,1183.192134
2,25.12646291,91.80745055,17,0.56708217,-0.39517555,3.5850353,12949.80733,3.209876543,52.62562,4,120.666664,393.0336181
2,25.13817965,91.72074679,24,0.08889354,-0.05337262,3.2071202,14478.20005,1.975308642,51.416935,4,444.83334,580.9410257
2,25.14160601,91.74052249,17,0.4567961,-0.38880977,0.92740995,50114.32049,1.4,51.416935,4,57.366665,147.0744876
2,25.07312631,91.76599608,10,0.24303192,-0.07949366,0.92740995,50141.76936,-1.333333333,51.48252,4,33.333332,281.91055
2,25.04804184,91.70361868,11,-0.04987448,0.16899861,5.1879916,8941.44576,0.950617284,49.474915,4,0.06666667,102.0443688
2,25.16137851,91.77978827,19,0.58547306,-0.44450575,4.195006,11058.4302,2.086419753,51.694046,4,264.86667,140.8269863
2,25.06793604,91.81579839,12,0.32081103,-0.2561494,2.7802885,16714.64255,-2.024691358,51.454678,4,31.766666,583.8212504
2,25.02256762,91.68917685,11,0.32183877,-0.2525707,4.136617,11227.52408,0.938271605,49.88214,6,0.26666668,383.2400508
2,25.13372737,91.72271313,14,0.43009385,-0.3176207,0,0,0.925925926,51.416935,4,430.56668,51.02158619
2,25.02433971,91.75526888,8,-0.03470806,0.18440573,0,0,-2.308641975,51.36942,4,54.666668,152.1904328
2,25.04464491,91.78782626,16,0.65240383,-0.48418438,1.8543341,25076.60167,1.382716049,51.36942,4,47.233334,133.7395335
2,25.15365656,91.79287738,18,0.6459188,-0.46454683,2.7620313,16813.76836,1.703703704,51.694046,4,600.9667,253.3902441
2,24.99590425,91.67196348,17,0.46142173,-0.2505941,6.1166863,7578.90776,3.950617284,55.934193,6,1.7333333,727.2542276
2,25.10956776,91.74464269,14,0.5242158,-0.3074678,4.488314,10337.37236,-0.62962963,51.416935,6,256.96667,422.9150171
2,25.10871008,91.8009283,10,-0.120128885,0.25982752,2.2475924,20674.99572,-2.87654321,52.62562,4,49.666668,1075.711332
2,24.98189633,91.70390281,9,0.4259958,-0.3398344,5.4257426,8551.955021,-1.025641026,54.57589,4,0.43333334,52.04975881
2,25.05216151,91.83026327,11,0.49776152,-0.3742881,1.3811893,33670.13291,-2.148148148,51.454678,6,13.333333,394.5436096
2,25.07626996,91.73541142,8,0.35077095,-0.20068528,2.2470934,20684.98294,-2.740740741,50.14763,4,68.566666,356.2813815
2,25.03638361,91.82413365,17,0.58773667,-0.43753567,4.0877557,11360.9486,1.259259259,51.375427,6,225.66667,654.4562993
2,25.14326717,91.83727357,13,0.5593824,-0.42289963,3.4514148,13450.64142,0.864197531,52.62562,6,128.96666,189.7735315
2,25.01767384,91.80863467,12,0.50550973,-0.32880777,3.8427892,12089.35616,-1.148148148,51.375427,6,114.96667,55.23559356
2,25.03317909,91.75952394,11,0.28784007,-0.1777759,6.5440345,7077.968918,-0.666666667,51.36942,6,146.83333,334.2940654
2,25.04846122,91.80773177,13,-0.20107755,0.37886506,4.0881524,11358.7433,0.814814815,51.375427,4,127.5,523.486051
2,25.16504301,91.82913917,16,0.6834053,-0.5176485,3.4516299,13447.4486,-0.333333333,49.728397,7,471,296.9807122
2,25.03176746,91.69708301,14,0.4442304,-0.25178325,3.5830026,12966.99585,2.185185185,49.88214,4,16.266666,657.3705459
2,25.16813083,91.84556033,17,0.45992368,-0.25454903,1.0246698,45347.08505,2.037974684,49.728397,7,770.26666,339.867604
2,25.00743119,91.78677013,11,0.062322505,0.12200859,0,0,0.290909091,51.36942,4,43.233334,211.8719733
2,25.02730949,91.84972505,11,0.54161996,-0.41957352,1.3810365,33680.5187,-0.913580247,51.375427,6,576.8333,62.65687499
2,24.99459543,91.67989315,17,0.65385234,-0.50741416,1.0232179,45474.45095,3.728395062,55.934193,4,1.3333334,538.004875
2,25.13283751,91.81734038,15,0.5380694,-0.40952393,0,0,2.407407407,52.62562,4,12.033334,764.0104984
2,25.16631734,91.84111274,12,0.4534254,-0.24578498,3.5858824,12942.63105,-2.962962963,49.728397,4,628.86664,168.523862
2,25.05382799,91.79838001,13,-0.13851818,0.2920662,0.92740995,50149.53648,2.50617284,51.48252,4,18.166666,145.8851642
2,25.05412908,91.71499242,13,0.41220585,-0.31836262,2.1178024,21952.92422,2.827160494,50.14763,4,10.8,149.8330666
2,25.07032361,91.84365364,13,0.5650003,-0.43083048,2.2470047,20686.77866,0.592592593,51.454678,6,3.5333333,903.869055
2,25.06242326,91.75490238,11,0.54124457,-0.44271806,2.7802885,16715.36145,-0.160493827,51.48252,4,11.233334,88.97359916
2,25.0708554,91.74288574,14,0.5569353,-0.38351387,2.7610054,16831.16294,2.283950617,50.14763,4,40.566666,278.4168964
2,25.07649989,91.81095712,11,0.23306793,-0.02972703,2.117892,21948.07435,0.012345679,51.454678,4,5.4666667,1274.124786
2,25.03782744,91.84197854,15,0.44188717,-0.2968798,3.7047918,12538.97367,1.851851852,51.375427,4,230.96666,231.680624
2,25.08713459,91.79919622,9,-0.33583492,0.49392423,2.7802885,16712.05225,-0.617283951,51.48252,4,1.5,850.9993476
2,25.03514903,91.78002723,15,0.009562906,0.16162385,2.7605662,16838.62312,1.617283951,51.36942,4,29.466667,778.445107
2,24.99794552,91.70913465,9,0.5170164,-0.40700045,1.8543341,25085.91844,-0.87654321,54.57589,4,2.4,441.7806066
2,25.14859834,91.80170597,14,0.65742666,-0.49994773,4.4894953,10331.40859,-1.358024691,52.62562,4,313.66666,167.3282073
2,25.03788406,91.81675252,16,0.68756473,-0.5208069,2.1177375,21956.4278,0.62962963,51.375427,4,260.96667,490.7132632
2,25.04645922,91.77213062,15,0.18795905,-0.063646905,2.0466535,22718.13698,1.271604938,51.36942,6,0.33333334,61.10416334
2,25.06096747,91.78155047,14,0.1398159,0.018964592,2.760882,16833.25734,2.592592593,51.48252,4,1.3666667,923.4378404
2,25.07821863,91.81954563,11,0.539742,-0.35217446,3.205681,14491.67782,-1.111111111,51.454678,4,14.133333,584.2776223
2,25.07832203,91.75640482,12,0.07326699,0.10359901,4.192304,11072.93574,0.432098765,51.48252,4,10.166667,238.028154
2,25.04194694,91.80879073,16,0.59200406,-0.41892755,3.5832222,12965.14064,0.716049383,51.375427,4,198.66667,189.8951879
2,25.03493277,91.73602942,7,0.13713028,0.045547813,1.0235559,45444.79791,-2.049382716,49.474915,7,51.466667,149.3903359
2,25.14190475,91.83096244,9,0.12934758,0.034214653,5.640186,8214.311272,-1.716049383,52.62562,4,56.333332,458.0179684
2,25.11343626,91.80092356,14,0.5062577,-0.33422998,1.8543341,25062.83953,1.740740741,52.62562,4,94.433334,631.6356299
2,25.1307606,91.80803215,9,0.077145286,0.10327059,2.761745,16818.60032,-2.802469136,52.62562,4,98.833336,217.3844499
2,25.13835829,91.72885923,15,0.56502026,-0.3925448,3.7047918,12528.90563,-0.419753086,51.416935,4,247.26666,122.6544986
2,25.15883785,91.84165276,11,0.5597367,-0.43526047,1.3818513,33625.28428,-1.333333333,49.728397,4,444.16666,735.792924
2,25.01973189,91.82994778,13,0.093161404,-0.10517568,1.3809885,33683.78715,-0.797101449,51.375427,6,569.76666,11.85494957
2,25.03917534,91.80584387,16,0.5487173,-0.421917,1.0235907,45441.69099,1.543209877,51.375427,4,191.23334,25.66806843
2,25.01783176,91.82516807,14,0.48452327,-0.34386566,0.92740995,50163.97353,1.785714286,51.375427,6,413.86667,57.40931706
2,25.08528132,91.83977023,10,0.26280463,-0.12811835,2.047298,22703.94349,-0.839506173,51.454678,4,0.06666667,972.223429
2,25.05918559,91.79743058,16,-0.0788695,0.1897673,3.0686622,15142.35,4.12345679,51.48252,4,8.533334,388.6236457
2,25.11203676,91.75751459,13,0.3239092,-0.2548401,1.3815595,33645.02314,-2.851851852,51.92634,4,124.86667,3.315498112
2,25.16608678,91.82002378,17,0.54012966,-0.42018512,2.048652,22674.24629,0.024691358,49.728397,4,493.66666,41.60287563
2,25.1522756,91.71108772,22,0.5889568,-0.4415025,1.3818098,33628.11093,2.87654321,51.59333,4,688.1667,1105.289148
2,25.0597773,91.77023414,10,0.41026044,-0.20524153,1.8543341,25073.58154,-1.382716049,51.48252,4,16.666666,818.6840009
2,25.13510536,91.83019544,12,0.55869985,-0.44863936,2.247995,20666.92146,0.888888889,52.62562,4,20.833334,622.4490343
2,25.04708963,91.75255423,10,-0.044973545,0.18381192,1.3811585,33672.26048,1.469135802,51.36942,4,24.166666,1281.843815
2,25.00181534,91.7120618,8,0.027309174,0.14535059,0,0,-1.12345679,49.474915,4,22.833334,420.3947092
2,25.08791193,91.73065229,8,-0.08950583,0.23892954,4.137823,11218.40147,-2.469135802,50.14763,4,158.13333,1028.669355
2,25.03086127,91.84539246,13,0.45782363,-0.3165594,2.962147,15691.41699,-0.543209877,51.375427,4,420.33334,149.9653079
2,25.07534984,91.77971711,15,0.5543544,-0.43745938,2.7610602,16830.21307,0.419753086,51.48252,4,0.43333334,32.47071501
2,25.04135751,91.70098422,7,-0.1906475,0.37586686,1.3811224,33674.66291,-2.419753086,49.474915,4,9.766666,824.1231978
2,25.05771789,91.70997518,8,0.3926416,-0.30623928,2.1178157,21952.1717,-1.666666667,50.14763,4,5.6666665,214.4505377
2,25.14360189,91.80433503,17,0.37097815,-0.29075426,1.8543341,25056.7823,0.24691358,52.62562,4,202.96666,151.5085042
2,25.10774461,91.84332728,10,0.4948827,-0.38131046,0,0,-0.864197531,52.62562,4,6.8333335,1192.194232
2,25.05936663,91.75049817,10,-0.003225752,0.18177637,4.088522,11356.71237,0.802469136,51.48252,4,10.833333,441.8764751
2,25.08077968,91.75217511,10,0.5060307,-0.4017859,2.0472238,22705.59804,-1.345679012,51.48252,4,3,390.7584558
2,25.12737585,91.82729025,12,0.615934,-0.44162732,2.0480046,22688.47325,0.62962963,52.62562,4,15,921.7551166
2,25.0310943,91.84908193,11,-0.13931587,0.25945342,3.0679617,15149.20062,0.444444444,51.375427,6,469.76666,312.8699567
2,24.99126147,91.71421459,12,0.27106166,-0.18976468,3.582144,12974.28763,1.543209877,54.57589,4,30,346.1131567
2,25.03997836,91.78510654,13,0.567989,-0.40660334,2.1177452,21955.9723,0.345679012,51.36942,6,48.433334,656.8386893
2,25.11118497,91.74064194,14,0.56576425,-0.35539082,3.5847018,12952.6074,0.444444444,51.416935,4,290.46667,94.88610618
2,25.08118733,91.8348805,8,0.32355198,-0.17036293,2.761136,16828.95292,-3.283950617,51.454678,4,0.43333334,635.9053631
2,25.0338354,91.80934403,10,0.6074989,-0.44263387,2.0464404,22722.7992,-2.148148148,51.375427,6,259.8,84.03152981
2,25.1278667,91.75010799,18,0.3041618,-0.2434062,3.8430336,12077.94892,0.740740741,51.416935,4,29.233334,83.65760863
2,25.02972749,91.83176547,13,0.43552867,-0.28529766,4.738251,9796.02657,-0.111111111,51.375427,6,353.76666,9.192675268
2,25.07823021,91.79067387,15,0.15856308,-5.77E-04,1.8543341,25069.8601,3.111111111,51.48252,4,2.4666667,350.086402
2,25.01729866,91.73569313,14,-0.04370976,0.17425884,1.3809731,33684.81559,1.283950617,49.474915,4,8.833333,54.92049481
2,25.06313019,91.82355186,15,-0.30144167,0.46188793,4.805252,9656.255365,3.592592593,51.454678,7,0.8666667,96.40088238
2,25.1141196,91.80137195,8,0.26732516,-0.112175524,1.0242177,45386.69636,-4.12345679,52.62562,4,107.53333,592.1481776
2,25.04027959,91.69499572,12,0.26755336,-0.12435988,1.0236,45440.88527,0.24691358,49.88214,6,1.7333333,489.2910265
2,25.0070741,91.70852271,12,0.20244242,-0.12905216,4.485204,10353.04988,1.135802469,49.474915,7,12.966666,197.831789
2,25.13422136,91.73901308,16,0.47841513,-0.30465534,3.8430471,12077.30731,-2.160493827,51.416935,4,121.23333,226.2221846
2,25.10187892,91.78528292,16,0.24048786,-0.055671293,2.117994,21942.57316,2.407407407,51.92634,4,41.666668,883.4382856
2,25.13290749,91.82162114,6,-0.36578584,0.53729075,3.2069933,14479.39914,-3.814814815,52.62562,4,0.3,1014.400764
2,25.04002663,91.79301614,11,0.49591243,-0.2965372,2.7606244,16837.61712,-1.555555556,51.36942,4,72.433334,268.0506653
2,25.08974045,91.72224419,11,-0.07534551,0.2388991,1.024013,45404.67239,-0.037037037,50.14763,4,333.93332,1259.07301
2,25.10402533,91.83271202,13,0.4715408,-0.38441932,2.1180031,21942.10128,1.24691358,52.62562,6,31.8,103.46414
2,25.14595334,91.75636362,13,-0.31595293,0.4672619,1.3817718,33630.7068,-2.222222222,51.92634,4,5.1,366.770213
2,25.14071321,91.74868373,24,0.23931624,-0.2497514,1.3817372,33633.00102,2.3125,51.416935,4,10.833333,47.69619578
2,25.0558782,91.75115406,7,0.049052402,0.13471264,1.0237321,45429.35804,-1.259259259,51.48252,4,0.8333333,567.3401183
2,25.12055349,91.76456629,-1,-0.064441174,0.09646834,8.824696,5226.2676,-11.7037037,51.92634,7,41.366665,297.4542918
2,25.0418102,91.78441534,12,0.59789234,-0.46195295,2.7802885,16718.12895,-0.567901235,51.36942,6,58.133335,481.7521087
2,25.10989374,91.73678008,18,0.57891834,-0.416533,2.2476094,20674.66101,2.061728395,51.416935,4,380.43332,213.8824644
2,25.16163976,91.76317646,21,0.15340789,-0.1996002,2.118237,21929.54587,0.012345679,51.694046,7,25.5,287.9158572
2,25.16830311,91.81266236,24,0.45452502,-0.3661813,0.92740995,50103.60488,-0.37037037,49.728397,4,608.0333,236.1356822
2,25.06025785,91.80141966,9,-0.19035389,0.33573604,1.3812393,33666.74297,-1.24691358,51.454678,4,8.333333,798.9604896
2,25.04056902,91.71638356,9,-0.0768116,0.29476887,4.087894,11360.1727,0.24691358,49.474915,7,1.3333334,247.9874268
2,25.16554844,91.75560363,18,0.4047517,-0.32050234,0.92740995,50104.687,0.456790123,51.694046,7,14.733334,1163.825792
2,25.10079526,91.73988873,13,0.50640833,-0.37855783,2.047558,22698.27067,-0.938271605,51.416935,4,227.1,54.99637583
2,25.02298112,91.83277972,16,0.3591652,-0.19223738,2.7802885,16720.6074,2.592592593,51.375427,6,547.3333,108.6852429
2,25.00466161,91.73359158,8,-0.0644589,0.21869408,1.0233035,45466.93901,-1.012345679,49.474915,4,51.866665,506.5940464
2,25.0051571,91.73827658,10,-0.4339878,0.55802274,3.842761,12090.66438,0.037037037,49.474915,4,36.433334,675.9594623
2,25.09416578,91.82192986,12,0.43916836,-0.30013934,3.7047918,12533.33685,0.444444444,51.454678,4,24.3,990.5898154
2,25.15154787,91.7110811,20,0.62497413,-0.43853366,0.92740995,50110.31628,0.592592593,51.59333,4,690.1667,1049.312488
2,25.079219,91.78259862,12,-0.28321645,0.42118007,2.962286,15684.64048,0.172839506,51.48252,4,3.6333334,364.6226355
2,25.08537436,91.79751634,9,-0.19604613,0.3984221,4.6273675,10027.38198,-1.049382716,51.48252,4,1.9333333,672.285363
2,25.15148965,91.7219274,15,0.16528425,-0.00906347,0,0,0.412698413,51.59333,4,363.26666,909.5162409
2,25.10098435,91.79679648,11,-0.17280011,0.3207036,2.117992,21942.73734,-1.382716049,51.92634,4,2.2666667,1455.194397
2,25.05493241,91.71838316,14,0.578678,-0.47396082,2.2467723,20691.45849,2.913580247,50.14763,4,13.866667,121.5169163
2,25.01916743,91.72864556,9,0.03860887,0.08992385,1.3809851,33684.01544,-1.827160494,49.474915,4,58.933334,107.1660425
2,25.04925633,91.83501874,13,0.6132387,-0.4800848,2.9621997,15688.84441,0.012345679,51.375427,4,39.533333,414.7268675
2,25.05115962,91.75393768,8,-0.27045175,0.4050286,2.2467134,20692.62524,-1.530864198,51.48252,7,4.8,819.6181323
2,25.03984814,91.69591722,9,0.07597193,0.07259076,0,0,-2.209876543,49.88214,4,2.1666667,590.2347545
2,25.06704868,91.79248273,14,-0.21725017,0.39176908,2.0469918,22710.66659,1.962962963,51.48252,4,0.16666667,377.8333237
2,25.09944321,91.75227186,11,0.68109363,-0.49744698,4.138039,11216.77448,-2.160493827,51.48252,4,118.03333,7.828058975
2,25.08686623,91.82556971,15,0.63952637,-0.5038668,2.0473258,22703.34021,0.962962963,51.454678,4,12.433333,456.284616
2,25.12071977,91.81986343,12,0.3992669,-0.22031078,2.1180704,21938.47154,0.703703704,52.62562,4,52.933334,1395.988469
2,25.05866901,91.74745894,9,-0.18346988,0.36386347,2.7608542,16833.71607,0.382716049,50.14763,7,8.666667,724.5376592
2,25.13459566,91.78358378,10,0.23565646,-0.030912468,1.381701,33635.48024,-2.271604938,51.92634,4,290.73334,96.76407728
2,25.03782457,91.79386829,15,0.5369574,-0.33611745,1.3811018,33676.10226,1.901234568,51.36942,6,60,27.78727522
2,25.05240362,91.82088085,18,0.626702,-0.46639684,2.2467344,20692.20934,2.987654321,51.454678,6,47.633335,100.8108068
2,25.08511697,91.73443226,12,0.05415414,0.0942072,1.3813924,33656.34682,1.283950617,50.14763,4,90.13333,625.6036057
2,25.07508972,91.79539107,11,0.5457364,-0.3313831,1.0238899,45415.41412,-1.209876543,51.48252,4,12.933333,913.9578245
2,25.05091077,91.76542752,7,0.12238428,0.040303618,2.1177888,21953.63135,-3.987654321,51.48252,4,2.6666667,237.9737422
2,25.10114816,91.77476833,12,0.2661018,-0.14779833,2.7802885,16710.17959,-1.728395062,51.92634,4,28.166666,484.730158
2,25.11725884,91.77339964,15,0.56715477,-0.46078643,0.92740995,50124.16136,1.160493827,51.92634,4,152.43333,399.3671612
2,25.15881322,91.8262621,18,0.4677086,-0.23543759,5.192521,8925.693411,2.654320988,49.728397,4,297.86667,411.2402166
2,25.0656062,91.80993126,14,0.3833275,-0.21321505,2.7802885,16714.93036,0.592592593,51.454678,6,51.233334,1201.170884
2,25.0935533,91.81923206,9,0.54161125,-0.4380374,2.962327,15682.63255,-3.283950617,51.454678,4,32.7,1250.242317
2,24.99517028,91.71975021,13,0.37922776,-0.25847077,2.1175642,21965.72413,2.024691358,54.57589,4,68.03333,567.3315805
2,25.10804083,91.7469077,14,0.27135468,-0.1224233,1.3815354,33646.69805,-0.358024691,51.416935,4,257.06668,159.0885471
2,25.08648885,91.79897234,7,-0.33009395,0.49487054,0.92740995,50136.47942,-3.086419753,51.48252,6,0.8333333,825.2047532
2,25.06799374,91.74984934,13,0.5850149,-0.47862986,4.229945,10974.94379,1.530864198,50.14763,4,59.366665,49.00989942
2,25.01408269,91.76106932,8,-0.001614515,0.15767619,2.2461526,20703.88871,-0.814814815,51.36942,7,0.56666666,297.3376726
2,25.03024179,91.75555064,12,0.49346203,-0.39057982,0.92740995,50159.01916,-0.037037037,51.36942,4,115.53333,325.7770158
2,25.06076946,91.74434671,8,-0.12859592,0.32704327,0,0,-0.49382716,50.14763,7,22.466667,675.1474283
2,25.05480167,91.73819879,10,-0.31059903,0.49132946,3.2051294,14496.85985,0.666666667,50.14763,7,0.56666666,783.5601872
2,25.07450628,91.78311006,16,-0.41085562,0.50723124,2.7610536,16830.3614,2.864197531,51.48252,4,0.033333335,45.35956207
2,25.03868522,91.84162756,13,0.46410766,-0.30541527,5.5447783,8363.459251,-0.518518519,51.375427,6,214.03334,159.3863455
2,25.15327304,91.80997517,16,0.19829686,-0.006652745,2.2482705,20661.39575,1.691358025,49.728397,4,259.33334,788.5816253
2,25.02062509,91.69750245,9,0.17938295,-0.014541634,1.3809937,33683.37054,-1.382716049,49.88214,4,0.33333334,212.1141093
2,25.02594509,91.70683868,10,0.26209223,-0.116973646,2.7802885,16720.21276,0.555555556,49.474915,7,6.9333334,850.0523358
2,25.00075157,91.71901767,10,-0.1560273,0.27500817,0,0,-0.938271605,49.474915,4,48.966667,90.50724086
2,25.01565524,91.73618953,9,0.5294694,-0.4160142,2.117647,21961.28332,-2.580246914,49.474915,6,4.1666665,106.3949602
2,25.13395551,91.8096334,14,0.46429145,-0.35614407,4.806379,9648.511485,-0.135802469,52.62562,4,77.333336,48.90195981
2,25.03976042,91.77580305,11,-1.19E-04,0.198347,2.1177442,21956.02841,-0.320987654,51.36942,4,30.166666,614.6148786
2,25.02507459,91.84793567,12,0.45452893,-0.32509416,3.067809,15150.70377,-0.802469136,51.375427,6,616.1667,381.8003403
2,25.04275379,91.78178477,15,0.41462338,-0.30149376,2.1177564,21955.38396,1.87654321,51.36942,6,42.833332,415.5466002
2,25.06011605,91.74155399,9,-0.030496802,0.24221179,2.1178257,21951.64364,0.481481481,50.14763,7,19.233334,824.7190099
2,25.04413998,91.79091605,17,0.47405306,-0.3019897,2.760676,16836.75953,1.24691358,51.36942,4,48.266666,147.1746579
2,25.12313619,91.84682123,8,0.22667623,-0.041964263,2.2478085,20670.64489,-1.975308642,52.62562,4,13.666667,1088.198393
2,24.99889838,91.72210425,11,0.4738019,-0.394448,3.5823038,12972.92861,0.160493827,54.57589,4,80.666664,91.96000213
2,25.11836519,91.80341338,14,0.5177675,-0.40946382,2.962399,15679.14173,1.913580247,52.62562,4,179.33333,445.6696827
2,25.11792259,91.8513803,11,0.37844232,-0.28694743,3.20664,14482.71597,-0.68,51.193287,4,19.2,1698.975347
2,25.03433559,91.81726224,12,0.57600474,-0.4122586,4.1368375,11225.86334,-2.098765432,51.375427,6,323.33334,241.3456531
2,25.06872038,91.79354612,8,0.6186673,-0.41106087,4.8053403,9655.640916,-1.518518519,51.48252,6,2.1666667,522.5502914
2,25.07661627,91.81138437,12,0.46425545,-0.27971706,3.0691,15138.06882,1.283950617,51.454678,4,3.9,1236.161824
2,25.02391549,91.81305484,13,0.40439808,-0.21092086,1.0234632,45452.91239,0.308641975,51.375427,6,248.13333,25.63750751
2,25.04167984,91.76914773,9,0.33103746,-0.22331849,1.3811241,33674.54588,-2.185185185,51.36942,4,19.266666,61.52761401
2,25.02571706,91.72386733,12,0.5899854,-0.4669679,5.547545,8360.123706,0.703703704,49.474915,4,66.166664,936.8197274
2,25.01575923,91.79940693,22,0.68185127,-0.5146733,2.9621038,15693.53209,3.765432099,51.36942,4,36.833332,98.34024501
2,25.02503173,91.78042684,13,0.3641801,-0.24520092,2.7604394,16840.77276,1.308641975,51.36942,6,19.333334,342.8262531
2,24.993926,91.71982701,11,0.11419567,0.04589176,0.92740995,50173.44867,-0.111111111,54.57589,4,69.63333,511.4465409
2,25.11801899,91.72590245,10,0.5710492,-0.35736018,3.4511645,13454.34801,-0.777777778,51.416935,4,525.76666,497.6306987
2,25.02025681,91.78390327,12,0.42800274,-0.24995275,2.0462136,22727.80821,1.024691358,51.36942,6,39.366665,660.4508757
2,25.03964041,91.77942679,13,0.47109085,-0.3154209,1.3811104,33675.46,0.530864198,51.36942,4,46.133335,827.0516086
2,25.02914494,91.76664563,10,-0.06493811,0.22258596,1.8543341,25079.72737,-0.49382716,51.36942,4,97.5,269.2265778
2,25.11547935,91.74993218,13,0.42640623,-0.23240457,1.3815819,33643.5332,-1.987654321,51.416935,4,113.1,93.13019604
2,25.00894593,91.7240882,12,0.23280445,-0.059875082,1.8543341,25083.76552,0.135802469,49.474915,4,29.666666,82.61231465
2,25.15609256,91.76412809,20,-0.15228663,0.34046713,1.3818322,33626.54815,-1.074074074,51.694046,7,36.533333,166.7679509
2,25.10391744,91.84096798,8,-0.2431865,0.43171066,0,0,-0.061728395,52.62562,4,0.33333334,939.2262932
2,25.09805135,91.80996994,16,0.509527,-0.35613453,2.2474275,20678.29734,4.617283951,51.454678,4,40.566666,2193.659182
2,25.08356186,91.81435588,12,0.34119928,-0.19671185,1.0239619,45409.19096,0.061728395,51.454678,6,9.366667,1321.826468
2,25.15258889,91.82626214,12,0.34147605,-0.18866113,2.962498,15674.31943,0.24691358,49.728397,4,166.66667,615.2520924
2,25.03459666,91.76355446,13,0.064939156,0.034567554,1.3810812,33677.47368,2.074074074,51.36942,4,104.333336,171.0934014
2,25.03239636,91.78549407,12,0.05306388,0.089722805,3.4503164,13466.87813,0.234567901,51.36942,7,2.7333333,251.1813969
2,25.05692667,91.74555619,6,-0.15187311,0.35869855,1.8543341,25074.17538,-2.481481481,50.14763,7,3.4666667,999.7463296
2,25.02164778,91.77807724,4,-0.26484925,0.37974104,1.3810005,33682.91612,-5.128571429,51.36942,4,50.433334,695.6435331
2,25.00331458,91.69560351,12,-0.17293651,0.32498428,4.086659,11366.98502,2.604938272,49.88214,4,0.033333335,764.8254315
2,25.10243002,91.82670459,19,-0.001002499,0.23490494,1.3814992,33649.10459,6.469135802,52.62562,4,3.3666666,510.8741633
2,25.13022208,91.82535951,9,-0.33937007,0.5265237,2.2479143,20668.51053,-1.061728395,52.62562,4,2.8333333,1160.904529
2,25.09018508,91.75762441,14,0.47131586,-0.3642415,4.230124,10972.54142,-2.111111111,51.48252,4,40.666668,59.2186422
2,25.05375197,91.71894313,8,0.016820556,0.1711882,0,0,-2.135802469,50.14763,4,8.666667,8.87532246
2,25.02589251,91.80945536,13,0.4357477,-0.28105873,1.3810263,33681.20175,0.086419753,51.375427,6,232.33333,30.36418415
2,25.062794,91.83073414,10,-0.119099565,0.30286458,2.2468905,20689.07877,-0.358024691,51.454678,4,4.0666666,772.4054359
2,25.03038094,91.7836319,12,-0.014492765,0.16245005,1.0235165,45448.20531,-0.641975309,51.36942,4,1.7333333,269.6999667
2,25.17342293,91.7492491,19,0.3968785,-0.32734033,1.8543341,25050.77409,-2.172839506,51.59333,7,36.333332,1956.872665
2,25.08123694,91.80370733,10,0.14175051,-0.010581363,3.5840652,12958.01272,-0.037037037,51.454678,7,0.8333333,1383.719785
2,25.1498924,91.72045956,14,0.4207335,-0.26828095,1.3817942,33629.14394,-0.271604938,51.416935,4,413.66666,983.943589
2,25.01045769,91.74029992,5,0.28425878,-0.21058518,3.7047918,12541.72044,-4.24691358,49.474915,4,5.9333334,579.4468019
2,25.04804349,91.83543464,12,0.47050092,-0.33475882,1.0236648,45435.17421,-0.518518519,51.375427,4,49.366665,307.7100041
2,25.10057681,91.80175335,12,0.63453835,-0.49658644,3.5844755,12954.54372,-0.740740741,52.62562,4,22.533333,1679.181952
2,25.17209404,91.74875634,20,0.2329786,-0.16975631,0,0,-0.395061728,51.59333,7,26.433332,1807.218056
2,25.04240723,91.77359605,14,0.5765825,-0.3771666,3.2048304,14499.64849,1.395061728,51.36942,6,11.1,249.8761656
2,25.14204971,91.76221335,19,0.2823172,-0.24356458,3.4514012,13450.83923,1.851851852,51.92634,4,47.1,316.8967368
2,25.02700076,91.68705557,11,0.53189796,-0.4368514,2.1176927,21958.82745,0.24691358,49.88214,4,2.7,183.487269
2,25.04104433,91.69672914,13,0.4755977,-0.37576497,2.7606382,16837.38708,1.444444444,49.88214,6,0.33333334,541.1186698
2,25.06927646,91.79962755,10,0.13650481,0.023046672,2.117863,21949.65187,-0.777777778,51.48252,4,9.666667,1117.269696
2,25.13419334,91.72573169,15,0.5769695,-0.40043363,6.1923227,7477.3664,-0.938271605,51.416935,4,351.53333,98.33870359
2,25.11179633,91.76310844,20,0.52932215,-0.39773148,7.141581,6476.254447,1.716049383,51.92634,4,135.63333,324.494346
2,25.11959698,91.84417238,13,0.5965056,-0.48778835,1.3816078,33641.81485,1.098765432,52.62562,4,1.2,978.5208418
2,25.13762803,91.79264315,12,0.48051906,-0.32996508,2.9624553,15676.40792,0.358024691,51.92634,4,421.5,6.617583723
2,25.075666,91.78265323,11,0.60322535,-0.4938836,2.2470849,20685.15069,-1.518518519,51.48252,4,0.16666667,157.8550392
2,25.10367546,91.84804319,8,-0.21405317,0.38703242,1.3815078,33648.53101,-2.24691358,52.62562,4,6.0333333,1636.899794
2,25.09129126,91.80940038,12,0.1695273,-0.006389954,2.9623213,15682.933,0.24691358,51.454678,6,8.966666,1885.258365
2,25.00958856,91.72149916,11,0.31230852,-0.21692868,0.92740995,50167.2048,-0.765432099,49.474915,4,12.566667,147.4596229
2,25.12416516,91.8343908,10,0.20561345,-0.029785683,0,0,-2.185185185,52.62562,4,7.5333333,143.5718823
2,25.12818412,91.73162593,16,0.4516346,-0.26332143,2.118102,21936.81763,3.654320988,51.416935,4,301.66666,5.325741976
2,25.0440237,91.73001715,10,-0.06623491,0.26370487,1.3811395,33673.52019,-0.308641975,49.474915,7,23.733334,171.7426604
2,24.99454725,91.70283184,11,0.42352116,-0.32673815,1.3808326,33694.31745,0.925925926,54.57589,4,0.8333333,51.01852825
2,25.12415542,91.79698872,13,0.038049947,0.14074804,1.8543341,25060.67718,0.530864198,51.92634,4,260.26666,167.051469
2,25.09616734,91.8061451,13,0.33540294,-0.184052,1.3814613,33651.69619,0.259259259,51.454678,4,26.166666,1736.015146
2,25.09791641,91.76216584,13,0.4442766,-0.30286857,4.9400606,9388.861937,-0.679012346,51.48252,4,22.966667,188.1915813
2,25.04550199,91.76523326,12,0.27004737,-0.13930424,3.0683222,15145.69233,0.62962963,51.36942,4,12.566667,602.7960681
2,25.0560929,91.81545015,12,0.089389525,0.04217253,2.1178102,21952.51248,0.617283951,51.454678,6,60.066666,199.3070544
2,25.04430589,91.77468766,8,0.16150548,0.022061745,2.0466163,22718.9396,-4.012345679,51.36942,6,5.633333,174.1934521
2,25.12213617,91.82255353,13,0.51584256,-0.33677244,3.584934,12950.64875,1.234567901,52.62562,4,35.766666,1166.333152
2,25.11779891,91.77079543,21,0.41965482,-0.35873532,4.1935854,11066.05853,4.37037037,51.92634,4,114.96667,365.2766635
2,25.16657813,91.80311102,20,0.31678253,-0.20655142,4.195169,11057.54446,3.604938272,49.728397,4,686.8333,151.6607432
2,25.08480951,91.85505249,10,0.34186485,-0.23472896,4.487556,10341.17599,-0.833333333,50.221912,4,44.4,416.7647624
2,25.02710375,91.7469488,9,0.1366588,-0.04028848,2.117694,21958.76886,-0.604938272,49.474915,4,104.833336,251.950099
2,25.07628347,91.7417465,11,0.56327677,-0.4473499,2.1178908,21948.13457,-0.419753086,50.14763,4,18.733334,514.8564784
2,25.05638785,91.8062184,11,0.31955358,-0.19218814,2.1178112,21952.45472,1.086419753,51.454678,6,50.433334,952.9219716
2,25.10172083,91.76021708,17,0.5148744,-0.4127763,9.539653,4828.789981,1.197530864,51.92634,4,57.733334,192.5171045
2,25.042006,91.70223266,10,0.17390451,-0.03841473,1.3811258,33674.43429,0.172839506,49.474915,7,10.833333,777.2920827
2,25.07057117,91.84234143,15,0.4093981,-0.2078905,2.761002,16831.22002,2,51.454678,4,2.1333334,979.0374241
2,25.13044899,91.76414033,24,0.55086637,-0.40507355,1.3816733,33637.31529,4.148148148,51.92634,4,12.866667,46.15134179
2,25.11546133,91.79184513,14,0.609685,-0.43541884,3.5847971,12951.81473,2.617283951,51.92634,4,108.566666,66.18969212
2,24.99126963,91.70453611,9,0.30285117,-0.1627821,2.9620337,15696.96867,-1.234567901,54.57589,4,8.533334,119.5786268
2,25.01094084,91.72790941,9,0.11788616,0.00465698,2.2461064,20704.8477,-2.802469136,49.474915,4,60.066666,55.32698063
2,25.00227455,91.73706188,9,-0.2714157,0.4232691,2.7601588,16845.5247,-1.469135802,49.474915,6,63.266666,352.2629792
2,25.00664683,91.71113816,13,0.0515661,0.12241411,1.3809079,33689.22488,1.259259259,49.474915,4,19.533333,115.8929786
2,25.11972019,91.84227342,14,0.6507481,-0.5053353,2.2477577,20671.69084,1.975308642,52.62562,4,3.3333333,777.9738724
2,24.99195729,91.73282303,15,0.5133417,-0.33115348,0,0,2.185185185,54.57589,6,106.666664,208.0597316
2,25.15075618,91.70737645,13,0.43139207,-0.23459318,3.4514892,13449.5372,-1.024691358,51.59333,4,833.6667,818.1033064
2,25.09492639,91.73948947,11,0.47580552,-0.27606535,1.3814527,33652.26728,-1.024691358,50.14763,4,132.56667,374.1952027
2,25.0490429,91.83569318,15,0.3392152,-0.21519896,2.2466795,20693.29209,2.691358025,51.375427,4,43.766666,356.2856317
2,25.03648181,91.79204009,11,0.5227243,-0.34771812,1.8543341,25078.2173,-1.456790123,51.36942,6,38.466667,39.1900146
2,25.10568351,91.78769548,13,0.4804596,-0.27474648,1.0241456,45393.0241,0.666666667,51.92634,4,34.566666,1140.718973
2,25.17167831,91.84555965,17,0.67124873,-0.51716274,1.0247002,45344.46327,1.148148148,49.728397,4,886.8333,49.95592228
2,25.03771227,91.69846603,9,0.06326121,0.13543798,0.92740995,50156.0028,0.518518519,49.88214,4,10.666667,951.3268815
2,25.08180083,91.83346293,16,0.46392715,-0.3388853,1.8543341,25069.15691,2.666666667,51.454678,4,1.6666666,488.609634
2,25.10328309,91.8503631,9,0.4939972,-0.35946625,1.3815043,33648.76203,-3.061728395,51.193287,4,11.766666,1848.732488
2,25.02064682,91.78679067,4,0.32366666,-0.16915117,2.9621174,15692.85368,-6.851851852,51.36942,6,34.666668,438.3700437
2,24.99084939,91.68428164,14,0.4956598,-0.43393168,4.0862446,11369.28732,0.444444444,55.934193,4,0.3,210.6039529
2,25.16836345,91.79897704,20,0.4831985,-0.29696637,0,0,3.388888889,51.694046,4,827.36664,277.3761486
2,25.00777098,91.69190416,10,0.010440616,0.08264468,1.3809148,33688.7675,-0.691358025,49.88214,4,0.26666668,716.3142417
2,25.17100491,91.82411667,17,0.12568362,-0.065420605,7.6327624,6052.122854,-0.296296296,49.728397,4,644.1667,47.30632109
2,25.14070682,91.73210796,22,0.42521173,-0.35327253,3.2071803,14477.64723,2.901234568,51.416935,4,175.53334,208.4795909
2,25.13253985,91.81204246,15,0.58981377,-0.4573165,3.8430433,12077.47562,1.543209877,52.62562,4,50.7,273.6146517
2,25.08923797,91.85255801,13,0.52307373,-0.34683034,2.9623148,15683.23724,1.194444444,50.221912,4,27.633333,930.2087842
2,25.03134201,91.7160106,9,0.19808972,-0.049281683,2.246414,20698.63213,0.074074074,49.474915,7,13.466666,247.8080642
2,25.01321094,91.75379748,12,0.025142439,0.11881203,2.7602923,16843.26293,2,51.36942,7,28.266666,160.1325405
2,25.17623458,91.75541083,19,0.13980973,-0.097436644,3.0715945,15113.71476,-0.188405797,51.694046,4,77.76667,2064.236967
2,25.11645874,91.8233573,10,-0.06242959,0.29366663,2.247707,20672.69329,0.987654321,52.62562,4,19.733334,942.8826765
2,25.10171855,91.786593,15,0.32162407,-0.19424778,2.2474823,20677.16866,2.543209877,51.92634,4,30.833334,951.1791232
2,25.06799215,91.74500425,10,0.56819993,-0.44796157,0,0,-1.061728395,50.14763,4,58.166668,14.59736049
2,25.01750495,91.80339924,15,0.38643923,-0.28445226,4.2295394,10980.43664,0.703703704,51.375427,6,67.333336,186.4374091
2,24.99645445,91.72253873,13,0.45681006,-0.3477598,1.3808446,33693.51713,1.358024691,54.57589,4,100.86667,276.3574011
2,25.10408026,91.84026173,8,-0.19201311,0.3912152,0,0,-0.419753086,52.62562,4,1.2333333,858.3458166
2,25.1342049,91.8162933,12,0.56488866,-0.40656108,2.7617898,16817.85627,0.382716049,52.62562,4,18.466667,640.5617532
2,25.13240519,91.7734888,17,0.47861233,-0.33060232,1.3816872,33636.39902,2.913580247,51.92634,4,99.26667,27.55465606
2,25.04225546,91.74485855,12,0.14341177,0.036597855,3.068239,15146.49442,3.074074074,49.474915,4,54.166668,1188.652986
2,25.07770131,91.73546115,11,-0.059225526,0.12020693,2.9622822,15684.82938,0.345679012,50.14763,4,65.36667,180.5094762
2,25.1023892,91.80284589,10,0.323309,-0.2022506,5.5456514,8357.888552,-1.75308642,52.62562,4,31.633333,1797.893519
2,25.09836876,91.79605792,11,0.058131106,0.07817879,2.7802885,16710.57549,0.135802469,51.48252,4,2.9666667,1152.493132
2,25.02970833,91.77258514,13,-0.04706175,0.117287524,1.3810486,33679.6452,0.666666667,51.36942,4,73.666664,158.5146441
2,25.03623142,91.76381136,12,0.33311206,-0.20867164,1.0235674,45443.7959,0.740740741,51.36942,4,83.63333,228.8276815
2,25.05675176,91.82207948,14,0.31279916,-0.14849442,3.0685997,15142.95257,0.851851852,51.454678,4,19.333334,271.9345598
2,25.07475434,91.76431574,11,0.44970518,-0.24923141,1.3813287,33660.65237,-1.148148148,51.48252,4,18.133333,221.3091939
2,25.02028409,91.76377908,8,-0.04776261,0.20555241,2.1176658,21960.23939,-2.444444444,51.36942,4,13.666667,111.2871779
2,25.04906365,91.82859575,17,0.4051054,-0.2696608,3.2049832,14498.20791,3.518518519,51.375427,4,35.333332,153.2452585
2,25.0768451,91.83436644,14,0.53257734,-0.40903535,0,0,0.641975309,51.454678,6,9.666667,800.434371
2,25.06350237,91.78633651,13,0.2505221,-0.14538862,3.2053354,14494.92901,1.296296296,51.48252,4,2.2666667,353.410929
2,25.08943485,91.85110806,12,0.6309575,-0.4928607,5.1896796,8935.579455,-1.395061728,50.221912,4,18.733334,1014.979683
2,25.13091932,91.71954398,16,0.5417395,-0.38889837,4.940963,9384.670161,-0.683544304,51.416935,4,550.8333,194.170131
2,25.11302212,91.72537567,14,0.48557094,-0.37558725,1.3815664,33644.56366,2.049382716,51.416935,4,604.0333,538.5096543
2,25.02660298,91.68127339,14,-0.004253514,0.06360435,4.938102,9397.960938,2.983050847,49.88214,4,0.033333335,86.06953742
2,25.0521389,91.72680617,8,-0.30925694,0.4878424,1.3811893,33670.13291,-1.148148148,50.14763,4,0.53333336,348.7338652
2,25.01737525,91.72755502,12,0.01269991,0.10714876,1.3809748,33684.70145,0.50617284,49.474915,4,63.6,44.92215345
2,25.04666053,91.77714039,12,0.4294319,-0.2030755,3.842853,12086.3768,-0.419753086,51.36942,6,6.8333335,104.5940022
2,25.17054488,91.80969151,23,0.4885121,-0.3848532,0.92740995,50102.73767,-1.675,49.728397,4,712.3333,479.0505246
2,25.13591261,91.78182866,12,0.47951645,-0.32409233,1.0244017,45370.61575,-1.938271605,51.92634,4,257.73334,98.67090323
2,25.12675961,91.79267487,9,0.17207122,-0.02807953,2.1180964,21937.11294,-0.765432099,51.92634,4,322.26666,176.4410272
2,25.08842389,91.80697106,8,0.026941387,0.18408461,0,0,-1.580246914,51.454678,4,0.56666666,1609.878995
2,25.11735372,91.74905652,13,0.4182598,-0.36226454,4.806118,9650.307935,-1.641975309,51.416935,4,99.23333,77.90423535
2,25.16046647,91.83029615,15,0.6569675,-0.48641998,4.139173,11208.19958,-2.197530864,49.728397,4,354.16666,2.568748971
2,25.00659777,91.72009149,10,0.31607598,-0.20349438,3.5824695,12971.51979,-0.407407407,49.474915,4,14.033334,29.19496835
2,25.10994775,91.74003634,13,0.47079945,-0.29946074,0.92740995,50127.07969,-0.703703704,51.416935,4,322.03333,97.06267249
2,25.0465034,91.77591428,11,0.22945212,-0.06123611,5.508654,8418.12266,-2.111111111,51.36942,6,3.2333333,54.56124109
2,25.15098776,91.74388792,20,0.53685385,-0.38935703,2.962494,15674.51075,3.224489796,51.59333,7,24.166666,572.6171473
2,25.05281994,91.72190797,8,-0.14945567,0.3236125,2.7607822,16834.95191,-0.790123457,50.14763,4,2.7333333,211.3593569
2,25.09320183,91.71955212,11,0.05874355,0.053921536,2.0474281,22701.08167,0.835443038,50.14763,6,436.96667,902.3890842
2,25.09452484,91.73714504,11,0.6111293,-0.4311849,2.7612975,16826.19095,-0.666666667,50.14763,4,148.96666,608.2442266
2,25.15586282,91.82855061,10,0.4995116,-0.38557482,3.0710847,15118.67857,-3.777777778,49.728397,6,241.66667,446.6218301
2,25.11049233,91.77594392,15,0.61399144,-0.47537255,6.544134,7073.48989,-0.987654321,51.92634,4,133.5,837.0217936
2,25.11002707,91.77858986,12,0.4966672,-0.32746935,2.1180289,21940.74671,-2.679012346,51.92634,6,136.66667,783.4520949
2,25.13279777,91.75094386,14,0.14279352,-0.13968167,2.2479568,20667.67369,-3.407407407,51.92634,4,24.866667,51.6746336
2,25.07105629,91.78206488,14,0.21352895,-0.102701396,3.068961,15139.43994,1.37037037,51.48252,4,6.8333335,146.453501
2,25.15091501,91.79108283,13,0.63898706,-0.5081333,5.192191,8926.842084,-0.296296296,51.694046,4,598.1667,522.6527084
2,25.0524425,91.73094247,10,-0.39299282,0.5584894,2.2467344,20692.20934,1.098765432,50.14763,4,0.06666667,57.25732275
2,25.13263212,91.80169223,11,0.08418572,0.0469353,0.92740995,50118.00045,-1.654320988,52.62562,4,197.63333,266.770695
2,25.1058923,91.76850037,15,0.53600675,-0.3208942,1.0241479,45392.82467,0.296296296,51.92634,4,73.666664,184.2151621
2,25.13857889,91.78488617,13,0.51915646,-0.37761307,2.1181424,21934.60118,-1.37037037,51.92634,4,348.03333,276.7068542
2,25.09648749,91.72353705,6,-0.19694166,0.3663286,1.0240688,45399.7535,-1.777777778,50.14763,6,386.26666,527.0279123
2,25.13383161,91.79148959,8,-0.13704094,0.31803104,2.2479737,20667.33909,-3.098765432,51.92634,4,441.36667,337.5256433
2,25.06823048,91.75988252,12,0.5228288,-0.32761422,4.1374583,11221.15659,-0.061728395,51.48252,4,41.366665,144.470573
2,25.04435513,91.74862625,10,-0.023053616,0.21073708,0,0,0.790123457,49.474915,4,42.966667,1607.231504
2,25.05713567,91.74831073,9,-0.33413363,0.49330083,2.046825,22714.32679,0.111111111,50.14763,4,3.3333333,737.4132987
2,25.10179723,91.73816096,13,0.44301265,-0.2752456,3.4510021,13456.72339,-0.703703704,51.416935,4,262.66666,67.66833719
2,25.01522743,91.74922732,9,-0.091059454,0.20147094,2.1176457,21961.34191,-2.641975309,49.474915,4,44.033333,149.8588751
2,25.14734561,91.77786948,12,0.50920033,-0.3042157,5.432178,8530.48768,-1.950617284,51.92634,4,248.33333,184.2776243
2,25.0299096,91.81851846,11,0.3444399,-0.17432077,1.3810503,33679.53069,-0.888888889,51.375427,6,418.16666,51.5222315
2,25.05075888,91.76637112,12,0.4017297,-0.23226,3.583412,12963.53215,0.543209877,51.48252,4,0.96666664,161.482718
2,25.00932503,91.71079509,7,-0.10201876,0.25584716,1.380925,33688.08434,-2.37037037,49.474915,4,14.166667,75.30254749
2,25.15293862,91.82722956,15,0.4576263,-0.29418427,2.9624994,15674.24462,2.802469136,49.728397,4,179.33333,560.1844329
2,25.06186377,91.81781215,12,0.51823705,-0.40603238,4.738309,9793.400922,-2.086419753,51.454678,6,16.033333,479.479334
2,25.07958825,91.80075294,8,-0.09836717,0.3205282,4.192349,11072.69785,-1.049382716,51.454678,4,0.53333336,1148.540896
2,25.15313953,91.84354581,12,0.4599645,-0.2830211,2.7620244,16813.88389,-2,49.728397,4,355.26666,830.7499588
2,25.07073796,91.74346282,14,0.5380592,-0.4276086,3.068954,15139.50713,2.407407407,50.14763,4,38.566666,272.5119607
2,25.11973311,91.80258044,11,0.41137955,-0.26257324,1.3816078,33641.744,-0.518518519,52.62562,4,200.83333,288.5981213
2,25.15928468,91.84225802,12,0.5198052,-0.4041824,2.118227,21930.07538,-0.518518519,49.728397,4,459.53333,796.4970062
2,25.04534818,91.76804943,10,-0.019408189,0.19885626,3.2049036,14498.97438,-1.901234568,51.36942,7,5.233333,389.9088812
2,25.05008926,91.76466905,14,0.14948456,-0.016836224,5.5087357,8417.761861,2.62962963,51.48252,4,4.866667,339.8978508
2,25.06034873,91.76667329,9,0.022987098,0.1642005,3.2052555,14495.6648,-0.098765432,51.48252,4,14.433333,575.0858685
2,25.14047359,91.72487399,34,0.16218764,-0.12471483,4.7384496,9786.970048,-0.320987654,51.416935,4,328.66666,524.9467438
2,25.15765545,91.7747047,19,0.4171212,-0.33415747,2.7620797,16812.92928,0.382716049,51.694046,4,165.46666,128.235282
2,25.14473844,91.72746778,13,0.4975459,-0.3084498,5.809793,7972.756985,-1.407407407,51.416935,4,264.03333,268.3367316
2,25.06595483,91.83778238,12,0.607024,-0.48321074,1.3812736,33664.38455,-0.567901235,51.454678,4,29.366667,941.3447692
2,25.04457705,91.83548137,14,0.3689251,-0.24888065,3.5832813,12964.64739,-0.037037037,51.375427,4,85.333336,93.45572779
2,25.1671851,91.79719351,16,0.5684203,-0.40421215,2.248483,20657.12085,0.617283951,51.694046,4,804.6,131.8746783
2,25.13630604,91.73229859,16,0.54987705,-0.42689076,2.2480118,20666.58687,1.197530864,51.416935,4,200.06667,207.9366176
2,25.07788639,91.7368497,10,-0.135513,0.2726238,5.6400895,8218.668678,-0.888888889,50.14763,4,51.533333,210.7686602
2,25.13789189,91.73063283,16,0.54372317,-0.4073857,2.1181402,21934.71749,-0.604938272,51.416935,4,218.46666,44.81597313
2,25.10266091,91.76277603,12,0.62416977,-0.45011202,2.1179974,21942.39662,-2,51.92634,4,51.633335,323.0225639
2,25.09197907,91.77839754,11,-0.31326705,0.46446866,0.92740995,50134.20961,0.962962963,51.48252,7,0.033333335,63.91897854
2,25.10036289,91.82003389,10,0.47257757,-0.29585147,1.8543341,25065.43171,-0.87654321,52.62562,4,1.3333334,1204.469506
2,25.00435154,91.72422002,10,0.21133491,-0.06266704,2.7601826,16845.12577,-1.395061728,49.474915,4,47.233334,366.9801292
2,25.01420763,91.71190348,7,0.26694974,-0.1704416,2.1176412,21961.57876,-2.074074074,49.474915,7,14.166667,369.5364205
2,25.02696145,91.78847334,12,-0.19837743,0.31450278,1.0234888,45450.70646,0.691358025,51.36942,6,6.0333333,212.4925341
2,25.04353969,91.6917473,11,-0.20447695,0.37440196,3.7047918,12538.4081,-0.87654321,49.88214,4,1.7666667,15.79326198
2,25.12647213,91.79330789,9,0.16217794,0.004930301,0,0,-1.098765432,51.92634,4,314.46667,101.3389044
2,25.15546976,91.8357899,12,0.26488042,-0.13747251,5.1923842,8926.180479,-0.271604938,49.728397,4,286.2,59.05998768
2,25.13870101,91.82171188,12,0.25053477,-0.08642753,1.8543341,25057.75696,0.481481481,52.62562,4,13.666667,433.5797638
2,25.10464676,91.80522626,12,0.0948614,0.09058515,2.7802885,16709.71206,-0.074074074,52.62562,4,59.233334,1676.291611
2,25.16157132,91.82522405,18,0.61645865,-0.48294216,3.4515967,13447.95548,1.530864198,49.728397,4,361.73334,258.4933282
2,25.03563351,91.71676167,10,0.08133968,0.10107628,2.2464771,20697.38348,0.358024691,49.474915,7,4.8333335,446.6971231
2,25.14944803,91.72912715,17,0.47471178,-0.27444398,2.2482111,20662.56688,0.703703704,51.416935,4,211.73334,229.5719355
2,25.15862925,91.84022221,13,0.5003177,-0.3778815,1.8543341,25053.75275,0.24691358,49.728397,4,416.43332,597.3807448
2,25.16662244,91.78813448,16,0.61302775,-0.45604032,2.1182573,21928.43489,-0.657142857,51.694046,4,500.83334,600.7202731
2,25.01751134,91.8055302,18,0.5566022,-0.43754408,4.4855227,10351.44494,4.197530864,51.375427,6,82.26667,51.32818851
2,25.03705863,91.72031385,9,0.34264153,-0.15829138,2.046496,22721.596,-1.333333333,49.474915,7,6,784.0561405
2,25.0993279,91.72955564,11,0.5345433,-0.39396754,0.92740995,50131.29505,-1.061728395,50.14763,4,322.83334,187.7133742
2,25.1518724,91.74854315,14,0.119398355,-0.17635533,1.8543341,25055.10634,-2.617283951,51.59333,7,2.6666667,76.15486174
2,24.98136038,91.70529449,11,0.52742046,-0.4187564,5.18528,8950.911435,0.950617284,54.57589,4,0.16666667,38.0009485
2,25.02047767,91.80798937,11,0.45014346,-0.2880633,3.5827596,12969.04721,-1.530864198,51.375427,6,136.06667,250.2170391
2,25.14423524,91.80861115,12,0.63810325,-0.4664934,2.1181662,21933.35897,-2,52.62562,4,145.5,244.0781065
2,25.09422842,91.81828197,11,0.5097234,-0.38800564,3.206067,14488.05746,-1.62962963,51.454678,4,28.166666,1368.292531
2,25.01409156,91.70965974,13,0.34793475,-0.3028166,0.92740995,50165.37614,2.259259259,49.474915,4,17.666666,190.2272278
2,25.02154189,91.77379425,9,0.49863997,-0.34053504,3.4502099,13468.45223,-1.839506173,51.36942,4,82.166664,469.2288175
2,25.0723136,91.79949258,9,0.49394503,-0.30657068,3.8429103,12083.70027,-1.851851852,51.48252,4,24.666666,1219.44168
2,25.01898333,91.73829625,14,-0.08920728,0.20896687,2.1176615,21960.51998,0.679012346,49.474915,4,10.933333,107.289683
2,25.15390811,91.84008381,16,0.43052182,-0.26541957,2.1182055,21931.2466,2.37037037,49.728397,4,311.53333,483.1757736
2,25.10560083,91.79449012,10,0.2362254,-0.03298433,1.8543341,25064.40615,-1.839506173,51.92634,4,12.066667,1201.600379
2,25.06016951,91.7254006,10,0.08136249,0.020351678,1.3812393,33666.74297,-0.888888889,50.14763,4,9.666667,421.611265
2,25.09728664,91.75223947,14,0.68739897,-0.51251817,0.92740995,50132.15848,1.49382716,51.48252,4,106.833336,191.2405325
2,25.01911348,91.78872967,8,0.3633134,-0.23079555,6.186683,7491.118081,-3.975308642,51.36942,6,52.166668,424.6413993
2,25.10499625,91.74936863,13,0.6015737,-0.42969468,0,0,-0.864197531,51.416935,4,207.06667,122.4085705
2,25.15223794,91.74652229,19,0.22537301,-0.24600843,2.7802885,16703.36765,2.740740741,51.59333,7,8.7,283.8728146
2,25.12070701,91.74512952,21,0.4061282,-0.30810806,2.1180704,21938.47154,0.469135802,51.416935,4,109.933334,149.9195689
2,25.16702101,91.76027747,20,0.6919489,-0.51224136,2.2484787,20657.20384,-0.410958904,51.694046,7,31.066668,943.0823496
2,25.13035454,91.79534314,12,0.48352242,-0.28401315,1.0243528,45374.83598,0.827160494,51.92634,4,342.16666,119.3257469
2,25.05062292,91.68897748,10,-0.20704928,0.34031433,3.205023,14497.84103,-1.444444444,51.524773,4,1.0666667,368.1198488
2,25.1608116,91.76822766,19,0.5144267,-0.43275753,0.92740995,50106.63632,0.222222222,51.694046,4,70.833336,37.5331632
2,25.13453193,91.83922902,9,0.5236717,-0.35601217,3.0705476,15123.9409,-1.790123457,52.62562,4,88.833336,251.6670337
2,25.11517654,91.84699613,11,0.5468383,-0.43234536,3.4511368,13454.74656,0.333333333,52.62562,4,5.4,1409.664616
2,25.08976002,91.73953898,11,0.42802936,-0.28787866,2.9623165,15683.16115,0.456790123,50.14763,4,73.666664,591.3523748
2,25.10481851,91.74063557,17,0.5206188,-0.3079609,2.247529,20676.24843,3.185185185,51.416935,4,309.13333,93.5086502
2,25.02840003,91.73982166,14,0.30939856,-0.17611854,1.0235026,45449.50805,2.481481481,49.474915,4,93.76667,229.0275028
2,25.09047797,91.76075235,13,0.5046937,-0.3363671,4.192701,11070.81101,0.617283951,51.48252,4,17.766666,53.97522493
2,25.07196805,91.73179621,9,-0.004082293,0.07764813,2.9622653,15685.66225,-1.451612903,50.14763,4,109.933334,742.3927566
2,25.15164873,91.76682418,17,0.082872964,-0.014099097,7.448102,6204.9062,-0.641975309,51.694046,7,64.53333,21.63294804
2,25.0376691,91.72805787,8,-0.3563542,0.4889307,1.3811,33676.2193,-1.444444444,49.474915,7,2.7,557.4914074
2,25.04731133,91.75309875,8,-0.117593415,0.27562982,3.0683708,15145.22407,-1.518518519,51.36942,4,22.533333,1233.243738
2,25.127006,91.76658339,17,0.5309553,-0.4483366,6.2990985,7350.028818,-2.333333333,51.92634,4,26.966667,91.17316603
2,25.07107444,91.78026531,12,0.35974497,-0.26156464,3.5838454,12959.86889,0.271604938,51.48252,6,9.733334,169.4923899
2,25.1040344,91.79451161,14,0.5864969,-0.4165736,2.2475162,20676.50074,1.148148148,51.92634,4,5.6666665,1376.812837
2,25.13607169,91.83838855,13,0.035480984,0.13996631,1.0244017,45370.61575,0.802469136,52.62562,4,100.53333,196.1398268
2,25.14723425,91.76419687,17,0.53526384,-0.41589883,2.2481773,20663.23594,-0.012345679,51.92634,4,48.333332,216.7497236
2,25.04084719,91.82595694,13,0.39967805,-0.30608127,2.7802885,16718.23704,-0.259259259,51.375427,4,136.66667,131.379943
2,25.05507965,91.83060052,12,0.49706477,-0.3870709,4.486665,10345.68718,-0.604938272,51.454678,6,2.7,493.8897218
2,25.02755333,91.78972232,12,0.18155816,-0.044754118,2.7604704,16840.25806,0.444444444,51.36942,4,8.166667,325.2089139
2,25.08466678,91.83983984,16,-0.014021044,0.18703549,1.8543341,25068.61774,5.358024691,51.454678,4,0.16666667,998.4332582
2,25.09069845,91.74272275,10,0.19380125,-0.030207666,2.7612529,16826.97052,-1.50617284,50.14763,4,65.666664,252.909612
2,25.09637187,91.77878142,12,0.32202253,-0.17655854,2.9623358,15682.21424,0.407407407,51.48252,4,8.533334,54.4431736
2,25.17053132,91.74988002,17,0.072414696,0.03334116,0.92740995,50102.73767,-0.740740741,51.59333,7,16.266666,1633.370679
2,25.09468052,91.76311417,12,0.54691774,-0.38338786,3.0695517,15133.65337,-0.234567901,51.48252,4,7.766667,118.2206611
2,25.14639526,91.72437179,15,-0.34201953,0.56069124,3.0708475,15121.02399,-0.259259259,51.416935,4,333.63333,561.7965212
2,25.14954461,91.71972729,14,0.42169014,-0.24690796,2.7619796,16814.62909,-0.185185185,51.416935,4,429.9,934.5637796
2,25.03752514,91.69139084,14,0.48349544,-0.38292947,1.3810984,33676.33342,1.444444444,49.88214,4,4.1666665,383.7322081
2,25.08660064,91.74951816,14,0.43947837,-0.35733357,3.5841782,12957.04474,1.765432099,50.14763,4,20.866667,182.152574
2,25.12712496,91.74482525,20,0.5924117,-0.43928474,2.7802885,16706.72083,0.827160494,51.416935,4,79.5,43.90802761
2,25.07414297,91.80793106,11,0.5244855,-0.40264788,2.0471125,22708.05665,-0.469135802,51.454678,4,22.966667,1462.788472
2,25.1060002,91.75250402,9,0.5565418,-0.3614136,9.412833,4894.889477,-5.012345679,51.92634,6,176.96666,126.3163819
2,25.07266482,91.76575392,9,0.22939184,-0.0787361,1.0238713,45417.12029,-2.24691358,51.48252,4,36.933334,260.3445678
2,25.04485305,91.73420897,8,-0.30818182,0.48371777,0.92740995,50153.09201,-0.604938272,49.474915,7,24.166666,238.3923078
2,25.15470799,91.80183003,16,0.6691306,-0.5216207,5.511312,8406.769622,0.345679012,49.728397,4,416.06668,84.92124064
2,25.13711822,91.76271482,19,0.4040497,-0.29874018,3.2071002,14478.41592,1.024691358,51.92634,4,34.666668,273.5857245
2,25.07326556,91.77933978,10,0.295609,-0.2724562,2.1178796,21948.7707,-3.432098765,51.48252,4,3.8666666,53.16194139
2,25.1492386,91.77818116,16,0.55146325,-0.39846227,5.1921225,8927.07699,-0.012345679,51.92634,7,254.43333,175.7747104
2,25.10395837,91.82731152,8,0.44358802,-0.3162491,1.3815095,33648.41658,-2.888888889,52.62562,4,6.4333334,435.7339911
2,25.01910678,91.7432208,15,0.54340917,-0.3894641,2.2462285,20702.38936,1.654320988,49.474915,6,18.3,103.8081421
2,25.02671163,91.83097562,12,0.5140499,-0.41808474,3.4502618,13467.69915,-1.925925926,51.375427,6,440.83334,26.64973049
2,25.12608886,91.74635966,19,0.46871972,-0.37032095,3.0703385,15125.98442,-1.62962963,51.416935,4,64.433334,92.21300144
2,25.14290322,91.71694123,15,0.47944543,-0.26737273,1.02446,45365.4873,-0.37037037,51.416935,4,547.3333,159.1938522
2,25.05707555,91.7979487,11,-0.1521887,0.28681436,2.2468019,20690.8297,0.617283951,51.48252,4,16.333334,304.4815445
2,25.03552206,91.75995944,9,0.36347893,-0.18514799,3.8428285,12087.51921,-0.679012346,51.36942,7,120,530.1541386
2,25.02791232,91.85428326,11,-0.17312735,0.30033553,1.0234979,45449.90928,0.539473684,51.85888,6,649.86664,204.3104694
2,25.0910347,91.77737843,10,0.14228351,-0.006061198,0,0,-0.901234568,51.48252,7,0.8666667,16.38251336
2,25.09098164,91.79758192,10,0.2614525,-0.11508347,2.1179514,21944.90706,-2.382716049,51.48252,4,16.033333,741.5814685
2,25.09592002,91.79229218,11,0.46683526,-0.24766527,1.3814595,33651.81063,-0.197530864,51.48252,4,12.333333,763.9289535
2,25.03922972,91.72977149,10,-0.21377805,0.3922142,1.3811086,33675.57703,1.111111111,49.474915,7,8.7,364.3189286
2,25.0987405,91.77054618,13,0.57285845,-0.42555094,5.190066,8934.23686,-2.456790123,51.48252,4,16.833334,191.500704
2,25.08774045,91.82129305,13,0.5891999,-0.4561067,1.0239968,45406.07778,0,51.454678,4,33.333332,871.9499412
2,25.16116989,91.75538868,12,-0.24539289,0.41253668,4.9417977,9380.807238,-3.283950617,51.694046,4,0.6666667,890.3549887
2,25.05927229,91.78546672,12,0.65487766,-0.5051506,5.4287424,8541.935925,0.222222222,51.48252,4,2.1666667,648.0397416
2,25.15045149,91.80876105,12,0.4938656,-0.29348344,1.0245229,45359.95559,0.456790123,49.728397,4,230.16667,504.5226953
2,25.07133479,91.81334071,14,0.29722226,-0.10031475,4.088919,11354.53047,1.691358025,51.454678,4,28.066668,861.0072458
2,25.01067272,91.77917648,14,-0.22747642,0.37332243,2.7802885,16722.25885,0.666666667,51.36942,4,146.16667,238.6472314
2,25.1235237,91.80744053,13,0.56240255,-0.39030185,3.7047918,12530.39213,0.87654321,52.62562,4,138.26666,550.6411785
2,25.12374483,91.75110946,19,0.1781104,-0.1682746,2.2478168,20670.47789,2.49382716,51.92634,7,36.966667,73.99189416
2,25.08471536,91.72786892,10,0.38545203,-0.28115714,2.7611773,16828.23037,-1.790123457,50.14763,4,184.83333,932.6640085
2,25.06000646,91.82126767,13,0.34308058,-0.23384658,4.1373096,11222.2863,0.975308642,51.454678,6,10.166667,222.3637129
2,25.06259772,91.74831594,13,0.01696341,0.18356141,2.9622388,15686.95028,2.456790123,50.14763,4,32.033333,306.1591721
2,25.16582116,91.79172588,12,-0.20846999,0.34125158,3.8431175,12074.00733,-1.160493827,51.694046,4,605.76666,264.4090793
2,25.15699265,91.76947263,19,0.2924703,-0.25952628,4.489749,10330.13065,1.888888889,51.694046,4,86.666664,340.4207071
2,25.00059922,91.72951196,11,0.5086252,-0.37177896,2.2459464,20708.05769,-0.851851852,49.474915,4,124.166664,194.0859349
2,25.07758827,91.77638435,11,-0.116194576,0.26132607,3.4507632,13460.26668,-4.333333333,51.48252,4,4.1666665,211.0731122
2,25.04379202,91.84841315,15,0.5439133,-0.44053435,0.92740995,50153.52562,1.172839506,51.375427,6,223.23334,231.1248042
2,25.1393145,91.77296434,15,0.5025995,-0.27452195,4.230518,10967.21065,-1.345679012,51.92634,4,134.83333,27.8640971
2,25.16912435,91.74927203,26,-0.44284403,0.5557185,6.878469,6723.42549,7.888888889,51.59333,7,9.666667,1479.950604
2,25.1253741,91.82456971,13,0.25616902,-0.07384011,2.2478423,20669.97561,0.012345679,52.62562,4,17.333334,1091.806833
2,25.08414585,91.76826825,13,0.5978967,-0.42037642,2.2472117,20682.60079,0.320987654,51.48252,4,3.8666666,777.2285525
2,25.12222285,91.76462935,6,-0.32419258,0.47556973,10.136837,4538.077164,-7.703703704,51.92634,7,30.966667,270.1647548
2,25.05424178,91.694388,9,-0.12935923,0.31724498,0,0,-0.790123457,51.524773,4,9.633333,609.2127564
2,25.11397372,91.73089552,12,0.51115924,-0.32687995,1.8543341,25062.73019,0.049382716,51.416935,4,445.46667,2.517198374
2,25.12111612,91.72985088,13,0.486808,-0.3732004,1.8543341,25061.27102,0.061728395,51.416935,4,392.56668,248.8159144
2,25.16199321,91.79031955,13,0.49995467,-0.3165105,5.909294,7836.49468,-0.481481481,51.694046,4,547.76666,32.47764493
2,25.02734412,91.69471629,8,0.02874746,0.1483213,1.8543341,25080.04974,-2.061728395,49.88214,7,2.8333333,123.6455748
2,25.02820095,91.83996408,8,-0.29298973,0.39030182,3.0678923,15149.90145,-1.827160494,51.375427,6,432.33334,449.5375781
2,25.13984217,91.84168561,10,0.36176932,-0.2595491,1.8543341,25057.54016,-1.481481481,52.62562,4,164.4,580.2618749
2,25.03176097,91.84692582,15,0.54586774,-0.42175773,0.92740995,50158.37441,2.691358025,51.375427,6,423.23334,308.1819842
2,25.16038329,91.75470241,18,-0.22295552,0.35246065,8.142448,5669.101766,-0.24691358,51.694046,4,0.56666666,791.3193767
2,25.1599009,91.83286851,13,0.5211861,-0.33089355,2.7802885,16702.32072,-0.074074074,49.728397,4,360.96667,95.68736692
2,25.04640333,91.82865673,14,0.51908785,-0.4099727,2.117771,21954.61904,-0.320987654,51.375427,4,60,30.47705483
2,25.05756985,91.76432723,12,0.37951705,-0.1884276,1.0237437,45428.25203,1.308641975,51.48252,4,1.9333333,259.1523568
2,25.1425679,91.74868166,20,0.23958512,-0.24702728,5.1918497,8928.030171,1.012345679,51.416935,4,5.4666667,256.4011352
2,25.06971869,91.78284066,11,0.134931,-0.024286542,2.2469962,20686.94798,-0.172839506,51.48252,6,4.866667,273.5748705
2,24.99877101,91.707195,7,0.39158154,-0.2782504,2.11758,21964.90048,-2.617283951,54.57589,7,2.1333334,242.191932
2,25.05855064,91.71781419,9,0.5436104,-0.42188272,0,0,-1.308641975,50.14763,4,39.733334,423.1239419
2,25.03716782,91.75306396,11,-0.028103841,0.18942371,2.7605903,16838.22285,0.283950617,51.36942,4,134.43333,1094.615647
2,25.10071036,91.79372341,12,0.18312351,-0.042561483,1.024106,45396.54054,1.074074074,51.92634,4,0.56666666,1317.468938
2,25.08739883,91.8419609,11,0.3579262,-0.26285893,2.2472668,20681.51481,-0.827160494,51.454678,4,1.9333333,1110.037229
2,25.11429547,91.8218119,13,0.5202157,-0.35658246,1.3815733,33644.10672,1.197530864,52.62562,4,28.566668,1027.67892
2,25.1195039,91.80007137,13,0.45207274,-0.29107395,2.118067,21938.69428,0.691358025,52.62562,4,181.36667,88.25531235
2,25.06457605,91.70924191,14,0.52210236,-0.34646595,1.3812667,33664.9151,1.236842105,50.14763,4,46.166668,469.8134415
2,25.07238931,91.78571474,14,0.18509461,0.013106395,2.7802885,16714.03048,2.345679012,51.48252,4,4.5333333,118.4946057
2,25.07928236,91.77324594,12,0.090481244,0.078528166,0.92740995,50139.39397,-0.222222222,51.48252,6,12.033334,455.5226957
2,25.02000263,91.71723732,9,-0.09335047,0.26788032,1.3809903,33683.67263,0.456790123,49.474915,7,16.966667,976.4624669
2,25.14465099,91.81185165,12,0.040662963,0.105812214,0,0,-0.802469136,52.62562,4,114.833336,462.3662608
2,25.13821424,91.77217513,13,0.6094031,-0.43594286,4.230509,10967.32911,-2.259259259,51.92634,4,115.333336,49.55959202
2,25.10654217,91.7770602,16,0.53902775,-0.34041846,2.1180143,21941.51144,2.790123457,51.92634,4,83.36667,1021.752356
2,25.03911935,91.79827125,12,0.5848976,-0.44482452,4.0878386,11360.47297,-0.395061728,51.36942,4,109.066666,194.5210104
2,25.12096526,91.84601624,10,0.6185451,-0.50369656,2.1180716,21938.41133,-0.975308642,52.62562,4,4.5666666,1071.884903
2,25.03286018,91.77623266,15,0.42650953,-0.29922262,2.7605355,16839.13633,2.358024691,51.36942,4,44.166668,333.3172452
2,25.0390501,91.79352493,14,0.5053275,-0.28450406,3.4503822,13465.89688,1.308641975,51.36942,4,66.566666,146.7309684
2,25.03936862,91.8090076,15,0.6653361,-0.53046435,2.246532,20696.25541,-0.950617284,51.375427,4,236.83333,63.0648624
2,25.12535428,91.74011864,13,0.4632787,-0.25561467,2.1180897,21937.46599,-1.222222222,51.416935,4,153.73334,142.6143127
2,25.14791341,91.7288002,14,0.44489703,-0.35252795,1.8543341,25055.91698,-1.160493827,51.416935,4,232.33333,130.5124963
2,25.03006739,91.7392623,12,0.52231956,-0.41840196,3.4502945,13467.19476,1.148148148,49.474915,4,109.46667,334.6574108
2,24.99563976,91.72269525,11,0.46210647,-0.36197987,2.2458706,20709.55586,-0.481481481,54.57589,4,97.5,279.7287946
2,25.01335998,91.8057417,12,0.44366422,-0.28221166,4.1901984,11084.26016,-0.901234568,51.375427,6,53.333332,75.59379275
2,24.99333282,91.69145769,8,0.2126531,-0.068668045,1.3808258,33694.77198,-1.049382716,55.934193,4,13.5,107.8262406
2,25.05027423,91.7663355,14,0.44419825,-0.3003366,1.0236834,45433.56642,2.580246914,51.48252,4,1.2333333,202.6332719
2,25.03034097,91.70473041,9,0.044154413,0.16183683,6.7758017,6833.856955,-0.814814815,49.474915,7,0.033333335,855.4982913
2,25.15691428,91.80420845,16,0.4950869,-0.24689913,1.0245742,45355.43327,1.617283951,49.728397,4,415.63333,248.6576915
2,25.12874294,91.80142043,12,0.54565346,-0.38116962,4.488896,10334.44429,-0.444444444,52.62562,4,209.33333,249.4913299
2,25.09579568,91.82627792,11,0.54259163,-0.4040362,1.0240642,45400.15428,-1.271604938,51.454678,4,4.5666666,579.2102663
2,25.14149232,91.73907735,16,0.60423964,-0.46790257,2.2480881,20665.03744,0.578947368,51.416935,4,72.3,12.16503849
2,25.08349197,91.75259053,14,0.08311518,0.0991539,2.2472074,20682.73054,2.222222222,51.48252,4,9.666667,88.58305294
2,25.13262086,91.74068755,15,0.47136092,-0.29409423,1.8543341,25059.00121,0.518518519,51.416935,4,118.2,17.11787406
2,25.02008156,91.78565324,13,0.43334493,-0.27308604,1.8543341,25081.50325,0.716049383,51.36942,6,38.533333,570.1949873
2,25.15241132,91.75000676,15,0.14371224,-0.18537584,3.451506,13449.29795,-1.456790123,51.59333,4,0.43333334,68.21306666
2,25.15112002,91.74798855,16,0.19041367,-0.19669361,5.547545,8351.755824,-0.197530864,51.59333,7,4.866667,143.4180776
2,25.0894611,91.80209587,12,0.4149466,-0.27443367,2.7802885,16711.76444,0.790123457,51.454678,4,4.9666667,1128.786463
2,25.12028048,91.76369856,6,0.11006822,-0.07900909,8.234116,5606.918493,-5.444444444,51.92634,7,39.633335,368.3248114
2,25.07020961,91.81354046,11,0.52209,-0.3654144,2.9622605,15685.88923,-1.567901235,51.454678,4,36.433334,819.1318867
2,25.02993479,91.74384858,11,0.10893612,0.038110357,2.7604976,16839.76667,0.259259259,49.474915,4,121.76667,489.6041722
2,25.12585672,91.80201882,13,0.50020754,-0.34016016,1.0243155,45378.15507,-0.135802469,52.62562,4,213.36667,26.52426525
2,25.14776375,91.7165976,14,0.4344648,-0.24510203,2.0483444,22680.9849,-0.864197531,51.416935,4,534.3,682.7196141
2,25.1449573,91.83014207,11,0.4549149,-0.31507474,1.3817649,33631.16614,-0.814814815,52.62562,4,78,240.8844067
2,25.15445828,91.76884725,17,0.2271145,-0.123732224,5.432461,8529.561561,1.641975309,51.694046,4,86.7,254.9874309
2,25.10410803,91.75149397,18,0.6005047,-0.45861968,4.4881454,10338.2083,1.012345679,51.92634,4,166.16667,0.129168734
2,25.12293632,91.74312452,19,0.65281737,-0.47818103,2.2478042,20670.72793,2.407407407,51.416935,4,118.03333,137.6222705
2,25.14948627,91.83946014,10,0.5356401,-0.3832351,0.92740995,50111.18348,-0.814814815,52.62562,6,232.06667,408.337584
2,25.05821723,91.73278059,9,0.08771259,0.10987231,2.117818,21952.05289,0.111111111,50.14763,4,3.7666667,197.0364476
2,25.02326531,91.74384166,12,0.058250297,0.067088075,3.2043726,14503.93728,1.296296296,49.474915,4,48.166668,215.2411787
2,25.1092612,91.7214193,10,0.16284294,-0.00582846,2.0477023,22695.10502,-0.888888889,51.416935,4,710.5333,918.4258077
2,25.03846411,91.80431107,14,0.5153598,-0.33065137,2.1177385,21956.32382,-0.209876543,51.375427,4,186.56667,28.65798491
2,25.15716075,91.7574566,11,-0.30880904,0.47362784,4.194861,11059.19567,-3.901234568,51.694046,7,2.7,765.0123458
2,25.07895624,91.76043493,11,0.34674627,-0.18642573,4.1376586,11219.64552,-0.320987654,51.48252,4,0.8666667,42.28887334
2,25.10618178,91.80229759,14,0.5139776,-0.3670675,0.92740995,50128.59164,1.296296296,52.62562,4,40.833332,1402.621749
2,25.16928928,91.7512743,11,-0.17564139,0.2679935,7.9796324,5785.91793,-3.197530864,51.694046,7,11.266666,1502.643253
2,25.08897476,91.74445656,12,0.46986258,-0.34154847,5.807758,7979.130845,-1.419753086,50.14763,4,42.566666,96.05431373
2,24.98292389,91.71594206,13,0.55524856,-0.4117058,1.3807623,33699.13602,0.555555556,54.57589,4,4.8,10.70492543
2,25.03473308,91.76717171,11,0.23418434,-0.10113202,0.92740995,50157.18672,0.111111111,51.36942,4,85.666664,156.4314422
2,25.1312604,91.73591529,13,0.4478156,-0.25910747,2.761752,16818.48603,-0.061728395,51.416935,4,191.63333,2.827764215
2,25.11861604,91.84608858,17,-0.28539073,0.44950438,4.230352,10969.46518,4.209876543,52.62562,4,0.96666664,1199.784868
2,25.11440973,91.83154749,8,0.16264716,0.060476698,1.381575,33643.99267,-3.518518519,52.62562,4,0.06666667,75.82135499
2,25.12447797,91.80838265,10,0.4591767,-0.2942163,3.2067933,14481.27268,-1.975308642,52.62562,1,118.03333,591.052196
2,25.04328785,91.80870143,16,0.54674226,-0.44682127,5.544843,8363.055267,2.259259259,51.375427,4,184.16667,48.52528639
2,25.05463279,91.72487678,8,0.09541213,0.026956702,2.1178045,21952.80787,-2.049382716,50.14763,4,5.9333334,335.2996107
2,25.07101783,91.79964066,14,0.6233197,-0.39662495,3.5838454,12959.86889,1.592592593,51.48252,4,19.233334,1167.523402
2,25.10460722,91.72145717,10,-0.051572613,0.20099297,3.2063134,14485.75575,-0.128571429,51.416935,4,589.3333,384.2314228
2,25.01979559,91.74395292,10,0.0576134,0.11985101,3.204293,14504.70295,-1.395061728,49.474915,6,25.5,18.29912395
2,25.10220367,91.74400753,12,0.5360927,-0.32491973,2.1179953,21942.51294,-0.691358025,51.416935,4,234.43333,52.27113236
2,25.01190773,91.71261817,8,-0.014517493,0.1475531,1.3809388,33687.09908,-1.777777778,49.474915,7,7.0666666,226.7684129
2,25.17068847,91.82686927,24,0.28514674,-0.16536899,4.195314,11056.77828,1,49.728397,4,639.6,17.20735895
2,25.14940182,91.73471933,16,0.5147724,-0.34016466,0.92740995,50111.18348,0.395833333,51.416935,4,123,447.7640668
2,25.17040136,91.84194833,9,0.65883136,-0.5228781,7.1462803,6468.905862,-5.209876543,49.728397,4,779.76666,6.181270851
2,25.13202499,91.83100436,12,0.6049449,-0.4893619,1.3816837,33636.62745,0.839506173,52.62562,4,24.6,578.4461398
2,25.08253506,91.77181332,13,0.2804185,-0.11563194,1.8543341,25068.99667,1.839506173,51.48252,4,1.6333333,813.2310403
2,25.07519144,91.77300343,15,0.46548888,-0.36887378,2.761057,16830.26888,1.827160494,51.48252,4,23.233334,31.79441951
2,25.04451063,91.72303279,7,-0.18345974,0.3585874,2.7802885,16717.76951,-2.061728395,49.474915,7,12.566667,140.5522011
2,25.15012572,91.71175249,15,0.6341104,-0.4500668,6.7763963,6826.719507,-0.444444444,51.59333,4,678.8333,902.5766002
2,25.01259554,91.72064345,10,0.38891846,-0.29254356,2.1176345,21961.93031,-1.012345679,49.474915,4,10.166667,156.01114
2,25.1183881,91.78142038,14,0.20819344,-0.18093051,6.877477,6727.134533,1.580246914,51.92634,4,229.66667,165.0995967
2,25.07192495,91.79865525,14,0.66339105,-0.45957127,4.738327,9792.584238,2.358024691,51.48252,4,24.3,1121.65463
2,25.06485148,91.7898789,13,0.35201195,-0.29796797,2.2469244,20688.41049,1.012345679,51.48252,4,4.866667,29.33480453
2,25.12081227,91.83848332,10,-0.2448358,0.43314692,2.9624064,15678.76404,-0.617283951,52.62562,4,0.26666668,369.7882612
2,25.08822583,91.73907748,12,0.52663237,-0.39873868,0.92740995,50135.72156,1,50.14763,4,64.13333,529.0800087
2,25.12365246,91.7538583,23,0.47629452,-0.34476733,2.9624143,15678.38383,7.75308642,51.92634,4,22.833334,113.5415638
2,25.05395547,91.84111261,12,0.04570934,0.059766274,1.0237136,45430.96039,0.358024691,51.454678,4,52.166668,513.3887042
2,25.08161514,91.74402255,8,0.42658967,-0.27695632,1.3813717,33657.79106,-3.259259259,50.14763,6,6.4333334,345.4039623
2,25.04506595,91.84340188,11,0.40938288,-0.3735269,2.9621878,15689.4467,-2.049382716,51.375427,6,144.16667,246.1156001
2,25.15132857,91.71898158,15,0.53657824,-0.36090884,0.92740995,50110.42562,0.109589041,51.59333,7,442.83334,1106.110404
2,25.07544649,91.76003757,11,0.51423633,-0.38589624,1.3813322,33660.42382,-0.37037037,51.48252,4,11.1,122.4218944
2,24.99555739,91.70670514,10,0.25921124,-0.18037364,2.7600768,16846.92872,0.24691358,54.57589,4,0.26666668,261.4864793
2,25.08021305,91.78427707,12,0.49718022,-0.36294326,4.805526,9654.372746,-0.024691358,51.48252,4,9.933333,331.7948675
2,25.12833569,91.81591965,10,0.57346946,-0.4413523,0,0,-2.395061728,52.62562,4,26.566668,890.994489
2,25.07004477,91.7441551,14,0.5543528,-0.39752075,1.8543341,25071.5323,1.234567901,50.14763,4,43.333332,179.6363457
2,25.10531042,91.72262176,11,-0.0178605,0.15345973,1.3815181,33647.84301,0.657894737,51.416935,4,582.9667,462.8572067
2,25.02082485,91.74400714,6,0.47719315,-0.30775023,5.544535,8365.014204,-5.135802469,49.474915,4,31.633333,99.66481121
2,25.14458861,91.75028414,17,0.12724483,-0.1450448,1.8543341,25056.56739,-1.777777778,51.92634,7,0.53333336,39.72279911
2,25.14436468,91.77646273,14,0.56837547,-0.3826548,5.4320693,8530.861621,-0.740740741,51.92634,4,235.86667,63.10363644
2,25.12037131,91.76516108,7,-0.0192507,0.04587687,7.645864,6044.081301,-3.518518519,51.92634,7,46.133335,247.5545375
2,25.15112503,91.81393084,11,0.003486682,0.15265682,0,0,-0.87654321,49.728397,4,183.73334,851.1100276
2,25.04816558,91.7867627,12,0.25487015,-0.11399338,2.0466766,22717.58629,-0.50617284,51.36942,6,21.866667,244.7684809
2,25.0170771,91.72497699,10,0.1754741,-0.112801895,4.13652,11228.27176,-1.814814815,49.474915,4,53.333332,198.8992692
2,25.06298501,91.82107463,11,0.25490937,-0.0764496,4.4869,10344.49734,0.333333333,51.454678,4,2.9666667,132.4260994
2,25.1322902,91.78320971,17,0.65099406,-0.49093032,2.2479482,20667.84131,3.617283951,51.92634,4,268.83334,194.4833079
2,25.01473089,91.7442471,12,0.244621,-0.100437865,2.9621007,15693.68419,-0.333333333,49.474915,4,11.1,224.2674433
2,25.07635912,91.75896121,10,0.54763997,-0.43456694,2.117892,21948.07435,-1.222222222,51.48252,4,8.166667,7.512566375
2,25.17266128,91.74686077,21,0.4625122,-0.2870219,2.2485678,20655.4465,-0.821428571,51.59333,4,33.333332,1877.20074
2,25.08147707,91.82127531,11,0.6385844,-0.48711854,3.7047918,12534.6056,-1.320987654,51.454678,4,18.3,601.4769509
2,25.06246294,91.83486065,7,-0.095804095,0.28024074,3.0687456,15141.54695,-2.938271605,51.454678,4,14.033334,1143.31088
2,25.10471938,91.8261125,11,0.34234756,-0.20965353,1.3815147,33648.07403,-0.197530864,52.62562,4,4.9666667,559.9223434
2,25.1368693,91.78489294,17,0.6290562,-0.47173023,1.0244086,45370.01591,2.444444444,51.92634,4,335.23334,100.3989371
2,25.12201582,91.82904609,14,0.44229743,-0.24555264,1.0242829,45380.96609,0.790123457,52.62562,4,7.366667,553.3934083
2,25.152693,91.7980728,14,0.634898,-0.47153386,2.118201,21931.48167,-2.024691358,51.694046,4,458.56668,297.0055431
2,25.08377552,91.82985907,13,0.6035024,-0.4361528,0.92740995,50137.55777,0.172839506,51.454678,4,10.166667,63.95717911
2,25.06128678,91.80460295,12,-0.044351306,0.25632375,3.2052822,14495.41953,1.444444444,51.454678,4,16.666666,1134.363936
2,25.08356658,91.76360785,11,0.5658634,-0.44107175,2.117921,21946.54473,-1.87654321,51.48252,4,6.733333,403.964448
2,25.05582953,91.69642432,18,0.46015936,-0.29011443,4.1372323,11222.88218,2.888888889,51.524773,6,16.033333,650.3487367
2,25.07339932,91.80219572,12,0.3415071,-0.18035936,0.92740995,50141.66001,0.518518519,51.454678,6,16.133333,1515.911346
2,25.03468688,91.68587084,14,0.42317364,-0.3092528,1.8543341,25078.59435,2.320987654,49.88214,4,1.2,366.1207851
2,25.02425712,91.78293974,12,0.51332414,-0.4140205,2.7604291,16840.94427,-0.518518519,51.36942,6,14.733334,369.6169585
2,25.13548493,91.82468593,8,-0.44053212,0.5517851,1.024397,45371.01627,-0.802469136,52.62562,4,2.1666667,670.8199351
2,25.0713535,91.76156202,15,0.5233373,-0.4135075,2.1178718,21949.18241,1.679012346,51.48252,4,36.433334,199.0297845
2,25.08253576,91.84218843,8,0.13557237,-0.006075723,3.4508154,13459.5119,-2.407407407,51.454678,4,3,1293.268635
2,25.02444728,91.80340855,13,0.5635915,-0.44116575,3.0677953,15150.8371,-1.024691358,51.375427,6,151.63333,273.8477126
2,25.07866154,91.81621573,11,0.36496896,-0.25850418,2.9622846,15684.7153,-0.333333333,51.454678,4,4.9333334,899.6655064
2,25.09595509,91.81672065,18,0.47267994,-0.3170405,5.5455637,8358.453486,4.469135802,51.454678,4,19.266666,1523.453539
2,25.0220254,91.74821442,11,0.49091333,-0.38012686,5.640006,8222.449251,0.209876543,49.474915,4,64.13333,78.71592101
2,25.08057135,91.79542603,11,0.40852416,-0.25156087,4.1376896,11219.41691,-0.888888889,51.48252,6,7.0666666,646.7637326
2,25.06082865,91.78600039,12,-0.13438626,0.3015873,2.246861,20689.6624,1.197530864,51.48252,6,0.16666667,508.0710848
2,25.14436875,91.78823913,14,0.5337403,-0.3515557,1.0244715,45364.48365,-0.185185185,51.92634,4,497.1,250.2984622
2,25.08041947,91.78219801,11,0.41708377,-0.23928809,1.3813648,33658.25067,-1.049382716,51.48252,4,4.8333335,493.8788473
2,25.11936042,91.83797959,12,-0.035115425,0.27570647,6.393383,7241.20467,0.888888889,52.62562,4,0.13333334,413.3897242
2,25.0392978,91.75929813,14,-0.08706786,0.2372292,2.246532,20696.25541,3.320987654,51.36942,4,86.666664,773.2894023
2,25.0276533,91.82825131,14,0.54693,-0.40507036,2.9621382,15691.8672,-1.197530864,51.375427,6,412.83334,135.8421247
2,25.03066113,91.84935533,10,-0.2302956,0.36633778,3.582979,12967.19262,-0.395061728,51.375427,6,487.46667,263.8151901
2,25.03502342,91.71409933,9,0.09001392,0.0992034,2.760563,16838.68022,-0.740740741,49.474915,7,6.8333335,168.8076788
2,25.0298472,91.75373023,12,0.5191849,-0.39960414,0,0,1.950617284,51.36942,4,123.333336,421.0107519
2,25.0570287,91.72982601,7,-0.27886936,0.44123933,2.2468019,20690.8297,-1.543209877,50.14763,4,0.13333334,47.91912646
2,25.1670912,91.82990876,18,0.6055784,-0.4632047,5.1928515,8924.543389,0.074074074,49.728397,4,531.73334,504.4774593
2,25.04555301,91.79632895,11,0.34730682,-0.14484334,0.92740995,50152.8771,-1.098765432,51.36942,6,44.833332,20.9052335
2,25.010433,91.71498192,15,0.37535828,-0.24670735,5.426852,8548.252475,3.271604938,49.474915,4,0.8666667,297.3010701
2,25.04999253,91.75298307,9,-0.27894005,0.42603388,0.92740995,50151.04466,-0.308641975,51.48252,7,8.533334,975.2994839
2,25.11641513,91.78096375,15,0.5834781,-0.47806546,2.7802885,16708.1624,1.283950617,51.92634,4,202.73334,65.04628804
2,25.14851615,91.71266068,18,0.43625224,-0.309172,0,0,-0.87654321,51.416935,7,651.76666,765.4736625
2,25.00530095,91.71315176,15,0.5826059,-0.47569475,2.246018,20706.59766,3.061728395,49.474915,4,18.133333,57.92042646
2,25.14987656,91.71739686,14,0.49318668,-0.36424908,2.761983,16814.57204,-0.592592593,51.416935,4,497.63333,898.4338657
2,25.03251887,91.81154259,11,0.5298163,-0.40409613,3.8428218,12087.82559,-0.49382716,51.375427,6,304.16666,10.92317982
2,25.04298193,91.77058158,10,0.3470226,-0.24825574,2.962182,15689.71296,-1.358024691,51.36942,4,10.166667,30.17935991
2,25.03525067,91.70825372,6,-0.3532841,0.5200461,0.92740995,50156.97181,-2.777777778,49.474915,7,0.16666667,414.8163905
2,25.1313247,91.77920161,13,0.5678247,-0.39204082,2.1181142,21936.12224,-0.061728395,51.92634,4,185.23334,66.64946115
2,25.08461156,91.7320157,8,-0.18488921,0.3770128,1.3813889,33656.57536,-1.901234568,50.14763,4,119.1,647.9476833
2,25.10436577,91.78267988,13,0.62617093,-0.44852376,2.2475247,20676.3315,0.160493827,51.92634,4,75,1017.318045
2,25.08781651,91.85353701,10,0.48603106,-0.38857982,2.9623108,15683.42857,-1.960526316,50.221912,4,30.833334,765.2464171
2,25.09550245,91.73015967,11,0.44339213,-0.25388303,1.3814578,33651.9247,-1.938271605,50.14763,4,252.56667,597.0335093
2,25.10196462,91.74300473,14,0.5469361,-0.32260436,2.9623518,15681.4195,1.419753086,51.416935,4,238.16667,52.10008161
2,25.06795413,91.81863159,13,0.5662201,-0.4454952,2.1178572,21949.94725,0.135802469,51.454678,4,15.266666,285.7599188
2,25.11388622,91.75519993,21,0.5224438,-0.40087914,1.0242153,45386.89763,2.641975309,51.92634,6,103.73333,121.6883003
2,25.11202285,91.812579,12,0.17112169,0.036976177,0.92740995,50126.21626,1.987654321,52.62562,4,56.966667,1585.545121
2,25.06320046,91.78459077,10,-0.0948695,0.19951147,3.583679,12961.28117,0.641975309,51.48252,4,2.4666667,537.4704279
2,25.17022651,91.75120665,12,0.12520134,-0.13896093,3.0714476,15115.15772,-2.87654321,51.694046,7,16.333334,1620.194279
2,25.07981746,91.76213968,10,0.39748955,-0.2612567,3.4507852,13459.94912,-1.50617284,51.48252,4,0.6,0.454725146
2,25.16540642,91.82994269,20,0.59022564,-0.45152128,2.1182518,21928.72933,2.87654321,49.728397,7,483.33334,373.1453874
2,25.0576452,91.74232824,10,-0.19406864,0.38485217,0.92740995,50148.02453,0.728395062,50.14763,7,7.5,1080.319225
2,25.08783338,91.75357216,12,0.23336363,-0.11951019,1.0239968,45406.07778,0.691358025,51.48252,4,34.566666,343.0477247
2,25.10902686,91.75150613,16,0.55059856,-0.33239004,5.545747,8357.293208,1.62962963,51.92634,6,197.1,242.5013054
2,25.03816923,91.84008999,13,0.4853212,-0.39686412,3.583145,12965.81076,-2.901234568,51.375427,6,209.1,217.920187
2,25.01931554,91.71214943,9,-0.46488947,0.5925743,1.3809868,33683.90129,-0.358024691,49.474915,7,2.1666667,774.9923957
2,25.05788381,91.83439625,12,-0.18706436,0.34339112,4.805168,9656.819059,2.061728395,51.454678,7,4.8,930.8907055
2,25.03031252,91.72749682,12,0.005069318,0.07658888,2.0463803,22724.10234,2.358024691,49.474915,7,25.933332,718.3850921
2,25.01615682,91.71660716,8,-0.42736247,0.5660075,1.3809662,33685.27294,-0.345679012,49.474915,4,13.366667,715.8235941
2,25.1296681,91.7442264,13,0.47945,-0.3146955,0,0,-2.432098765,51.416935,4,83.333336,316.1955921
2,25.12957288,91.80883999,13,0.5778667,-0.43360722,1.3816682,33637.65776,1.209876543,52.62562,4,90.73333,328.3153158
2,25.01457688,91.68930584,13,0.49660787,-0.41203368,1.0233846,45459.82435,1.395061728,49.88214,7,0.96666664,794.1724238
2,25.03487312,91.80159775,14,0.55987006,-0.42028925,4.1908994,11080.49633,1.50617284,51.375427,6,128.06667,301.8371221
2,25.1000339,91.74451898,12,0.24187729,-0.07263295,4.1380496,11216.69785,0.419753086,50.14763,4,190.83333,184.9527882
2,25.11035458,91.82585576,12,0.48373076,-0.28725722,4.193351,11067.32418,-0.851851852,52.62562,4,17.066668,569.4802734
2,25.12993243,91.7978878,14,0.22844023,-0.11185853,0.92740995,50119.08257,2.024691358,51.92634,4,279.36667,359.5229869
2,25.11502758,91.72961084,15,0.587605,-0.38777182,2.2476857,20673.11258,1.419753086,51.416935,4,464.7,135.6692339
2,25.10386053,91.79702491,9,0.5763132,-0.40808383,1.3815095,33648.41658,-3.24691358,51.92634,4,8.333333,1429.632082
2,25.15527095,91.70548218,23,0.6597899,-0.4838736,2.9625058,15673.93924,3.098765432,51.59333,4,896.8333,1234.970393
2,25.03147817,91.715326,10,0.16881262,0.007893121,5.5446796,8364.093824,1.567901235,49.474915,7,9.766666,177.0250563
2,25.09191427,91.80220507,17,-0.056561485,0.21031247,1.0240316,45403.06571,4.87654321,51.454678,4,9.6,1210.538346
2,25.04953543,91.7894591,13,0.54258054,-0.37743708,1.8543341,25075.63078,1.50617284,51.36942,6,12.933333,421.9508935
2,25.00157221,91.70807582,10,0.17224398,-0.09305756,2.7802885,16723.47922,0.012345679,49.474915,4,11.333333,311.372566
2,25.14680025,91.71424667,19,0.5442712,-0.3846351,3.5854707,12946.13464,-0.024691358,51.416935,4,619.3333,585.3970166
2,25.02110076,91.70800699,9,-0.42587292,0.5539248,8.916942,5175.440483,-2.728395062,49.474915,7,0.06666667,601.0666491
2,25.12494131,91.7773624,14,0.66864055,-0.50291437,1.0243084,45378.7603,1.87654321,51.92634,4,159.76666,382.4810433
2,25.01998222,91.78283096,9,0.2694806,-0.14799589,1.0234308,45455.8185,-1.037037037,51.36942,6,43.533333,748.9472097
2,25.02206676,91.74818237,11,0.49091333,-0.38012686,5.640006,8222.449251,0.209876543,49.474915,4,64.13333,78.71592101
2,25.17262809,91.74894171,22,0.13747352,-0.111692294,0.92740995,50101.87047,1.395061728,51.59333,7,30.133333,1866.952056
2,25.08084665,91.75175037,10,0.48254427,-0.36618143,2.9622908,15684.41232,-1.382716049,51.48252,4,2.4333334,397.6870003
2,25.10951033,91.84485075,11,0.5358573,-0.4316254,3.4510818,13455.57108,0.037037037,52.62562,4,17.4,1326.457525
2,25.11304817,91.80535683,11,0.20033786,-0.002210993,2.11804,21940.10902,-1.185185185,52.62562,4,124.333336,935.7080214
2,25.12667844,91.83603265,14,0.3422081,-0.1909686,3.0703523,15125.8513,3.444444444,52.62562,4,16.666666,52.17841527
2,25.13290868,91.75791595,21,0.25773197,-0.18795295,5.056765,9168.536421,2.061728395,51.92634,7,4.0333333,212.4166314
2,25.05433208,91.82908298,14,0.37872052,-0.26332253,2.246764,20691.62409,0.555555556,51.454678,6,5.3333335,341.5998096
2,25.13296607,91.74848459,15,0.12547213,-0.16924396,4.2304683,10967.88427,-0.320987654,51.416935,4,45.633335,287.050206
2,25.10734452,91.75336347,13,0.5178323,-0.36720532,3.2063866,14485.08118,-1.37037037,51.92634,6,180.86667,42.30216034
2,25.13680297,91.83095506,11,0.52924407,-0.41461006,2.118137,21934.94186,-0.814814815,52.62562,6,28.166666,542.1762611
2,25.1044096,91.73542666,12,0.51984286,-0.33194578,4.193152,11068.37535,-0.728395062,51.416935,4,346.66666,323.8308759
2,25.01733445,91.76304845,11,0.049386088,0.11313727,2.1176548,21960.87153,-0.358024691,51.36942,7,2.6666667,17.13818415
2,25.05550087,91.69136823,12,0.44699448,-0.27214438,1.38121,33668.76171,1.851851852,51.524773,4,13.333333,860.1969049
2,25.17148629,91.81909874,22,0.50552946,-0.39588904,5.433135,8527.317191,-1.225,49.728397,4,672.3333,461.0964685
2,25.05233973,91.80632917,15,0.45718092,-0.34196317,1.3811893,33670.13291,2.666666667,51.454678,6,85.933334,691.2052467
2,25.01101196,91.73859852,12,0.48876122,-0.36298156,5.055949,9178.947869,1.580246914,49.474915,6,4.0666666,648.0354605
2,24.99873257,91.72506836,11,0.44121987,-0.3644407,2.11758,21964.90048,-0.864197531,54.57589,4,100.833336,104.4808104
2,25.10488652,91.81973552,11,-0.07690715,0.25229105,3.584565,12953.77353,-1.049382716,52.62562,4,1.9333333,1179.992244
2,25.11790706,91.78748964,17,0.6268229,-0.46972945,7.6517525,6039.491542,4.456790123,51.92634,4,165.13333,219.0076716
2,25.01583112,91.75495191,10,0.07531701,0.0762712,1.3809645,33685.38456,-0.728395062,51.36942,7,19.333334,226.5825005
2,25.17099636,91.82355993,19,0.46262494,-0.34221527,1.8543341,25051.26237,1.395061728,49.728397,4,644.0333,4.247300265
2,25.09606138,91.74379833,15,0.6290907,-0.42103484,8.138229,5674.994559,1.864197531,50.14763,4,129.66667,80.8593498
2,25.06053614,91.73479526,11,0.007046142,0.19962549,1.0237693,45426.04391,2.333333333,50.14763,7,17.066668,315.5999426
2,25.02971866,91.74761846,9,0.15844087,-0.011566868,0.92740995,50159.1285,0.296296296,49.474915,4,144.16667,554.9946468
2,25.07231601,91.73476578,11,0.36821538,-0.2221419,2.962267,15685.58498,-0.135802469,50.14763,6,91.36667,699.6275003
2,25.0467786,91.84461905,14,0.53282773,-0.4342027,2.9621933,15689.1817,0.432098765,51.375427,6,136.66667,50.21667396
2,25.03183873,91.85162924,13,-0.1777207,0.30780086,0.92740995,50158.37441,0.734177215,51.85888,6,499.73334,450.9301337
2,25.13532198,91.82209281,13,0.5048252,-0.36330462,2.11813,21935.29738,2.185185185,52.62562,4,1.9333333,742.4906217
2,25.12949508,91.77512484,13,0.6191358,-0.41087916,3.0704222,15125.14694,-0.49382716,51.92634,4,116.166664,146.398023
2,25.10398868,91.82198943,9,-0.07622378,0.2851732,8.341827,5534.235418,-1.839506173,52.62562,6,2.2666667,974.9295659
2,25.0290865,91.68348123,10,0.20520449,-0.06542348,1.0235072,45449.10683,-0.382716049,49.88214,4,2.1666667,31.10994399
2,25.03681304,91.76371876,14,0.3959173,-0.30369604,2.7605867,16838.2814,2.592592593,51.36942,4,77.76667,266.777508
2,25.05211902,91.81922111,13,0.59371364,-0.4516272,5.9086657,7844.213018,-0.641975309,51.454678,6,62.4,221.1003431
2,25.07927035,91.7342211,14,0.044152543,0.0529396,3.7047918,12534.8488,1.641975309,50.14763,4,76.8,66.34969956
2,25.04980114,91.7882412,9,0.47015756,-0.34970522,0,0,-2.395061728,51.36942,6,14.433333,435.4029706
2,25.07938108,91.80430741,10,0.09379682,0.05821409,2.247144,20683.98213,-0.666666667,51.454678,4,0.53333336,1516.282761
2,25.10778896,91.79620409,10,0.10293114,0.030855276,1.3815336,33646.81501,-1.617283951,51.92634,4,25.5,1005.427034
2,25.06389822,91.75617748,11,0.19586366,0.008813355,0.92740995,50145.54358,-0.24691358,51.48252,4,14.966666,49.64097575
2,25.02020577,91.76814079,9,-0.18717547,0.3292208,2.2462454,20702.05424,-1.37037037,51.36942,6,28.433332,152.4847816
2,25.11502508,91.73573503,14,0.6247706,-0.43185425,7.651739,6039.645768,-0.765432099,51.416935,6,321.33334,450.3509629
2,25.05019785,91.69422866,11,0.24660367,-0.2126018,0.92740995,50150.93532,1.037037037,51.524773,4,0.13333334,261.5095962
2,25.15499484,91.76988928,18,0.52879024,-0.4128964,2.0484655,22678.36973,2,51.694046,4,100.933334,364.8920441
2,25.06806895,91.77606315,12,0.21076272,-0.07881243,1.0238318,45420.53086,0.481481481,51.48252,6,21.6,557.8143186
2,25.12440204,91.78507722,11,0.48444587,-0.3311174,2.7616692,16819.89787,-1.358024691,51.92634,4,307.23334,903.8739852
2,25.01009999,91.73441063,12,0.32063013,-0.20010394,2.0460472,22731.46419,0.222222222,49.474915,4,16.166666,418.3865941
2,25.01136827,91.78228253,8,0.55747455,-0.41759327,2.2461104,20704.76673,-4.765432099,51.36942,6,101.13333,549.2202995
2,25.14135896,91.82848932,11,0.3385798,-0.17891805,1.0244459,45366.69743,1.777777778,52.62562,4,38.833332,359.7297989
2,25.04252635,91.75022208,11,0.01598522,0.16035217,2.9621806,15689.78779,1.24691358,51.36942,7,61.766666,1726.80297
2,25.08814744,91.75236081,11,0.18600214,-0.023054903,0.92740995,50135.8309,-0.456790123,51.48252,4,33.333332,350.1136469
2,25.04853092,91.78154949,12,0.3122421,-0.18986237,3.7047918,12537.92266,-0.234567901,51.36942,6,7.5333333,176.774527
2,25.06148682,91.82685381,7,-0.37477705,0.51615,2.7608886,16833.14443,-3.617283951,51.454678,7,0.033333335,338.5873982
2,25.00555373,91.72046987,9,0.054398917,0.011490639,3.2039485,14507.91557,-0.604938272,49.474915,4,19.533333,92.9133334
2,25.04477156,91.77371992,11,0.4152472,-0.25815937,2.1177642,21954.97221,-2.061728395,51.36942,6,3.6333334,75.47864584
2,25.13795768,91.72445073,21,0.1639866,-0.1352437,1.8543341,25057.91909,-3.148148148,51.416935,4,354.16666,497.8292725
2,25.09754131,91.82672334,13,0.37951112,-0.2182589,1.3814698,33651.12258,0.913580247,51.454678,4,6.0333333,545.5336774
2,25.1445751,91.73515632,13,0.50962085,-0.32159483,1.0244739,45364.28249,-1.848101266,51.416935,4,120,50.37007979
2,25.07328334,91.78820831,10,0.56364274,-0.38579,1.3813201,33661.29697,-1.160493827,51.48252,6,2.1666667,340.0009701
2,25.16664424,91.82784129,21,0.4753088,-0.35667,0.92740995,50104.25339,1.469135802,49.728397,4,512.8333,360.6074594
2,25.15040868,91.73124486,18,0.51976407,-0.3862759,3.4514837,13449.61731,0.916666667,51.59333,4,173.4,330.6118923
2,25.14152258,91.76357969,16,0.2452891,-0.24976514,5.809671,7973.132015,-1.148148148,51.92634,4,61.466667,221.8356934
2,25.08412637,91.8023732,11,-0.31685928,0.50116414,2.9622996,15683.95979,1.185185185,51.454678,4,0.033333335,1181.026257
2,25.16405721,91.81226373,16,0.5111155,-0.3235832,7.136095,6478.571119,-0.827160494,49.728397,4,484.43332,234.6528546
2,25.091965,91.73481153,10,0.005154662,0.19608349,2.2473342,20680.18092,-0.419753086,50.14763,4,138.03334,934.0785251
2,25.02289593,91.76525364,8,-0.14603452,0.28324884,1.3810074,33682.4588,-2.333333333,51.36942,6,31.766666,245.9186121
2,25.11935604,91.72576354,12,0.64091986,-0.4629085,2.118066,21938.75203,0.777777778,51.416935,4,520.1667,557.0599663
2,25.02332823,91.81400426,13,0.49748605,-0.3392021,3.450229,13468.17513,0.111111111,51.375427,6,256.33334,42.5883587
2,25.10312984,91.74591406,14,0.53911126,-0.4198375,2.962355,15681.26861,-0.12345679,51.416935,4,248.33333,146.0529966
2,25.10044633,91.78576773,13,0.17041264,-0.07602771,3.0696979,15132.24631,-0.160493827,51.92634,4,36.3,781.7406105
2,25.14557561,91.83806207,11,0.55720127,-0.45749423,2.2481518,20663.78161,-0.271604938,52.62562,4,161.13333,256.1105808
2,25.00075354,91.70769134,10,-0.12305262,0.22598647,1.8543341,25085.37927,0.679012346,49.474915,4,7.633333,275.8996032
2,25.09869959,91.78769904,10,0.027742023,0.04574699,1.3814768,33650.66557,-1.802469136,51.48252,4,24.166666,760.2484006
2,25.01824529,91.74855419,14,0.43656477,-0.35852292,3.5827181,12969.42003,0.296296296,49.474915,4,47.066666,137.3720794
2,25.06432279,91.83958068,13,0.6412698,-0.45117363,4.229916,10975.35045,-1.382716049,51.454678,4,35.366665,725.4006919
2,25.08916044,91.79128374,9,0.45570543,-0.2808673,2.047363,22702.53644,-4.209876543,51.48252,4,37.933334,58.18642003
2,25.07272686,91.76034436,13,0.05717269,0.13274302,0,0,1.62962963,51.48252,4,26.266666,77.99476927
2,25.05197717,91.69086411,11,-0.25990492,0.47261432,3.2050562,14497.53495,1.185185185,51.524773,4,1.6333333,594.3743546
2,25.0780412,91.80161161,9,-0.07982041,0.22324926,3.0691347,15137.73402,-0.148148148,51.454678,6,0.8333333,1322.578696
2,25.0225446,91.69169666,11,0.35559198,-0.22630653,2.0462506,22726.95837,0.160493827,49.88214,7,0.43333334,489.5160875
2,25.06415109,91.8355133,9,0.18561234,-0.040920902,0.92740995,50145.43423,-1.987654321,51.454678,4,22.833334,1116.423024
2,25.08422264,91.85281438,13,0.59857863,-0.47038615,2.7611704,16828.34471,1.308641975,50.221912,4,28.266666,425.2007624
2,25.06214386,91.79887652,11,-0.036870986,0.1923906,1.0237832,45424.84087,-0.308641975,51.48252,7,1.2,662.6793562
2,25.02642165,91.78059716,12,0.25396407,-0.11005782,3.8428082,12088.46546,-0.037037037,51.36942,4,13.666667,199.3005287
2,25.08090953,91.7635415,9,0.48067752,-0.29034394,0.92740995,50138.74546,-1.666666667,51.48252,4,2.1666667,180.8116598
2,25.12956127,91.73186573,12,0.50204086,-0.32828775,1.0243458,45375.44117,0.172839506,51.416935,4,277.33334,52.03743758
2,25.00862509,91.72744712,15,0.018962666,0.143098,2.0460193,22732.06652,3.567901235,49.474915,6,58.166668,128.2552586
2,25.01930549,91.74739079,12,-0.01814513,0.18956164,2.760371,16841.95041,-1.049382716,49.474915,6,41.366665,156.7143778
2,25.06664445,91.76683864,12,0.20062545,-0.006270292,2.96225,15686.38365,0.061728395,51.48252,4,51.766666,437.5293047
2,25.12792993,91.82326878,11,0.14371525,0.003923616,1.3816595,33638.30496,-0.75308642,52.62562,4,4.8333335,1331.570308
2,25.04597335,91.8054354,12,0.45480514,-0.33332574,0,0,-1.222222222,51.375427,4,115.36667,238.091721
2,24.97616774,91.71045435,11,0.22647609,-0.08392004,2.2455761,20715.47122,0.382716049,54.57589,4,2.8333333,454.8135224
2,25.15637492,91.7118971,16,0.4067287,-0.20840299,6.165234,7509.146841,-0.851851852,51.59333,4,653.3333,1549.22655
2,24.98941705,91.72383526,9,0.19691138,-0.02347438,3.2035644,14511.52662,-2,54.57589,6,33.666668,113.6813755
2,25.13775976,91.8278874,9,0.09129384,-0.015756907,2.1181402,21934.76535,-0.666666667,52.62562,4,16.033333,540.3666675
2,25.15774916,91.82202035,18,0.6532557,-0.5220853,2.762083,16812.87224,1.50617284,49.728397,4,271.2,787.4207808
2,25.10654829,91.72880949,11,0.5068312,-0.31759647,1.3815267,33647.27198,-1.469135802,51.416935,4,492.03333,237.9486447
2,25.09708126,91.77954383,11,0.31781086,-0.17534569,2.9623373,15682.13943,-0.555555556,51.48252,4,11.1,147.1309651
2,25.09080444,91.80406377,16,0.34987226,-0.10583805,1.3814285,33653.94281,3.037037037,51.454678,4,2.9666667,1367.480841
2,25.09320027,91.79743191,12,0.33536294,-0.19097224,1.0240409,45402.16507,-0.432098765,51.48252,4,27.633333,817.5144124
2,25.10619134,91.78870085,13,0.49470156,-0.29841322,1.0241503,45392.61996,0.666666667,51.92634,4,30.833334,1097.63688
2,25.08063751,91.84666927,11,0.014110472,0.18893918,2.247161,20683.64884,-1.283950617,51.454678,4,11.333333,857.8747339
2,25.04500962,91.82844897,19,0.6417245,-0.4636833,3.2048903,14499.09704,1.382716049,51.375427,4,75.26667,81.54228114
2,25.13721535,91.81849514,11,0.1972247,-0.02818552,2.2480247,20666.33468,-1.148148148,52.62562,4,16.033333,596.5084262
2,25.11732481,91.73203441,13,0.46895885,-0.370378,3.5848386,12951.46961,-1.296296296,51.416935,6,374.7,99.98151609
2,25.14733563,91.79525071,12,0.2135081,-0.07837637,2.2481773,20663.23594,0.679012346,51.92634,4,437.23334,824.7352854
2,25.09949076,91.75474715,11,0.57013696,-0.39989537,4.8058305,9652.281878,-4.061728395,51.48252,4,85.36667,95.13145764
2,25.13924216,91.84209781,13,0.5486873,-0.4216035,1.0244273,45368.3028,1.271604938,52.62562,4,170.26666,548.6000339
2,25.16161167,91.79391269,11,0.4912217,-0.38833964,0.92740995,50106.31206,-1.555555556,51.694046,4,663.9,185.2865296
2,25.11019709,91.84706398,10,0.26640075,-0.086722955,2.2476137,20674.57795,-0.320987654,52.62562,4,27.266666,1534.015025
2,25.02086805,91.75326249,11,-0.3435676,0.45374665,2.1176682,21960.12056,-0.901234568,51.36942,4,44.7,109.7865697
2,25.09847931,91.77331754,13,0.5260306,-0.32091293,5.1900544,8934.276155,-0.654320988,51.48252,4,12.333333,178.0996659
2,25.08168883,91.79662383,12,0.17962964,0.021515844,1.0239457,45410.59308,0.567901235,51.48252,4,3.3333333,693.6518149
2,25.05383037,91.694816,9,-0.19964468,0.37371925,2.1178012,21952.98445,-0.802469136,51.524773,4,7.5333333,543.771071
2,25.17065472,91.82729668,21,-0.00891136,0.19862339,5.057019,9165.301211,-1.592592593,49.728397,4,632.1667,74.03339455
2,25.06902976,91.81522918,10,0.5107667,-0.4084734,2.7609813,16831.56308,-2.37037037,51.454678,4,39.633335,643.1839726
2,25.05769424,91.70922406,9,-0.37645617,0.5165201,2.0468342,22714.12617,-0.87654321,50.14763,4,4.5666666,142.8902587
2,24.99911077,91.72712153,12,0.50206125,-0.3695797,3.5823097,12972.87869,-0.604938272,54.57589,4,114.96667,251.8149217
2,25.09328435,91.73475168,12,0.44547412,-0.26770425,0.92740995,50133.77978,0.728395062,50.14763,4,156.96666,862.8450794
2,25.02577647,91.71033493,10,0.3842,-0.27341124,2.2463295,20700.34422,-0.518518519,49.474915,7,9.666667,566.2717247
2,25.01458859,91.74486373,10,0.22287835,-0.1232913,3.8427818,12089.69116,-1.925925926,49.474915,4,13.466666,163.3335754
2,25.03193155,91.77864934,12,0.16023585,-0.048393123,4.6273675,10031.65314,-0.259259259,51.36942,4,24.166666,416.1934105
2,25.05609355,91.78867301,14,0.5557927,-0.41891015,3.2051558,14496.61565,1.37037037,51.48252,4,2.9666667,548.3822131
2,25.01034012,91.70761256,11,0.018555036,0.13918562,1.8543341,25083.44126,0.691358025,49.474915,4,11.866667,233.0998816
2,25.04794671,91.73130831,10,-0.117115855,0.2919956,0,0,0.296296296,49.474915,7,6.5333333,59.53376808
2,25.16304099,91.77699517,15,0.4749536,-0.30079082,2.2484193,20658.41983,-1.48,51.694046,4,206.83333,461.1786295
2,25.00088935,91.70988542,8,-0.007285156,0.16108143,2.1175888,21964.43254,-1.320987654,49.474915,4,11.866667,471.7777953
2,25.11796039,91.7765771,13,0.5031902,-0.38861138,9.332626,4937.252309,-0.765432099,51.92634,4,191.53334,150.758417
2,25.0911691,91.7601349,16,0.46489075,-0.33952513,2.7612598,16826.85619,1.790123457,51.48252,4,19.733334,42.17591762
2,25.14276545,91.73699536,13,0.56196797,-0.47175056,1.0244576,45365.68847,-0.491803279,51.416935,4,95.26667,166.934614
2,25.00740234,91.69298018,11,0.55170596,-0.45865127,2.7602236,16844.44216,-0.271604938,49.88214,4,1.5,808.9614832
2,25.03514813,91.78152997,11,0.6253165,-0.45644283,2.2464728,20697.46662,-1.395061728,51.36942,4,21.866667,721.0172346
2,25.01247514,91.71638838,13,0.49174324,-0.38922703,2.0460842,22730.61422,2.419753086,49.474915,4,1.6333333,419.2515567
2,25.15451794,91.83774765,14,0.5836703,-0.44504598,3.4515278,13448.97952,-0.111111111,49.728397,4,296.43332,271.1163676
2,25.07961767,91.76506936,12,0.33540696,-0.24525575,1.0239295,45411.99865,-0.444444444,51.48252,4,6.8333335,207.4755732
2,25.13849892,91.79574218,13,0.2613752,-0.075356014,2.1181424,21934.60118,0.641975309,51.92634,4,341.4,110.8905906
2,25.13705596,91.77020399,16,0.5299315,-0.36134455,1.3817165,33634.44998,1.703703704,51.92634,4,86.03333,15.06974919
2,25.16069986,91.78491607,16,0.5946489,-0.46008518,1.8543341,25053.31915,0.444444444,51.694046,4,389.1,33.18274741
2,25.04023224,91.80055515,13,0.4891113,-0.31931582,1.0236,45440.88527,-0.382716049,51.375427,4,124.26667,301.4688222
2,25.12965507,91.77742565,13,0.5522422,-0.36166707,3.2069132,14480.13632,-0.925925926,51.92634,4,154.26666,278.7266173
2,25.11118275,91.83737369,13,0.6267874,-0.48360494,1.8543341,25063.27124,1.111111111,52.62562,4,10.433333,549.407858
2,25.02020817,91.82765136,17,0.6369569,-0.4642825,2.9621167,15692.92471,1.222222222,51.375427,6,505.66666,65.67969774
2,25.12532213,91.8481548,13,0.34025207,-0.2097177,0.92740995,50120.91878,1.901234568,52.62562,4,29.1,1175.17542
2,25.02977037,91.75341946,11,0.52827764,-0.4283712,1.0235119,45448.60653,1.012345679,51.36942,4,125.23333,439.6829932
2,25.1561819,91.79354641,16,0.67083436,-0.5246086,3.7047918,12527.11938,-2.160493827,51.694046,4,633.93335,33.07479257
2,25.07556268,91.80531347,10,-0.05320101,0.23705101,2.9622757,15685.13363,-2.12345679,51.454678,4,8.166667,1761.34748
2,25.0317115,91.70018868,10,0.3654235,-0.25166926,2.246418,20698.55118,-1.209876543,49.474915,4,7.366667,823.8577153
2,25.08911972,91.80520386,12,0.24390683,-0.0865566,2.7802885,16711.79963,1.580246914,51.454678,4,0.16666667,1450.501864
2,25.05517845,91.80142874,9,-0.16764708,0.32752475,2.117807,21952.68906,-1,51.454678,4,36.833332,476.8860463
2,25.15501901,91.76357621,23,-0.006872252,0.13611285,2.248296,20660.89368,1.814814815,51.694046,4,32.166668,258.7921178
2,25.03656624,91.82150156,15,0.6025233,-0.48466867,2.246494,20697.04843,1.950617284,51.375427,6,239.1,689.4863898
2,25.01992172,91.70836028,10,0.048233278,0.054526154,4.8045692,9660.955606,0.62962963,49.474915,7,0.96666664,538.4477702
2,25.13763198,91.7708809,16,0.5006065,-0.30421686,3.0706313,15123.13654,1.185185185,51.92634,4,98.666664,19.35276522
2,25.04911036,91.76181316,9,-0.23273167,0.32357314,1.3811687,33671.50415,-0.975308642,51.36942,4,16.433332,631.8474027
2,25.12404795,91.79996206,11,0.48187256,-0.32224768,5.640159,8215.520952,-1.87654321,51.92634,4,267.23334,139.520413
2,25.06263702,91.70922089,12,0.5123258,-0.3621762,2.7609057,16832.85862,0.567901235,50.14763,4,30.533333,270.6723773
2,25.0597784,91.78133413,12,0.02743706,0.16657487,4.2298784,10975.84962,0.061728395,51.48252,4,1.9333333,999.9586835
2,25.00952312,91.72221827,14,0.48986912,-0.39684692,2.2460852,20705.26603,1.358024691,49.474915,4,16.666666,199.2079765
2,25.01948035,91.67981517,15,0.22718479,-0.111388944,2.962115,15693.0008,3.814814815,49.88214,4,0.033333335,105.8976763
2,25.13922706,91.76249433,17,0.16375388,-0.17667183,4.230518,10967.21065,0.87654321,51.92634,4,50.466667,306.7322079
2,25.01715706,91.69290274,11,0.40941375,-0.3264434,1.8543341,25082.09709,0.530864198,49.88214,4,6.9333334,814.1644349
2,25.13152056,91.77402067,14,0.5350312,-0.35603002,0.92740995,50118.43028,-0.901234568,51.92634,4,103.53333,91.83132967
2,25.11804933,91.84610668,15,-0.27769572,0.45591098,9.412875,4894.402996,1.654320988,52.62562,4,0.8333333,1222.678122
2,25.12199128,91.82223252,14,0.5940256,-0.4494163,1.8543341,25061.10889,2.283950617,52.62562,4,37.666668,1192.62495
2,25.01553969,91.71568428,7,-0.44624233,0.58152175,2.117647,21961.28332,-0.975308642,49.474915,4,10.933333,717.9102039
2,25.09631438,91.7795262,12,-0.30897495,0.45088837,1.3814629,33651.58212,0.308641975,51.48252,4,8.833333,93.56080781
2,25.0301797,91.83409425,14,0.46353084,-0.3330782,5.8056183,7985.835099,0.345679012,51.375427,4,350.83334,251.1531769
2,25.07413386,91.78614442,14,0.4437289,-0.2730256,0.92740995,50141.4451,1.765432099,51.48252,4,1.3333334,233.1125404
2,25.13878351,91.72365101,29,0.16185926,-0.12433208,5.640181,8214.53148,0.37037037,51.416935,4,369.76666,598.6144093
2,25.026578,91.68350374,11,0.4636555,-0.31022194,5.508164,8420.215097,-0.271604938,49.88214,4,1.1333333,126.5497058
2,25.14788845,91.84227941,13,0.5696939,-0.45434868,3.0708823,15120.65658,1.666666667,52.62562,4,251.33333,672.9253339
2,25.04048649,91.77991438,15,0.0786022,0.077021815,3.2047775,14500.13808,2.24691358,51.36942,4,43.5,725.7063266
2,24.9887607,91.69630707,9,0.67180777,-0.5050087,4.6273675,10035.09858,-3.777777778,55.934193,6,3.8666666,308.5105144
2,25.11013029,91.80320657,11,0.57035476,-0.3914466,1.3815491,33645.7845,-1.456790123,52.62562,4,77.333336,1064.737728
2,25.15984396,91.80932941,15,0.5654873,-0.42258593,6.8782835,6724.117062,0.975308642,49.728397,4,406.83334,515.8598936
2,25.14526473,91.82937254,11,0.5041606,-0.36975473,1.3817666,33631.05213,-1.864197531,52.62562,4,77.76667,184.8494643
2,25.03839038,91.70138393,9,0.09373361,0.091020055,2.2465193,20696.50419,0.456790123,49.474915,4,17.666666,1104.451215
2,25.02161426,91.69426143,12,-0.108512096,0.2669531,2.246262,20701.67776,1.839506173,49.88214,7,2.9666667,388.4527271
2,25.03611959,91.76607344,12,0.028115202,0.11496065,1.3810898,33676.90481,0.518518519,51.36942,4,75.333336,22.91687187
2,25.08195585,91.8311378,13,0.60269165,-0.467719,2.7611427,16828.83877,-0.061728395,51.454678,4,8.566667,254.9244391
2,25.11188251,91.79770753,13,0.6023721,-0.4776888,5.190588,8932.409359,1.790123457,51.92634,4,62.833332,633.9288579
2,25.06188741,91.76073603,6,0.4125387,-0.29515207,4.8052344,9656.373755,-3.617283951,51.48252,4,5.9333334,17.93355878
2,25.00113829,91.72054783,13,0.11572034,-0.007294057,2.2459548,20707.89196,0.333333333,49.474915,4,51.733334,18.65802842
2,25.0285502,91.78196201,10,0.17855346,8.01E-04,0,0,-2.975308642,51.36942,4,5.1,38.95076953
2,25.12014501,91.72723435,11,0.6385036,-0.47570258,2.1180682,21938.58786,-0.3375,51.416935,4,466.46667,422.5048286
2,25.15976358,91.77595821,15,0.5273644,-0.3521936,2.7621071,16812.47116,-1.444444444,51.694046,4,182.53334,130.9630509
2,25.17556867,91.82965575,20,0.45949575,-0.3500827,3.2080219,14469.77603,0.604938272,49.728397,4,828.8333,85.20501981
2,25.01344319,91.7584043,9,0.020282239,0.14324784,1.3809491,33686.41051,-0.765432099,51.36942,7,5.6666665,536.9951547
2,25.07336732,91.8082764,12,0.20289211,-0.006505979,1.3813201,33661.29697,0.197530864,51.454678,4,26.933332,1411.050518
2,25.11593298,91.73274206,12,0.660894,-0.47433418,4.7384057,9788.982921,-1.469135802,51.416935,6,375,188.1957036
2,25.14419144,91.72220553,16,-0.21026663,0.40611804,4.6273675,10022.66967,-4.160493827,51.416935,4,388.93332,663.6816891
2,25.14332373,91.8346816,13,0.5085884,-0.37019393,2.7802885,16704.55785,1.567901235,52.62562,4,98.96667,80.69521063
2,25.09388205,91.80679716,7,-0.020114167,0.14672063,2.1179626,21944.27098,-3.580246914,51.454678,4,13.866667,1720.676259
2,25.0582467,91.78778426,12,0.10946196,0.0670827,1.8543341,25073.9058,0.814814815,51.48252,4,2.1666667,521.8190127
2,25.04958205,91.80504823,13,0.5036442,-0.4134423,2.246688,20693.12648,0.320987654,51.375427,4,86.96667,410.3844363
2,25.13097403,91.80249705,14,0.49867463,-0.322708,1.8543341,25059.32547,-0.320987654,52.62562,4,183.73334,243.9770673
2,25.04925239,91.81237773,13,0.37896517,-0.270482,4.738286,9794.438849,2.716049383,51.375427,4,157.86667,318.1665175
2,25.03212579,91.80432125,13,0.573344,-0.43267754,4.485959,10349.23363,0.75308642,51.375427,6,160.83333,557.2088435
2,25.13734727,91.8409713,13,0.5585319,-0.3893227,3.8430545,12076.97055,0.148148148,52.62562,4,135.63333,486.7173288
2,25.10177474,91.73598575,14,0.5871419,-0.42693308,3.5844994,12954.318,0.716049383,51.416935,4,282.93332,72.85727033
2,25.11369306,91.79146239,11,0.300406,-0.15499726,2.047772,22693.54928,-0.617283951,51.92634,4,84.833336,273.0424453
2,25.10869751,91.75386272,14,0.54949933,-0.4370542,2.9623718,15680.46882,-1.308641975,51.92634,6,189.66667,23.65600181
2,25.0750508,91.80758699,11,0.16919337,0.012644612,1.0238899,45415.41412,-0.148148148,51.454678,4,17.066668,1528.396351
2,25.13025261,91.80157448,14,0.43738118,-0.23755743,2.7802885,16706.28849,0.296296296,52.62562,4,204.93333,321.921804
2,25.10303484,91.73783519,14,0.51617223,-0.40069196,2.7614043,16824.37997,-0.555555556,51.416935,4,293.13333,217.0659818
2,25.00955988,91.7226007,15,0.29768047,-0.19349816,2.2460852,20705.26603,2.24691358,49.474915,4,18.166666,216.6306093
2,25.14553134,91.71419618,21,0.44138303,-0.27574116,2.0483072,22681.83739,1.308641975,51.416935,4,631.5,436.3712827
2,25.12748506,91.83691237,12,0.5533491,-0.4261931,4.1385593,11212.84503,0.666666667,52.62562,4,20.833334,37.04004771
2,25.11112711,91.73008974,12,0.5557759,-0.34127146,3.7047918,12531.63543,-2.098765432,51.416935,4,507.76666,72.78199823
2,25.09812375,91.81939714,11,0.5357682,-0.44346502,2.0475116,22699.27477,-1.197530864,51.454678,4,7.5,1274.293122
2,25.07848038,91.76237145,14,0.40121835,-0.29418495,4.939519,9391.373384,2.407407407,51.48252,4,2.4666667,88.11798835
2,25.02704579,91.73544633,9,0.29938057,-0.27204514,6.118238,7575.085143,-2.037037037,49.474915,4,82.433334,28.79163057
2,25.0784672,91.822435,14,0.59908897,-0.43961164,1.381351,33659.16737,0.827160494,51.454678,4,5.233333,335.7026426
2,25.06820413,91.73404913,7,0.41688105,-0.32536295,5.05633,9174.072306,-3,50.14763,4,69.13333,280.5748908
2,25.12417163,91.80576663,13,0.49979687,-0.35129145,1.3816354,33639.90877,0.395061728,52.62562,4,159.06667,384.6701686
2,25.15143622,91.78764549,14,0.56750816,-0.36981094,2.248241,20661.98021,-0.049382716,51.694046,4,492.06668,242.5468071
2,25.07202678,91.77414314,13,0.35452086,-0.2191993,4.4871774,10343.09819,0.864197531,51.48252,4,23.633333,150.2419998
2,25.05050498,91.7145442,10,0.46372566,-0.35477155,2.0467184,22716.68386,0.308641975,50.14763,4,0.8333333,235.2420588
2,25.02883145,91.81835794,14,0.31978357,-0.25634688,1.3810451,33679.94727,1.604938272,51.375427,6,426.66666,125.1170288
2,25.11676502,91.82274956,11,0.05964062,0.1598228,1.8543341,25062.13634,1.172839506,52.62562,4,23.733334,1009.430446
2,25.10682661,91.83130491,14,-0.09462447,0.26255393,3.5846124,12953.37851,2.456790123,52.62562,4,28.033333,7.557645514
2,25.14744446,91.84541686,14,0.49342653,-0.31899902,4.1389256,11210.05882,1.184210526,52.62562,4,303.46667,742.6700566
2,25.12187842,91.79961974,11,0.3231239,-0.19684319,2.118075,21938.2348,-0.703703704,51.92634,4,218.83333,64.98731009
2,25.04372443,91.77261355,11,0.45959923,-0.2891807,2.1177597,21955.20737,-0.962962963,51.36942,4,6.5333333,88.56597361
2,25.03915796,91.75503807,10,-0.08069188,0.24359396,2.246532,20696.25541,0.382716049,51.36942,4,105.066666,1145.296123
2,25.17093057,91.84735654,15,0.65558916,-0.5112562,2.2485423,20655.95,-1.703703704,49.728397,7,902.1667,147.6539229
2,25.13693671,91.80618494,13,0.2245644,-0.051114548,1.8543341,25058.13589,0.925925926,52.62562,4,127.5,277.101556
2,25.03255741,91.84170269,21,0.6149351,-0.47231364,3.0679963,15148.86674,2.432098765,51.375427,6,339,131.0977558
2,25.08846042,91.79587713,13,0.12702565,0.01884152,1.8543341,25067.86177,1.135802469,51.48252,4,11.866667,496.6406404
2,25.13990045,91.7307505,16,0.5662194,-0.4250161,1.024432,45367.90231,-2.234567901,51.416935,4,203.33333,70.30128892
2,25.0789841,91.84239305,9,-0.2292335,0.42469397,2.117902,21947.54467,-2.148148148,51.454678,4,0.33333334,1312.283738
2,25.03537327,91.84939876,12,0.5579945,-0.44983342,2.2464771,20697.38348,-0.172839506,51.375427,6,378.26666,479.9894367
2,25.13775318,91.81657029,14,0.14637682,-0.001054665,2.7618346,16817.11097,1.061728395,52.62562,4,26.933332,421.8886227
2,25.15700126,91.81653437,12,0.4460386,-0.21661526,1.0245764,45355.23401,-0.987654321,49.728397,4,274.83334,1029.255514
2,25.03349139,91.84224805,17,0.63627523,-0.48670563,2.7605457,16838.9661,1.037037037,51.375427,4,320.06668,40.29083387
2,25.10825,91.79795933,12,0.2728088,-0.11935288,1.3815371,33646.58399,-0.814814815,51.92634,4,32.833332,1005.810743
2,25.10239164,91.74854248,14,0.59406817,-0.4509038,2.7613938,16824.55282,0.592592593,51.416935,4,192.83333,36.35428972
2,25.15262848,91.71450457,14,0.52972037,-0.35754633,1.8543341,25054.94232,-2.12345679,51.59333,4,576.8333,1231.331921
2,25.15168757,91.75118839,18,0.09705959,-0.12376037,4.091596,11339.78801,1.802469136,51.694046,4,0.033333335,160.7319036
2,25.07935614,91.73576701,13,-0.16376872,0.2879548,2.1179044,21947.42586,1.654320988,50.14763,4,61.633335,14.52592109
2,25.04800781,91.71457495,9,-0.06362708,0.25921935,1.3811619,33671.96099,-0.12345679,49.474915,4,0.53333336,482.6022391
2,25.14168368,91.73081177,15,0.5875768,-0.44729623,5.51099,8408.13538,-2.716049383,51.416935,4,196.56667,75.63510427
2,25.12179096,91.7733861,18,0.47835514,-0.3389797,4.0905943,11345.29295,-0.172839506,51.92634,4,114.46667,62.29678212
2,25.04723406,91.73945471,9,-0.23972276,0.40531677,1.3811601,33672.1489,0.444444444,49.474915,7,11.333333,841.9620782
2,25.03524203,91.6955429,8,-0.1409437,0.30612248,2.1177263,21957.01614,-1.382716049,49.88214,6,20.966667,846.9245913
2,25.05764234,91.69279132,11,-0.22576898,0.35962853,2.0468342,22714.12617,0.233766234,51.524773,6,26.266666,775.2432081
2,25.15876346,91.78002753,17,0.61635214,-0.48266232,1.8543341,25053.75275,-1.24691358,51.694046,4,264.56668,86.94059572
2,25.14060508,91.77794855,12,0.5384809,-0.35361975,1.024439,45367.29722,-0.790123457,51.92634,4,224.96666,244.6100659
2,25.00091398,91.71017592,9,-0.19009212,0.31696728,2.9620616,15695.60917,-0.333333333,49.474915,4,12.566667,476.471343
2,25.09656302,91.80370475,12,-0.18261229,0.3310638,2.7613251,16825.73237,0.641975309,51.454678,4,31.633333,1552.468133
2,25.13576431,91.72962138,14,0.47157466,-0.29301506,1.3817079,33635.02085,-0.679012346,51.416935,4,255,65.7614103
2,25.06844313,91.79398279,12,0.3205428,-0.11278203,4.1374636,11221.11869,2.37037037,51.48252,4,1.7666667,543.6040881
2,25.04494238,91.7593145,6,-0.17907998,0.3495788,2.0466256,22718.73894,-3.012345679,51.36942,4,48.833332,1096.374328
2,25.09718457,91.76141192,14,-0.4978641,0.5968935,2.9623382,15682.10016,-0.160493827,51.48252,4,22.966667,67.63804152
2,24.99074916,91.71924994,11,0.45014745,-0.31705612,2.1175475,21966.65013,0.148148148,54.57589,4,43.733334,169.5664332
2,25.01468191,91.7970259,14,0.5304026,-0.3844726,3.2041671,14505.86602,0.308641975,51.36942,6,26.166666,202.6514025
2,25.02988637,91.70181419,7,0.40073338,-0.2838795,1.0235119,45448.60653,-3.197530864,49.474915,7,1.1333333,796.632933
2,24.99280903,91.67848675,14,0.49268627,-0.28605062,1.380824,33694.95996,1.111111111,55.934193,6,1.2333333,347.4482364
2,25.14743217,91.71928026,13,-0.16235034,0.31128344,3.2073405,14476.14156,-0.679012346,51.416935,4,459.76666,695.071084
2,25.08267201,91.84419443,13,0.6040663,-0.4711809,1.8543341,25068.99667,2.111111111,51.454678,4,4.1666665,1114.438216
2,25.1399165,91.73373846,15,0.56028825,-0.4431698,3.5853155,12947.42324,-0.320987654,51.416935,4,151.63333,368.7682511
2,25.04019734,91.78991584,14,0.5405631,-0.33460656,4.4862027,10348.00254,1.320987654,51.36942,6,55.633335,448.1079626
2,25.05862131,91.78513455,9,0.3950975,-0.21916592,1.3812289,33667.43125,-3.12345679,51.48252,6,3.6333334,726.1963859
2,25.04305086,91.72270927,9,-0.14791965,0.33288476,4.486295,10347.54326,-1.135802469,49.474915,7,17.366667,270.3947602
2,25.13243646,91.74462288,16,0.1485109,-0.21510863,2.96244,15677.13159,-3.098765432,51.416935,4,83.36667,131.8012554
2,25.03965589,91.75290134,5,-0.15783702,0.3136556,2.117743,21956.08864,-4.037037037,51.36942,7,99.333336,1300.91939
2,25.03016997,91.69487145,12,0.04317788,0.08651621,1.0235142,45448.40686,1.987654321,49.88214,7,9.733334,393.1325286
2,25.14540629,91.81334131,14,0.15548983,-0.011665064,1.0244809,45363.67404,1.679012346,52.62562,6,110.7,437.4792845
2,25.16074291,91.7826121,16,0.48057356,-0.39014664,2.762121,16812.24137,0.320987654,51.694046,4,327,85.04279482
2,25.11466396,91.81719496,12,0.2584672,-0.090231605,2.1180468,21939.75595,0.407407407,52.62562,4,66.166664,1519.968488
2,25.1283639,91.76054,11,-0.37138164,0.4744036,9.541545,4826.783984,-8.234567901,51.92634,7,0.8333333,172.335313
2,25.12560408,91.77989305,11,0.66095775,-0.4803983,5.191156,8930.443924,-1.333333333,51.92634,4,201.66667,600.2830322
2,25.06293327,91.71019871,12,0.3549696,-0.24101442,3.0687594,15141.4137,0.432098765,50.14763,4,33.666668,274.7161957
2,25.13774156,91.8251507,9,-0.34864086,0.5199699,4.13875,11211.40709,-0.75308642,52.62562,4,8.7,435.4816193
2,25.05800743,91.74578468,10,-0.14874332,0.35555533,0.92740995,50147.91519,1.765432099,50.14763,7,6.6666665,901.4183152
2,25.05715677,91.79828214,12,-0.12144288,0.25030723,2.7608337,16834.05771,1.50617284,51.48252,4,17.766666,326.7311549
2,25.11723142,91.84911419,10,-0.083446495,0.21667603,2.0478325,22692.24092,-1.148148148,52.62562,4,8.833333,1532.771739
2,25.12355875,91.82302264,16,0.60888577,-0.46087015,3.0702758,15126.58751,3.222222222,52.62562,4,26.133333,1173.567484
2,25.16635135,91.82196008,17,0.19174275,-0.20108826,4.9419436,9380.123718,-0.987654321,49.728397,4,497.33334,84.26826804
2,25.06948717,91.78734427,12,-0.22195987,0.35041893,2.7802885,16714.42637,0.864197531,51.48252,4,0.033333335,5.081645261
2,25.02059148,91.79254846,15,0.65439373,-0.50339353,2.2462494,20701.92815,0.864197531,51.36942,6,54.966667,6.389849615
2,25.12405408,91.81581842,12,0.47737792,-0.3624314,2.2478254,20670.31025,0.728395062,52.62562,4,46.833332,1174.890796
2,25.02897747,91.79453746,15,0.24600811,-0.042100504,1.0235072,45449.10683,1.975308642,51.36942,6,34.166668,603.6803875
2,25.0938822,91.80355342,11,0.54616594,-0.38782364,2.1179626,21944.27098,-0.975308642,51.454678,4,14.966666,1414.711749
2,24.98112712,91.71387669,16,0.59871924,-0.43869632,1.8543341,25089.30619,1.530864198,54.57589,4,0.53333336,11.6917471
2,25.09579112,91.78383041,10,-0.042876378,0.17759791,1.3814595,33651.81063,-1.580246914,51.48252,4,18.566668,277.33891
2,25.10543334,91.85102324,14,0.45709053,-0.26085532,1.3815181,33647.84301,1.456790123,51.193287,4,21.866667,1888.035674
2,25.02210779,91.7203402,12,0.39062747,-0.2632595,1.3810023,33682.79907,1.950617284,49.474915,4,38.833332,904.0783127
2,25.04138311,91.84918616,12,0.58335876,-0.4404165,2.0465655,22720.04185,-1.1375,51.375427,6,269.63333,173.6200786
2,25.12991511,91.80808327,12,0.30981797,-0.14992581,2.962432,15677.51306,1,52.62562,4,96.96667,299.89934
2,25.07929427,91.7676757,12,0.14175224,-7.44E-04,2.1179032,21947.48609,0.148148148,51.48252,4,18.966667,318.0314619
2,25.05430339,91.82041082,13,0.3845779,-0.17209473,2.246764,20691.62409,0.604938272,51.454678,6,41.933334,32.46388121
2,25.15657305,91.76015603,21,-0.1374459,0.28637516,5.810219,7971.410491,-1.50617284,51.694046,6,12.166667,505.8589234
2,25.17356897,91.83692248,19,0.5619942,-0.44049665,1.381943,33619.12877,1.530864198,49.728397,7,813.4667,212.6598904
2,25.01756191,91.80887298,12,0.4315244,-0.25231227,4.190333,11083.54664,-1.325,51.375427,6,115.23333,93.59423005
2,25.05276426,91.73468119,6,0.18743077,-0.08321756,3.7047918,12537.49188,-2.530864198,50.14763,7,0.033333335,423.8322825
2,25.06921803,91.75964032,12,0.5468964,-0.40429795,2.117863,21949.65187,-1.086419753,51.48252,4,51,98.63995393
2,25.06630042,91.81144444,13,0.067014806,0.064479195,2.1178505,21950.30038,-0.234567901,51.454678,4,66.166664,1033.127734
2,25.13136332,91.83432673,6,0.42342636,-0.25594026,2.7617555,16818.42753,-4.962962963,52.62562,4,51.533333,257.2829999
2,25.02984031,91.81159956,12,0.4080191,-0.21293278,3.067927,15149.53568,0.679012346,51.375427,6,307.2,72.20440891
2,25.0933451,91.82162596,12,0.51808673,-0.41285804,3.8429563,12081.52618,0.209876543,51.454678,4,26.133333,1007.431924
2,25.13581012,91.75647042,20,0.2367866,-0.20165972,2.7618105,16817.51088,-0.827160494,51.92634,4,16.966667,108.4656836
2,25.15982422,91.75086894,11,-0.2850877,0.32743248,6.5441976,7070.627482,-3.7,51.694046,7,0.033333335,483.5786768
2,25.0818609,91.81781463,13,0.46559858,-0.29290393,2.1179144,21946.89619,0.074074074,51.454678,6,14.133333,926.1899272
2,25.11407033,91.80788699,13,0.5423851,-0.3469573,3.5847673,12952.06298,0.098765432,52.62562,4,112.333336,1067.435031
2,25.14613886,91.79690105,13,-0.040319465,0.2218301,1.3817735,33630.59279,1.160493827,51.92634,4,384.16666,724.6681607
2,25.10972097,91.80466387,9,0.30462497,-0.18194395,3.4510818,13455.57108,-2.543209877,52.62562,4,84.166664,1191.480072
2,24.97731483,91.70982186,16,0.4057029,-0.29106623,1.3807265,33701.52896,4.740740741,54.57589,4,0.8333333,407.7860149
2,25.03507576,91.80250292,13,0.5545254,-0.38690513,2.1177251,21957.07638,-0.407407407,51.375427,6,140.16667,324.18548
2,25.12206681,91.85436686,11,0.43677306,-0.33193398,1.8543341,25061.10889,-0.716049383,51.193287,4,48.333332,1732.769053
2,24.97386814,91.71345628,14,0.6321127,-0.48400834,0,0,2.213114754,54.57589,4,15,84.50012005
2,25.03091263,91.72684484,9,0.3070982,-0.19387639,1.3810571,33679.07631,-1.728395062,49.474915,4,21.366667,798.9749421
2,25.1634172,91.83749832,15,0.59271824,-0.41897658,0,0,0.666666667,49.728397,4,500.83334,411.9726707
2,25.091854,91.80222664,17,-0.056561485,0.21031247,1.0240316,45403.06571,4.87654321,51.454678,4,9.6,1210.538346
2,25.10936371,91.80713541,13,0.24379505,-0.13837183,4.8059897,9651.191016,1.530864198,52.62562,4,79.63333,1372.646689
2,25.00969883,91.79329038,8,-0.15150017,0.27752817,2.7802885,16722.40213,-1.983050847,51.36942,6,7.5,109.0060184
2,25.12600454,91.83318587,14,0.45773262,-0.29733914,0.92740995,50120.59452,1.975308642,52.62562,4,16.966667,306.9699295
2,25.1224446,91.76007592,23,0.5579649,-0.42581245,3.2067466,14481.70311,2.49382716,51.92634,4,16.433332,59.74565888
2,25.04624471,91.83977001,14,0.5640555,-0.4408142,1.8543341,25076.27741,0.703703704,51.375427,6,92.933334,113.858223
2,25.03313747,91.79232876,9,-0.067830645,0.19582562,2.1177173,21957.48815,-1.407407407,51.36942,6,24,186.7902617
2,25.14696579,91.74880162,22,0.26431626,-0.117636435,1.3817769,33630.291,1.530864198,51.416935,4,3.9,124.5110854
2,25.02552197,91.82165219,17,0.4372682,-0.35081208,3.4502509,13467.85747,1.197530864,51.375427,6,434.73334,22.30528802
2,25.00344626,91.73411694,10,-0.20590378,0.3249552,3.7047918,12542.4208,-0.802469136,49.474915,4,61.5,381.7624146
2,25.07276924,91.76737979,11,0.25277197,-0.12930176,3.0690026,15139.03906,-1.074074074,51.48252,4,45.333332,322.7571073
2,24.99661402,91.7246318,6,0.55705386,-0.4558623,2.7600904,16846.70132,-4.802469136,54.57589,4,115.46667,65.0860989
2,25.04665376,91.84108669,10,0.581439,-0.4567514,4.2297735,10977.27986,-1.530864198,51.375427,6,101.666664,91.65115392
2,25.14175014,91.83607056,8,0.26091188,-0.14215976,2.761883,16816.27051,-1.456790123,52.62562,4,99.53333,47.57913913
2,25.02870147,91.70105698,13,0.2603271,-0.12448524,3.7047918,12539.88989,2.604938272,49.474915,7,1.1333333,656.4501401
2,25.03896063,91.82488935,12,0.39114887,-0.29292515,2.7606108,16837.84443,-0.259259259,51.375427,6,172.03334,363.9075124
2,25.06092138,91.8020344,9,-0.07035906,0.16622275,1.3812426,33666.51729,-1.851851852,51.454678,4,8.066667,877.6644675
2,25.03835001,91.70885599,8,-0.3163606,0.49475634,0.92740995,50155.67854,-0.962962963,49.474915,7,0.43333334,387.0746627
2,25.01570089,91.71580964,6,-0.42183536,0.56172675,0,0,-1.802469136,49.474915,4,12.166667,742.1941148
2,25.04569991,91.82933281,16,0.46076787,-0.3317853,3.7047918,12538.19224,0.456790123,51.375427,4,65.066666,37.50550623
2,25.06604635,91.73616353,10,-0.24801104,0.41306695,4.1374173,11221.46141,0.135802469,50.14763,7,57.9,16.41500774
2,25.1515069,91.7821647,18,0.328286,-0.17618099,5.05689,9166.943033,0,51.694046,4,337.36667,172.5400304
2,25.04228734,91.73336967,8,-0.29830882,0.45980027,0.92740995,50154.17036,-1.37037037,49.474915,7,35.766666,55.26779549
2,25.06396967,91.77078383,12,0.6503036,-0.4432988,0,0,-0.135802469,51.48252,6,30.833334,913.5418812
2,25.09029696,91.77952718,9,0.20221493,-0.046412,4.192692,11070.85917,-1.049382716,51.48252,7,0.6666667,91.95478426
2,25.1197015,91.80432286,13,0.40350485,-0.21514836,0.92740995,50123.18859,1.567901235,52.62562,4,211.23334,474.3986209
2,25.01942911,91.78849069,9,0.4562291,-0.26350674,2.9621143,15693.0388,-2.074074074,51.36942,6,48.966667,431.5480832
2,25.09813889,91.79173086,14,0.5612635,-0.4048132,3.2061603,14487.1984,1.777777778,51.48252,4,6.733333,990.2573059
2,25.02343092,91.68541753,12,0.5326602,-0.44203177,2.2462916,20701.09537,0.777777778,49.88214,4,2.8333333,6.940959914
2,25.02339857,91.83114437,11,0.24828526,-0.14916758,0.92740995,50161.71503,-1.111111111,51.375427,6,537.63336,33.50218181
2,25.0822128,91.76114282,15,0.4286716,-0.28719738,2.1179156,21946.83761,3.086419753,51.48252,4,1.2,96.95152108
2,25.07210648,91.7355193,10,0.14158577,0.010438262,2.962266,15685.62425,-0.716049383,50.14763,4,87.066666,652.0744549
2,25.03990258,91.68486359,17,0.6106839,-0.4872243,5.187652,8942.629778,1.903846154,49.88214,4,12.166667,208.800611
2,25.04946594,91.83194469,16,0.32948273,-0.2197362,3.2049966,14498.08525,2.913580247,51.375427,4,30.3,477.6159002
2,25.0325091,91.68452014,11,-0.102529615,0.25467315,2.760532,16839.19489,0.160493827,49.88214,4,1.6666666,249.5958993
2,25.07881256,91.75254388,11,0.49326104,-0.34962633,4.8055034,9654.521802,1.160493827,51.48252,6,4.5666666,578.7238369
2,25.02103108,91.769219,10,-0.1580699,0.32903957,0.92740995,50162.68404,-1.444444444,51.36942,6,39,185.9338451
2,25.10543853,91.85319044,12,0.06255865,0.10080837,2.1180086,21941.80677,0.666666667,51.193287,4,34.666668,1671.073561
2,25.1477854,91.805342,18,0.4650456,-0.31856108,3.8430774,12075.88169,1.913580247,52.62562,4,241.06667,45.98614042
2,25.14291661,91.77826233,14,0.58862233,-0.45011473,5.432015,8531.039933,-0.802469136,51.92634,4,258.16666,227.3052801
2,25.14684806,91.77361272,15,0.463261,-0.30833396,5.0568604,9167.333503,-0.641975309,51.92634,4,172.96666,214.1121617
2,25.11275652,91.84190285,9,-0.18946671,0.28008237,5.909012,7839.951223,-2.864197531,52.62562,4,11.766666,969.3540134
2,25.05055607,91.82319102,13,0.3764619,-0.2270023,1.0236857,45433.37023,-0.827160494,51.454678,4,44.7,79.82568898
2,25.10131643,91.7614691,14,0.33918634,-0.30023536,7.6516795,6040.357128,-0.666666667,51.92634,4,46.133335,340.3836114
2,25.04168891,91.71053762,6,-0.07345738,0.26476684,6.1877837,7488.423663,-3.333333333,49.474915,7,1.9333333,295.0566815
2,25.12931683,91.7287767,13,0.5040598,-0.31462994,2.0480325,22687.8209,-0.532467532,51.416935,4,343.5,273.0708474
2,25.10908781,91.75439588,16,0.63526946,-0.47535336,2.1180243,21940.98182,-0.382716049,51.92634,6,182.43333,22.5466634
2,25.13248626,91.80085762,10,0.35509592,-0.2518625,0.92740995,50118.00045,-1.87654321,52.62562,4,213.33333,297.6288757
2,25.08979234,91.75929011,15,0.49896216,-0.37242287,7.1406517,6478.25056,-0.419753086,51.48252,4,27.633333,8.685806584
2,25.03993584,91.84894295,14,0.5577854,-0.42572588,3.4503903,13465.77811,0.975308642,51.375427,6,290.4,0.062669769
2,25.07663667,91.7808159,17,0.5732427,-0.45017746,5.8073134,7980.518613,3.50617284,51.48252,4,0.16666667,212.8181869
2,25.12706226,91.76846867,13,0.61324817,-0.45722887,4.8062725,9649.246421,-3.148148148,51.92634,4,41.666668,275.691033
2,25.10205602,91.75470655,17,0.20241284,-0.20049237,3.2062535,14486.30779,0.419753086,51.92634,4,105.36667,126.8234678
2,25.04678045,91.80540106,15,0.4558539,-0.30459222,3.068357,15145.35736,2.172839506,51.375427,4,109.46667,288.2977719
2,25.01688256,91.68837264,11,0.019968985,0.11297518,2.1176524,21960.99036,1.320987654,49.88214,4,0.13333334,650.6198794
2,25.11077826,91.74075172,15,0.5669545,-0.35220665,0.92740995,50126.75543,1.555555556,51.416935,4,294.83334,141.5475373
2,25.04054719,91.68834176,17,0.4535061,-0.321009,2.7802885,16718.27349,2.481481481,49.88214,4,2.7333333,97.64813634
2,25.12045995,91.77093436,15,0.48399365,-0.2919426,2.7616177,16820.7561,-1.62962963,51.92634,4,94.53333,149.8484932
2,25.12716463,91.78129827,13,0.4439491,-0.24924694,2.1180975,21937.05272,0.851851852,51.92634,4,224.96666,565.5226414
2,25.12933064,91.73941492,16,0.4776468,-0.27613872,4.1939564,11064.04989,1.938271605,51.416935,4,154.16667,260.5480192
2,25.12610049,91.76297295,14,-0.3548838,0.49148977,13.638674,3343.803456,-1.679012346,51.92634,4,9.233334,306.6648902
2,25.16969169,91.81509873,27,0.48359343,-0.39317396,1.3819188,33620.73481,1.395061728,49.728397,4,630.56665,371.0304664
2,25.1191823,91.84875084,13,-0.43362164,0.5839779,4.138405,11214.01501,1.407407407,52.62562,4,7.0666666,1402.50505
2,25.11714092,91.7365479,14,0.605515,-0.430486,3.0701156,15128.16134,0.086419753,51.416935,6,278.56668,329.2557188
2,25.09879666,91.77444813,16,0.62046295,-0.42955342,5.509937,8412.637307,2.62962963,51.48252,4,13.366667,215.13784
2,25.09810101,91.78303683,13,0.41997382,-0.2523768,3.7047918,12532.95886,-0.679012346,51.48252,4,24.666666,413.0191302
2,25.01744319,91.77988687,11,0.4158391,-0.22756195,1.3809748,33684.70145,-0.17721519,51.36942,6,77.86667,642.2343861
2,25.03472005,91.8145457,15,0.51716363,-0.3311569,4.8048024,9659.343104,1.049382716,51.375427,6,352.96667,82.25294894
2,25.03949289,91.7632086,10,0.23522763,-0.10980599,4.1910434,11079.70945,0.580246914,51.36942,4,55.5,493.8814029
2,25.06515065,91.81577168,12,0.59633005,-0.4677056,4.229923,10975.2621,-2.716049383,51.454678,4,26.433332,612.43673
2,25.16094989,91.78746549,18,0.6013337,-0.46427113,1.8543341,25053.31915,2.679012346,51.694046,4,456.6,18.80544662
2,25.05465351,91.84278472,12,0.44588134,-0.3503462,1.0237205,45430.35974,-0.515625,51.454678,6,65.666664,478.7207695
2,25.14822584,91.78016806,17,0.48594275,-0.2875724,2.24819,20662.98443,0.925925926,51.92634,4,299.33334,22.85123031
2,25.02115441,91.72183358,9,0.39232177,-0.30410904,1.0234401,45454.91685,-0.901234568,49.474915,4,53.333332,726.8135539
2,25.04063061,91.76846768,11,0.35498914,-0.20484468,0,0,-0.839506173,51.36942,4,27,59.61300253
2,25.04935991,91.80450101,12,0.36802515,-0.2343591,3.4504836,13464.40115,-0.333333333,51.375427,4,82.2,348.6749622
2,25.1623576,91.83691126,17,0.512737,-0.30019307,3.451605,13447.83586,2.518518519,49.728397,4,464.96667,531.9822065
2,25.01999389,91.73185894,11,0.60286266,-0.45103297,1.3809903,33683.67263,-2.086419753,49.474915,4,37.233334,107.8466436
2,25.10419012,91.75968537,12,-0.5127634,0.5967375,7.653033,6039.133139,-1.419753086,51.92634,4,84.066666,36.48627227
2,25.05773083,91.81993272,11,0.63213885,-0.47964033,3.4505658,13463.18155,-1.407407407,51.454678,6,25.633333,320.5803246
2,25.07131756,91.7628594,9,0.46853614,-0.34601927,1.8543341,25071.26271,-2.679012346,51.48252,4,37.933334,70.33149616
2,25.01968031,91.69339197,10,0.18834014,-0.09660653,2.962115,15693.0008,-0.580246914,49.88214,4,3.2333333,590.7880827
2,25.01418255,91.68550062,8,0.54307663,-0.4441496,1.8543341,25082.68906,-3.086419753,49.88214,7,2.2666667,454.2882065
2,25.12173712,91.85336444,11,0.51950055,-0.41441166,4.138451,11213.64715,-0.567901235,51.193287,4,40.666668,1782.909225
2,25.17197414,91.75162905,16,-0.16024934,0.28837785,2.7802885,16700.7321,-1.49382716,51.694046,7,26.433332,1801.140827
2,25.0985068,91.81903609,9,0.46804708,-0.32040274,2.7613492,16825.33233,-2.555555556,51.454678,4,5.633333,1325.037382
2,25.03675586,91.84768766,10,0.5765369,-0.45476192,3.8428316,12087.3795,-3.913580247,51.375427,6,325.76666,311.0710284
2,25.12096331,91.82035258,11,0.50958973,-0.34928226,1.8543341,25061.32569,-0.271604938,52.62562,4,48.833332,1349.996267
2,24.98978897,91.6878891,15,0.5727414,-0.4505321,0,0,3.604938272,55.934193,6,0.13333334,76.34870569
2,25.16703485,91.82302459,20,0.3643774,-0.29911423,5.8106046,7970.205881,1.395061728,49.728397,4,512.6667,9.763498136
2,25.14640372,91.74435873,16,0.42133936,-0.36743468,7.193859,6426.922818,-1.217391304,51.416935,7,22.833334,594.3768112
2,25.0922476,91.80921438,15,0.32735458,-0.20445311,4.1927643,11070.47644,2.777777778,51.454678,6,12.166667,1910.408934
2,24.99309141,91.70432891,11,0.36775804,-0.24386305,1.3808258,33694.84288,-0.271604938,54.57589,6,2.7,138.7756995
2,25.06161163,91.79722078,13,0.0523496,0.11259312,1.3812479,33666.1717,0.975308642,51.48252,4,1.6666666,492.4307626
2,24.99443106,91.68394617,14,0.4954342,-0.33317694,2.760063,16847.15886,0.273972603,55.934193,6,9.066667,590.8355449
2,25.02571736,91.77449918,14,0.45269752,-0.3097385,1.3810263,33681.20175,1.666666667,51.36942,4,58.966667,376.0095343
2,25.02679833,91.73125446,10,0.46314174,-0.3660385,3.204459,14503.14028,-1.049382716,49.474915,4,68.03333,337.7449692
2,25.08699503,91.78987941,15,0.48517752,-0.28914046,4.230097,10972.89523,1.987654321,51.48252,4,26.166666,98.87631431
2,25.10929958,91.72519666,12,0.5544382,-0.34384808,0.92740995,50127.29838,0.728395062,51.416935,4,627.4667,557.1011352
2,25.10150241,91.77112197,14,0.5546231,-0.35814658,1.3814957,33649.40648,-1.259259259,51.92634,4,34.8,492.6411746
2,25.08568187,91.72939199,11,0.3751756,-0.22781038,0.92740995,50136.80368,0.419753086,50.14763,4,161.33333,882.9204164
2,25.02823678,91.84484831,21,0.68448174,-0.5336827,3.204492,14502.83408,2.75308642,51.375427,6,482.73334,13.47511995
2,25.0062317,91.72521447,13,0.12483939,0.037361823,2.7602067,16844.72539,1.728395062,49.474915,4,45.933334,227.8091094
2,25.15720559,91.82372842,11,0.42396381,-0.21203062,2.24833,20660.17741,-3.049382716,49.728397,4,258.16666,709.7447249
2,25.09446225,91.78673967,13,0.5782476,-0.4083695,2.96233,15682.48048,0.49382716,51.48252,4,21.666666,438.4785102
2,25.11756794,91.73401145,13,0.6046384,-0.45268223,3.2066267,14482.83959,0.679012346,51.416935,6,325.63333,309.927881
2,25.11203435,91.83021134,11,0.628857,-0.46924078,1.3815595,33645.02314,-0.654320988,52.62562,4,3.3333333,162.124616
2,25.13229212,91.72854456,12,0.4416088,-0.25298837,4.2304616,10967.9726,-0.864197531,51.416935,4,311.36667,255.8364994
2,25.03176231,91.72311943,12,0.44615942,-0.26052547,2.7605217,16839.36638,0.049382716,49.474915,4,19.466667,890.377126
2,25.01651978,91.78659852,13,0.5013434,-0.33023116,2.1176515,21961.04813,0.148148148,51.36942,6,73.933334,740.1830003
2,25.07031024,91.76680426,11,0.19607778,-0.03141428,0,0,-0.567901235,51.48252,4,60.333332,296.0149501
2,25.14580314,91.76939997,17,0.59222746,-0.41787794,2.7619348,16815.41099,0.444444444,51.92634,4,111.9,297.9026053
2,25.16386191,91.82849743,19,0.5707307,-0.3970774,2.9625309,15672.72271,1.765432099,49.728397,7,428.93332,131.2628622
2,25.04082796,91.79809312,16,0.4703534,-0.38372314,3.0682042,15146.82942,3.172839506,51.36942,4,100.96667,402.9966407
2,25.04564316,91.84042096,14,0.5585069,-0.44678074,1.3811499,33672.83182,0.790123457,51.375427,6,105.36667,179.7367068
2,25.07886812,91.77584816,15,0.040331174,0.15745641,2.2471356,20684.14768,1.790123457,51.48252,4,5.9333334,365.4681511
2,25.06691702,91.76074336,11,0.50283897,-0.35624063,2.0469918,22710.66659,-0.641975309,51.48252,4,33.666668,101.8607218
2,25.04714875,91.82691725,16,0.31360427,-0.14381202,2.1177742,21954.44246,0.481481481,51.375427,4,56.333332,10.55505942
2,25.17088468,91.82566601,21,0.5146794,-0.42468783,1.8543341,25051.31515,-0.172839506,49.728397,4,636.93335,56.51645945
2,25.03695846,91.68630366,14,0.59006965,-0.42798266,5.1048546,9088.678191,1.148148148,49.88214,6,4.266667,150.9378415
2,25.0972158,91.7347486,15,0.5375554,-0.3808386,1.3814682,33651.23665,2.086419753,50.14763,4,214.46666,417.3822747
2,25.11630314,91.81015619,14,0.68073756,-0.50682944,2.9623935,15679.40669,0.913580247,52.62562,4,118.73333,1141.837449
2,25.06171941,91.70575298,11,0.24170159,-0.18892775,0.92740995,50146.40701,-0.730769231,50.14763,4,25.233334,384.9420807
2,25.01883144,91.78519849,13,0.48793206,-0.3398064,4.9378886,9398.953566,0.358024691,51.36942,6,50.7,703.1750364
2,25.13970446,91.74770153,24,0.44626227,-0.35584837,0.92740995,50115.07835,1.355263158,51.416935,4,16.433332,29.30488887
2,25.10644024,91.72497534,11,0.5188018,-0.29027143,0,0,-0.333333333,51.416935,4,556.3333,558.4128356
2,25.03481033,91.8191514,16,0.56534314,-0.42861307,4.2296777,10978.5669,1.938271605,51.375427,6,296.86667,389.9198185
2,25.03587172,91.83799531,12,0.43891677,-0.33021307,3.2046711,14501.15001,-1.740740741,51.375427,6,241.23334,105.6098455
2,25.13934135,91.74964412,23,0.50608546,-0.3956326,2.761852,16816.78595,2.641975309,51.416935,4,14.533334,51.00790719
2,25.02062851,91.79352176,13,0.42102504,-0.2633233,1.3809937,33683.37054,-0.765432099,51.36942,6,62.166668,91.7159979
2,25.14759432,91.78485594,16,0.49123788,-0.28746277,3.0708754,15120.72368,1.259259259,51.92634,4,417.23334,109.4847769
2,25.05487458,91.71680402,12,-0.014229689,0.18887235,2.9622166,15688.04572,1.456790123,50.14763,4,14.7,173.7388707
2,25.07702219,91.75137802,10,0.40001893,-0.28064406,0,0,-1.802469136,51.48252,4,5.233333,605.4459055
2,25.09297312,91.81227816,12,0.007064602,0.17713426,2.0474234,22701.18239,-0.271604938,51.454678,4,27.733334,1920.635383
2,25.04167447,91.80600755,17,0.48616263,-0.3446754,2.9621782,15689.90188,3.555555556,51.375427,4,163.76666,14.70475346
2,25.15617699,91.75575562,14,-0.3101142,0.46633872,9.700549,4745.11713,-1.160493827,51.694046,7,0.3,692.4442985
2,25.0964136,91.80380849,10,0.47285154,-0.30461654,2.9623358,15682.21424,-1.617283951,51.454678,4,29.233334,1559.843238
2,25.11204996,91.78629036,14,0.64803267,-0.5036209,2.7615142,16822.51227,1.580246914,51.92634,4,93.666664,417.0340887
2,25.16687155,91.84505251,15,0.51372814,-0.30114862,1.8543341,25052.12768,1.55,49.728397,4,717.63336,451.0069462
2,25.0110915,91.72598546,11,0.4472429,-0.33524945,1.3809354,33687.39575,-0.888888889,49.474915,4,43.233334,168.4009999
2,25.04400137,91.81361969,15,0.4710275,-0.40034193,2.117762,21955.08855,2.802469136,51.375427,4,205.5,156.2010967
2,25.16309572,91.82855967,18,0.5064744,-0.4308886,6.717769,6886.140211,-0.728395062,49.728397,7,408.06668,82.02357256
2,24.99460112,91.67185589,15,0.4777662,-0.23052344,3.4499447,13472.38025,2.530864198,55.934193,6,0.26666668,578.1065752
2,25.12986806,91.77477326,15,0.6209508,-0.41414952,2.7617347,16818.77293,1.395061728,51.92634,4,112.433334,132.9347909
2,25.07157966,91.84635003,11,0.239387,-0.14506932,1.0238621,45417.91688,-0.407407407,51.454678,4,6.6666665,1014.870994
2,25.02337837,91.74997344,12,0.48142195,-0.34142727,1.3810109,33682.23014,0.259259259,49.474915,4,88.8,97.61498912
2,25.05816118,91.70781126,10,-0.056014784,0.24287705,2.117818,21952.05289,-0.024691358,50.14763,4,5.6666665,0.679972918
2,25.02586907,91.78299438,11,0.24980627,-0.10628844,0.92740995,50160.74225,-0.135802469,51.36942,6,7.766667,202.4707015
2,25.04869948,91.7024192,10,0.12345678,-0.12957917,1.381167,33671.61827,-1.740740741,49.474915,4,0.06666667,41.52243661
2,25.04060825,91.75660851,9,-0.19525348,0.36184773,2.0465515,22720.34504,-0.24691358,51.36942,4,90.03333,1081.125447
2,25.11976502,91.84003626,12,0.49844262,-0.36833116,1.8543341,25061.54249,1.185185185,52.62562,4,1.6333333,565.980206
2,25.01541987,91.74593626,12,0.50648946,-0.38818443,2.1176457,21961.34191,-1.012345679,49.474915,6,20.033333,119.2731426
2,25.12498177,91.74601821,22,0.4445694,-0.3520162,1.3816406,33639.56628,0.888888889,51.416935,4,74.166664,204.4724222
2,25.01088465,91.69487311,9,-0.18616888,0.30893618,4.7382183,9797.566907,-0.345679012,49.88214,4,0.033333335,1125.226261
2,25.06080263,91.7993281,11,-0.06627104,0.22626543,1.0237715,45425.84775,1.098765432,51.48252,4,4.0666666,639.0205351
2,25.05347702,91.81970833,10,0.36948538,-0.19413601,2.9622126,15688.23589,-2.382716049,51.454678,6,50.566666,71.62603988
2,25.09432841,91.73820619,13,0.55295414,-0.36885732,2.0474467,22700.67897,1.962962963,50.14763,4,135.73334,522.3716239
2,25.02427162,91.83749488,13,0.45723128,-0.27615774,3.0677884,15150.90434,0.111111111,51.375427,6,531.73334,462.9430459
2,25.04631073,91.71199232,9,0.059919443,0.10138742,4.8049874,9658.077063,-0.037037037,49.474915,4,3.4666667,491.9066986
2,25.08026339,91.79257633,10,0.3515617,-0.18634853,1.023934,45411.59963,-1.271604938,51.48252,6,11.333333,419.1178325
2,25.04928334,91.76492591,13,-0.047224544,0.20212765,3.8428586,12086.09963,1.345679012,51.36942,4,5.633333,402.8981738
2,25.07836651,91.77413988,12,0.26141435,-0.111139275,3.8429232,12083.08813,-1.061728395,51.48252,6,12.066667,363.1583811
2,25.12980492,91.77073796,17,0.4231744,-0.25243208,3.7047918,12529.77095,1.37037037,51.92634,4,61.933334,258.5644558
2,25.15141096,91.71987908,14,0.35609925,-0.1652148,0,0,-0.857142857,51.59333,7,420.33334,1105.901803
2,25.06349232,91.7653953,8,0.43533576,-0.31975174,4.2299094,10975.43881,-2.703703704,51.48252,4,22.666666,475.241488
2,25.01585622,91.69577915,8,0.4188536,-0.33931637,2.7603264,16842.69252,-1.716049383,49.88214,4,2.1666667,698.4592528
2,25.09763524,91.73976499,11,0.57916313,-0.38064066,5.6401196,8217.315018,-1.160493827,50.14763,4,175.76666,209.4413304
2,25.11981824,91.83353821,13,0.2366843,-0.05953461,2.962403,15678.91737,2.740740741,52.62562,4,0.3,35.67130908
2,25.04542755,91.80747248,12,0.39863437,-0.24455531,6.3303137,7318.264832,0.185185185,51.375427,6,144.6,220.8498691
2,25.0501128,91.759521,13,0.115572676,0.05494988,2.046709,22716.8845,3.086419753,51.48252,4,19.866667,699.8246561
2,25.14563281,91.82267593,12,0.34921223,-0.21542385,2.7802885,16704.23359,-0.518518519,52.62562,4,67.8,58.85349436
2,25.05292535,91.82167302,15,0.51735765,-0.34792697,2.7607856,16834.89482,0.654320988,51.454678,6,39,4.01655659
2,25.00808918,91.73175891,13,0.55005217,-0.39139065,4.937592,9400.32777,0.530864198,49.474915,4,40.433334,437.9574113
2,25.09659332,91.76648776,14,0.67866457,-0.5163016,2.7613251,16825.73237,1.580246914,51.48252,4,6.1666665,94.44630457
2,25.05698688,91.78895287,15,0.5603285,-0.41547278,3.4505603,13463.26069,2.283950617,51.48252,4,1.0666667,467.1616336
2,25.12656661,91.77593351,15,0.67213106,-0.49403927,2.7616968,16819.43941,0.641975309,51.92634,4,129.76666,178.0082188
2,25.01500367,91.79035441,18,0.6734131,-0.5084789,3.450147,13469.39201,1.395061728,51.36942,4,45.666668,510.7049084
2,25.03374102,91.78122909,12,0.6241146,-0.4900732,3.583044,12966.65038,0.086419753,51.36942,4,16.033333,604.5793605
2,25.0237522,91.72016603,10,0.53226066,-0.42076328,3.842802,12088.7449,-0.185185185,49.474915,4,39,806.6495695
2,25.0390086,91.8061331,15,0.4362517,-0.32557994,1.0235883,45441.89251,0.716049383,51.375427,4,198.43333,65.66229568
2,25.16105203,91.82375586,20,0.44477698,-0.27767086,3.4515913,13448.03458,2.777777778,49.728397,4,346.83334,385.6584362
2,25.1698726,91.82695458,27,0.35057816,-0.2705298,4.1952868,11056.92256,4.49382716,49.728397,4,613.13336,102.8429205
2,25.0957452,91.75719893,20,0.56714785,-0.3428525,3.842962,12081.27372,5.444444444,51.48252,4,45.633335,157.0182651
2,25.00736484,91.69617196,13,0.26573655,-0.13471799,2.1176145,21963.03451,3.172839506,49.88214,4,1.3666667,917.6043482
2,25.02425764,91.80752599,11,0.44936937,-0.26448873,4.229593,10979.70822,-1.172839506,51.375427,6,185.63333,189.8583254
2,25.15213951,91.77902294,21,0.60324615,-0.46941534,2.048419,22679.37464,1.691358025,51.694046,4,266.16666,54.15887555
2,25.05135043,91.81443773,11,-0.11615808,0.29109338,2.0467322,22716.38337,0.098765432,51.454678,4,113.1,204.8118382
2,25.08331827,91.74241698,12,0.042029575,0.06676778,2.2472034,20682.81143,1.12345679,50.14763,4,16.433332,109.759752
2,25.04108051,91.79071216,10,0.5364461,-0.33493575,2.2465615,20695.67006,-2.160493827,51.36942,4,69.6,475.6742002
2,25.1410326,91.80054714,11,0.2908311,-0.037632983,3.2071936,14477.52475,-1.074074074,52.62562,4,250.73334,560.7006262
2,25.02202666,91.71323009,9,0.41197178,-0.3344585,0.92740995,50162.25043,-1.444444444,49.474915,7,2.4333334,789.5720864
2,25.13188509,91.73424508,14,0.44223204,-0.24188781,1.3816837,33636.62745,0.382716049,51.416935,4,205.93333,108.2679346
2,25.16099651,91.77381661,14,0.45402765,-0.37992278,4.4898753,10329.50372,-2.222222222,51.694046,4,145.73334,214.6708397
2,25.06444259,91.81569497,16,0.65069836,-0.48924085,8.586117,5376.198178,2.197530864,51.454678,4,26.133333,621.2496874
2,25.06123096,91.82656879,12,-0.3867051,0.51711184,8.017711,5763.060552,1.938271605,51.454678,7,0.13333334,302.6750712
2,25.15230071,91.8373312,12,0.22496736,-0.07445429,2.048419,22679.37464,0.358024691,49.728397,4,245.4,202.6384884
2,25.15512699,91.81722556,15,0.47599685,-0.2675207,1.3818288,33626.84992,1.580246914,49.728397,4,230.96666,1076.41543
2,25.05773072,91.79751611,10,-0.110009,0.21052814,3.0686207,15142.75093,-0.62962963,51.48252,4,14.733334,294.1891268
2,25.09397951,91.74174679,14,0.56704307,-0.3805467,4.230153,10972.1348,2.814814815,50.14763,4,108.333336,222.8607395
2,25.11792044,91.80474741,13,0.41959834,-0.29738653,0.92740995,50123.8371,0.641975309,52.62562,4,186.46666,579.1473227
2,25.05430372,91.83473784,11,0.16822095,-0.09813612,1.3812032,33669.21599,0.074074074,51.454678,4,11.333333,897.7594001
2,25.11295521,91.82306102,12,0.6293094,-0.48541158,1.3815646,33644.68062,-0.197530864,52.62562,4,23.533333,900.5704877
2,25.1332971,91.79098364,11,0.07785548,0.0943036,1.3816923,33636.05656,-0.790123457,51.92634,4,456.43332,380.909353
2,25.02285334,91.6797855,14,0.45430765,-0.2891166,2.117676,21959.70878,0.567901235,49.88214,4,0.33333334,251.3037169
2,24.99235355,91.68510184,9,0.45272067,-0.29024395,1.0232018,45475.9455,-3,55.934193,6,3,329.2645596
2,25.10170065,91.83895583,8,-0.22154227,0.42207682,0,0,-0.567901235,52.62562,4,2.1666667,701.6297622
2,25.15176079,91.83084483,15,0.16343935,-0.1749193,5.192225,8926.725794,1.530864198,49.728397,4,173.93333,177.3451982
2,25.02272488,91.76521029,8,-0.14603452,0.28324884,1.3810074,33682.4588,-2.333333333,51.36942,6,31.766666,245.9186121
2,25.03162024,91.71490855,9,0.1315228,0.05632322,4.485951,10349.27497,1.061728395,49.474915,7,8.566667,168.2125949
2,25.13355867,91.81779569,13,0.3577917,-0.22904433,2.1181233,21935.65042,0.419753086,52.62562,4,9.933333,805.7085143
2,25.11148153,91.78574923,15,0.60955375,-0.43253562,2.2476306,20674.19815,2.567901235,51.92634,4,92.333336,473.3215739
2,25.04055649,91.68903063,12,0.44096598,-0.3017289,2.7606313,16837.50273,-0.938271605,49.88214,4,1.2333333,30.90672612
2,24.98900064,91.70022483,16,0.59793866,-0.45236367,1.0231718,45478.54887,0.271604938,54.57589,4,5.766667,362.7939387
2,25.08496519,91.83007294,11,0.67694324,-0.47925124,0.92740995,50137.01859,-1.432098765,51.454678,4,5.1,46.24908022
2,25.01982151,91.71121478,10,-0.2120327,0.3738686,7.51696,6153.89563,0.185185185,49.474915,7,0.6,736.5484036
2,25.15491156,91.76682357,13,-0.24610771,0.325113,8.531678,5407.101731,-1.333333333,51.694046,7,61.766666,47.01312738
2,25.08947278,91.84935311,11,0.47490814,-0.37357175,1.0240108,45404.87187,-1.419753086,51.454678,4,11.533334,1092.698892
2,25.06183008,91.77087782,11,0.57444257,-0.3930281,0,0,-0.913580247,51.48252,4,19.333334,1009.478755
2,25.10598979,91.72826901,12,0.48987293,-0.31307143,2.761442,16823.75024,-1.864197531,51.416935,4,488.16666,305.5293902
2,25.13469695,91.73017713,13,0.2327918,-0.20243277,3.7047918,12529.28362,-2.037037037,51.416935,4,248.43333,6.593801814
2,25.12940682,91.772418,21,0.5581553,-0.45325127,2.2479017,20668.76055,4.197530864,51.92634,4,80.066666,117.0373015
2,25.14338642,91.83770438,13,-0.12930742,0.32664907,2.9624712,15675.61206,0.87654321,52.62562,6,135.76666,243.8672256
2,25.08185697,91.82026815,12,0.65862393,-0.50209427,3.5840771,12957.91299,-0.419753086,51.454678,4,24.066668,711.2088828
2,25.1199991,91.80535311,11,0.5213264,-0.3271043,2.2477617,20671.56489,-0.481481481,52.62562,4,201.23334,532.4283308
2,25.04349209,91.78211863,17,0.42785177,-0.31736282,3.5832577,12964.84413,3.530864198,51.36942,6,36.6,322.057617
2,25.05709575,91.7167607,12,0.42736167,-0.2623967,1.8543341,25074.12071,1.209876543,50.14763,4,28.033333,399.7083825
2,25.16172804,91.75146388,17,0.2954384,-0.24192816,7.520906,6143.665027,-0.308641975,51.694046,7,2.4333334,707.1668772
2,24.98345501,91.72103631,13,0.20904873,-0.034002043,0.92740995,50177.6414,2.6875,54.57589,4,2.7,162.0333977
2,25.09904606,91.72148339,12,-0.05898212,0.26313013,1.8543341,25065.7013,2.148148148,50.14763,4,480,219.8111126
2,25.06868929,91.74040866,12,0.4815028,-0.3990698,2.760978,16831.62017,0.827160494,50.14763,4,73.23333,109.8434232
2,25.12048366,91.84873035,13,0.5137753,-0.36709106,4.4886346,10335.73957,0.617283951,52.62562,4,9.233334,1347.048015
2,25.11372713,91.76436551,21,0.54687893,-0.4024516,3.4511204,13454.98493,2.135802469,51.92634,4,112.86667,299.0276281
2,25.03751751,91.67824184,10,0.43913332,-0.3255838,1.0235767,45442.99355,-2.098765432,49.88214,4,1.6666666,110.0765987
2,25.02199187,91.77509984,11,-0.06994412,0.22768603,3.2043395,14504.24241,-0.839506173,51.36942,4,72.433334,583.035865
2,25.13133873,91.81838188,9,0.06432085,0.08505449,1.3816803,33636.85589,-2.160493827,52.62562,4,8.033334,908.3754687
2,25.03101876,91.69696399,12,0.3090909,-0.12227227,2.2464054,20698.80154,1.728395062,49.88214,4,12.066667,567.3334297
2,25.10985351,91.72059189,10,0.5030895,-0.3455053,0.92740995,50127.07969,-0.345679012,51.416935,4,744.8333,986.1163079
2,25.12961464,91.79135815,12,0.02540328,0.11520003,4.0908537,11343.86108,0.061728395,51.92634,4,393.6,259.6991956
2,25.17205386,91.82715595,27,0.5703567,-0.43602166,0.92740995,50102.08916,2.987654321,49.728397,4,687.26666,73.55700259
2,25.1669915,91.80628124,21,0.56181926,-0.45946667,2.2484787,20657.20384,-0.382716049,49.728397,4,648.9667,138.6131266
2,24.99759382,91.72512544,8,0.19046031,-0.11067209,6.116769,7578.707376,-3.617283951,54.57589,4,116.333336,8.013905848
2,25.06818679,91.79890207,13,0.39689803,-0.22695684,2.246971,20687.44689,1.604938272,51.48252,4,5.633333,1016.32873
2,25.09695121,91.7733231,12,0.41552195,-0.22613257,2.2474105,20678.63211,0.75308642,51.48252,4,5.9333334,0.40984985
2,25.13669238,91.72264639,22,-0.19364534,0.3854712,1.381713,33634.6784,1.827160494,51.416935,4,404.53333,375.2167615
